[{"headers":[],"offset":3663,"partition":0,"key":"NDMw","value":{"header":{"messageTimeStamp":"2022-04-08T20:14:49.512652500Z","eventKey":"ER_-RBHM-22-06291","applicationKey":"iPlan","eventType":"CREATE"},"recordData":{"city":"MONROE","faassociatedDescription":"FA_DESC","latitude":32.506908,"iPlanJobNumber":"ER_-RBHM-22-06291","county":"OUACHITA","siteName":"LAL03379","usid":"9233","faLocationCode":"10072589","associatedFA":"FACD","road":"2024-06-28","vendor":"Ericsson","state":"LA","band":"DoD","jobType":"Capital","productDescription":"5G NR Single Band Radio installed by C&E at macro cell site","longitude":-92.122429,"jobName":"AWE - US 80 RIVERSIDE 5G NR Radio; 5G NR 1SR CBand; 10072589; ATAS# RBHM-2202-04556","bandwidth":40,"modCd":"AAM17","oraclePTN":"Oracle_PTN1","productGroup":"5G NR Radio","productSubgroup":"5G NR 1SR CBand","spectrum":"DoD 3.45 GHz E+F+G+H (40 MHz) Band n77","cfasProjectNumber":"CFNUM","IssuedMilestoneDate":"2024-06-28","status":"Locked"}}},{"headers":[],"offset":3664,"partition":0,"key":"NDMx","value":{"header":{"messageTimeStamp":"2022-04-08T20:14:49.512652500Z","eventKey":"ER_-RBHM-22-06292","applicationKey":"iPlan","eventType":"CREATE"},"recordData":{"city":"MONROE","faassociatedDescription":"FA_DESC","latitude":32.506908,"iPlanJobNumber":"ER_-RBHM-22-06292","county":"OUACHITA","siteName":"LAL03379","usid":"9233","faLocationCode":"10072589","associatedFA":"FACD","road":"2024-06-28","vendor":"Ericsson","state":"LA","band":"1900","jobType":"Capital","productDescription":"Upgrade Radio to 5G NR - new radio","longitude":-92.122429,"jobName":"AWE - US 80 RIVERSIDE Cell Site RF Modifications; 5G NR Upgrade; 10072589; ATAS# RBHM-2202-04558","bandwidth":5,"modCd":"AAHRS","oraclePTN":"Oracle_PTN1","productGroup":"Cell Site RF Modifications","productSubgroup":"5G NR Upgrade","spectrum":"PCS MHz D (5Mhz) E-UTRA Band 2","cfasProjectNumber":"CFNUM","IssuedMilestoneDate":"2024-06-28","status":"Locked"}}},{"headers":[],"offset":3665,"partition":0,"key":"NDMy","value":{"header":{"messageTimeStamp":"2022-04-08T20:14:49.512652500Z","eventKey":"ER_-RBHM-22-06310","applicationKey":"iPlan","eventType":"CREATE"},"recordData":{"city":"PINEVILLE","faassociatedDescription":"FA_DESC","latitude":31.319139,"iPlanJobNumber":"ER_-RBHM-22-06310","county":"RAPIDES","siteName":"LAL02304","usid":"39088","faLocationCode":"10072628","associatedFA":"FACD","road":"2024-06-28","vendor":"Ericsson","state":"LA","band":"CBand","jobType":"Capital","productDescription":"5G NR Single Band Radio installed by C&E at macro cell site","longitude":-92.431306,"jobName":"AWE - FOSTER PROPERTY (TC/SBA) 5G NR Radio; 5G NR 1SR CBand; 10072628; ATAS# RBHM-2202-04246","bandwidth":80,"modCd":"AAM0N","productGroup":"5G NR Radio","productSubgroup":"5G NR 1SR CBand","spectrum":"CBAND 4 GHz B4+B5+C1+C2 (80MHz) Band n77","cfasProjectNumber":"CFNUM","IssuedMilestoneDate":"2024-06-28","status":"Locked"}}},{"headers":[],"offset":3666,"partition":0,"key":"NDMz","value":{"header":{"messageTimeStamp":"2022-04-08T20:14:49.512652500Z","eventKey":"ER_-RBHM-2* TLSv1.3 (IN), TLS Unknown, Unknown (23):
* TLSv1.3 (IN), TLS Unknown, Unknown (23):
2-06311","applicationKey":"iPlan","eventType":"CREATE"},"recordData":{"city":"PINEVILLE","faassociatedDescription":"FA_DESC","latitude":31.319139,"iPlanJobNumber":"ER_-RBHM-22-06311","county":"RAPIDES","siteName":"LAL02304","usid":"39088","faLocationCode":"10072628","associatedFA":"FACD","road":"2024-06-28","vendor":"Ericsson","state":"LA","band":"DoD","jobType":"Capital","productDescription":"5G NR Single Band Radio installed by C&E at macro cell site","longitude":-92.431306,"jobName":"AWE - FOSTER PROPERTY (TC/SBA) 5G NR Radio; 5G NR 1SR CBand; 10072628; ATAS# RBHM-2202-04247","bandwidth":40,"modCd":"AAM17","oraclePTN":"Oracle_PTN1","productGroup":"5G NR Radio","productSubgroup":"5G NR 1SR CBand","spectrum":"DoD 3.45 GHz C+D+E+F (40 MHz) Band n77","cfasProjectNumber":"CFNUM","IssuedMilestoneDate":"2024-06-28","status":"Locked"}}},{"headers":[],"offset":3667,"partition":0,"key":"NDM0","value":{"header":{"messageTimeStamp":"2022-04-08T20:14:49.512652500Z","eventKey":"ER_-RBHM-22-06320","applicationKey":"iPlan","eventType":"CREATE"},"recordData":{"city":"ALEXANDRIA","faassociatedDescription":"FA_DESC","latitude":31.292389,"iPlanJobNumber":"ER_-RBHM-22-06320","county":"RAPIDES","siteName":"LAL02303","usid":"39087","faLocationCode":"10072763","associatedFA":"FACD","road":"2024-06-28","vendor":"Ericsson","state":"LA","band":"CBand","jobType":"Capital","productDescription":"5G NR Single Band Radio installed by C&E at macro cell site","longitude":-92.452836,"jobName":"AWE - LEE STREET 5G NR Radio; 5G NR 1SR CBand; 10072763; ATAS# RBHM-2202-04243","bandwidth":80,"modCd":"AAM0N","oraclePTN":"Oracle_PTN1","productGroup":"5G NR Radio","productSubgroup":"5G NR 1SR CBand","spectrum":"CBAND 4 GHz B4+B5+C1+C2 (80MHz) Band n77","cfasProjectNumber":"CFNUM","IssuedMilestoneDate":"2024-06-28","status":"Locked"}}},{"headers":[],"offset":3668,"partition":0,"key":"OTMw","value":{"header":{"messageTimeStamp":"2022-04-08T20:14:58.540095700Z","eventKey":"ER_-RBHM-22-06291","applicationKey":"iPlan","eventType":"UPDATE"},"recordData":{"productGroup":null,"road":null,"bandwidth":0,"cfasProjectNumber":"MA14ZB9","iPlanJobNumber":"ER_-RBHM-22-06291","jobType":null,"status":"Locked"}}},{"headers":[],"offset":3669,"partition":0,"key":"OTMx","value":{"header":{"messageTimeStamp":"2022-04-08T20:14:58.540095700Z","eventKey":"ER_-RBHM-22-06292","applicationKey":"iPlan","eventType":"UPDATE"},"recordData":{"productGroup":null,"road":null,"bandwidth":0,"cfasProjectNumber":"MA14ZB9","iPlanJobNumber":"ER_-RBHM-22-06292","jobType":null,"status":"Suspended"}}},{"headers":[],"offset":3670,"partition":0,"key":"OTMy","value":{"header":{"messageTimeStamp":"2022-04-08T20:14:58.540095700Z","eventKey":"ER_-RBHM-22-06310","applicationKey":"iPlan","eventType":"UPDATE"},"recordData":{"productGroup":null,"road":null,"bandwidth":0,"cfasProjectNumber":"MA14XVW","iPlanJobNumber":"ER_-RBHM-22-06310","jobType":null,"status":"Locked"}}},{"headers":[],"offset":3671,"partition":0,"key":"OTM0","value":{"header":{"messageTimeStamp":"2022-04-08T20:14:58.540095700Z","eventKey":"ER_* TLSv1.3 (IN), TLS Unknown, Unknown (23):
* Connection #0 to host app-iebus.stage.att.com left intact
-RBHM-22-06320","applicationKey":"iPlan","eventType":"UPDATE"},"recordData":{"productGroup":null,"road":null,"bandwidth":0,"cfasProjectNumber":"MA14YDP","iPlanJobNumber":"ER_-RBHM-22-06320","jobType":null,"status":"Locked"}}},{"headers":[],"offset":3672,"partition":0,"key":"MTAwMQ==","value":{"header":{"messageTimeStamp":"2022-04-08T20:14:58.540095700Z","eventKey":"ER_-RBHM-22-06291","applicationKey":"iPlan","eventType":"UPDATE"},"recordData":{"modCd":"AAM17","productGroup":"5G NR Radio","road":"2024-06-28","bandwidth":40,"cfasProjectNumber":"MA14YDP","productSubgroup":"5G NR 1SR CBand","spectrum":"DoD 3.45 GHz E+F+G+H (40 MHz) Band n77","iPlanJobNumber":"ER_-RBHM-22-06291","band":"DoD","jobType":"Capital","productDescription":"5G NR Single Band Radio installed by C at macro cell site","status":"Locked"}}}]c