{
  "gridOptions": {
    "suppressHorizontalScroll": false,
    "rowModelType": "serverSide",
    "rowSelection": "multiple",
    "suppressRowClickSelection": true,
    "suppressCellSelection": true,
    "suppressCapitalization": true,
    "columnDefs": [
      {
        "headerName": "",
        "field": "checkbox",
        "headerComponent": "gxAgGridSelectAllCheckBox",
        "headerCheckboxSelection": true,
        "checkboxSelection": true,
        "suppressMovable": true,
        "lockPosition": true
      },
      {
        "headerName": "RCP_JOB_NUMBER",
        "field": "referenceId",
        "cellRenderer": "gxAgGridTooltip",
        "width": 200,
        "sortable": true,
        "index": 14,
        "pinned": ""
      },
      {
        "headerName": "RCP_JOB_NAME",
        "field": "name",
        "cellRenderer": "gxAgGridTooltip",
        "width": 200,
        "sortable": true,
        "index": 15,
        "pinned": ""
      },
      {
        "headerName": "BUSINESS_GROUP",
        "field": "projectEntity.technology.name",
        "cellRenderer": "gxAgGridTooltip",
        "width": 220,
        "sortable": true,
        "index": 4,
        "pinned": ""
      },
      {
        "headerName": "JOB_TEMPLATE_NAME",
        "field": "siteJobTemplateName",
        "cellRenderer": "gxAgGridTooltip",
        "width": 200,
        "sortable": true,
        "index": 16,
        "pinned": ""
      },
      {
        "headerName": "ACE_MARKET",
        "field": "projectEntity.salesL3.name",
        "cellRenderer": "gxAgGridTooltip",
        "width": 200,
        "sortable": true,
        "index": 2,
        "pinned": ""
      },
      {
        "headerName": "FA_LOCATION_CODE",
        "field": "projectEntity.siteIdentifier",
        "cellRenderer": "gxAgGridTooltip",
        "width": 200,
        "sortable": true,
        "index": 7,
        "pinned": ""
      },
      {
        "headerName": "USID",
        "field": "projectEntity.sarfId",
        "cellRenderer": "gxAgGridTooltip",
        "width": 200,
        "sortable": true,
        "index": 8,
        "pinned": ""
      },
      {
        "headerName": "CLLIPSA",
        "field": "identifier9",
        "cellRenderer": "gxAgGridTooltip",
        "width": 200,
        "sortable": true,
        "index": 2,
        "pinned": ""
      },
      {
        "headerName": "CLLI",
        "field": "projectEntity.customTextField2",
        "cellRenderer": "gxAgGridTooltip",
        "width": 200,
        "sortable": true,
        "index": 6,
        "pinned": ""
      },
      {
        "headerName": "PLANNED_END_DATE",
        "field": "plannedEndDate",
        "cellRenderer": "gxAgGridDateAndTime",
        "width": 200,
        "sortable": true,
        "index": 23,
        "pinned": ""
      },
      {
        "headerName": "ACTUAL_END_DATE",
        "field": "actualEndDate",
        "cellRenderer": "gxAgGridDateAndTime",
        "width": 200,
        "sortable": true,
        "index": 25,
        "pinned": ""
      },
      {
        "headerName": "ACE_REGION",
        "field": "projectEntity.salesL2.name",
        "cellRenderer": "gxAgGridTooltip",
        "width": 200,
        "sortable": true,
        "index": 1,
        "pinned": ""
      },
      {
        "headerName": "ACE_SUBMARKET",
        "field": "projectEntity.salesL4.name",
        "cellRenderer": "gxAgGridTooltip",
        "sortable": true,
        "width": 200,
        "index": 3,
        "pinned": ""
      },
      {
        "headerName": "CLLIDA",
        "field": "siteJobCustomField.siteJobTextField17",
        "cellRenderer": "gxAgGridTooltip",
        "width": 200,
        "sortable": true,
        "index": 2,
        "pinned": ""
      },
      {
        "headerName": "RCP_SITE_ID",
        "field": "projectEntity.referenceId",
        "cellRenderer": "gxAgGridTooltip",
        "width": 200,
        "sortable": true,
        "index": 5,
        "pinned": ""
      },
      {
        "headerName": "SWC_WIRELINE_OPS_OWNER",
        "field": "identifier8",
        "cellRenderer": "gxAgGridTooltip",
        "width": 200,
        "sortable": true,
        "index": 9,
        "pinned": ""
      },
      {
        "headerName": "ASSOCIATED_FA",
        "field": "identifier1",
        "cellRenderer": "gxAgGridTooltip",
        "width": 200,
        "sortable": true,
        "index": 10,
        "pinned": ""
      },
      {
        "headerName": "CFAS_PROJECT_NUMBER",
        "field": "identifier2",
        "cellRenderer": "gxAgGridTooltip",
        "width": 200,
        "sortable": true,
        "index": 11,
        "pinned": ""
      },
      {
        "headerName": "I_PLAN_JOB_NUMBER",
        "field": "identifier3",
        "cellRenderer": "gxAgGridTooltip",
        "width": 200,
        "sortable": true,
        "index": 12,
        "pinned": ""
      },
      {
        "headerName": "I_PLAN_JOB_STATUS",
        "field": "identifier4",
        "cellRenderer": "gxAgGridTooltip",
        "width": 200,
        "sortable": true,
        "index": 13,
        "pinned": ""
      },
      {
        "headerName": "JOB_SCOPE",
        "field": "jobScope",
        "cellRenderer": "gxAgGridTooltip",
        "width": 200,
        "sortable": true,
        "index": 16,
        "pinned": ""
      },
      {
        "headerName": "VERSION",
        "field": "siteJobTemplateVersion",
        "cellRenderer": "gxAgGridTooltip",
        "width": 200,
        "sortable": true,
        "index": 16,
        "pinned": ""
      },
      {
        "headerName": "MOD_CODE",
        "field": "identifier5",
        "cellRenderer": "gxAgGridTooltip",
        "width": 200,
        "sortable": true,
        "index": 17,
        "pinned": ""
      },
      {
        "headerName": "ORACLE_PTN",
        "field": "identifier6",
        "cellRenderer": "gxAgGridTooltip",
        "width": 200,
        "sortable": true,
        "index": 18,
        "pinned": ""
      },
      {
        "headerName": "PACE_JOB_NUMBER",
        "field": "identifier7",
        "cellRenderer": "gxAgGridTooltip",
        "width": 200,
        "sortable": true,
        "index": 19,
        "pinned": ""
      },
      {
        "headerName": "JOB_TYPE",
        "field": "siteJobType.name",
        "cellRenderer": "gxAgGridTooltip",
        "width": 200,
        "sortable": true,
        "index": 20,
        "pinned": ""
      },
      {
        "headerName": "SITE_ACQUISITION_SUPPLIER",
        "field": "identifier10",
        "cellRenderer": "gxAgGridTooltip",
        "width": 200,
        "sortable": true,
        "index": 21,
        "pinned": ""
      },
      {
        "headerName": "PLANNED_START_DATE",
        "field": "plannedStartDate",
        "cellRenderer": "gxAgGridDateAndTime",
        "width": 200,
        "sortable": true,
        "index": 22,
        "pinned": ""
      },
      {
        "headerName": "ACTUAL_START_DATE",
        "field": "actualStartDate",
        "cellRenderer": "gxAgGridDateAndTime",
        "width": 200,
        "sortable": true,
        "index": 24,
        "pinned": ""
      },
      {
        "headerName": "DRIVER",
        "field": "siteJobCustomField.siteJobTextField2",
        "cellRenderer": "gxAgGridTooltip",
        "width": 200,
        "sortable": true,
        "index": 26,
        "pinned": ""
      },
      {
        "headerName": "TOTAL_FIBER_LU",
        "field": "siteJobCustomField.siteJobTextField3",
        "cellRenderer": "gxAgGridTooltip",
        "width": 200,
        "sortable": true,
        "index": 27,
        "pinned": ""
      },
      {
        "headerName": "NATIONAL_PROGRAM",
        "field": "siteJobCustomField.siteJobTextField15",
        "cellRenderer": "gxAgGridTooltip",
        "width": 200,
        "sortable": true,
        "index": 33,
        "pinned": ""
      },
      {
        "headerName": "CIVIL_SUPPLIER",
        "field": "siteJobCustomField.siteJobTextField7",
        "cellRenderer": "gxAgGridTooltip",
        "width": 200,
        "sortable": true,
        "index": 33,
        "pinned": ""
      },
      {
        "headerName": "EQUIPMENT_SUPPLIER",
        "field": "siteJobCustomField.siteJobTextField9",
        "cellRenderer": "gxAgGridTooltip",
        "width": 200,
        "sortable": true,
        "index": 33,
        "pinned": ""
      },
      {
        "headerName": "INTEGRATION_SUPPLIER",
        "field": "siteJobCustomField.siteJobTextField10",
        "cellRenderer": "gxAgGridTooltip",
        "width": 200,
        "sortable": true,
        "index": 33,
        "pinned": ""
      },
      {
        "headerName": "OPTIMIZATION_SUPPLIER",
        "field": "siteJobCustomField.siteJobTextField11",
        "cellRenderer": "gxAgGridTooltip",
        "width": 200,
        "sortable": true,
        "index": 33,
        "pinned": ""
      },
      {
        "headerName": "JOB_CATEGORIES",
        "field": "type",
        "cellRenderer": "gxAgGridTooltip",
        "width": 200,
        "sortable": true,
        "index": 33,
        "pinned": ""
      },
      {
        "headerName": "PRIMARY_JOB",
        "field": "primaryReferenceId",
        "cellRenderer": "gxAgGridTooltip",
        "width": 200,
        "sortable": true,
        "index": 33,
        "pinned": ""
      },
      {
        "headerName": "PM1",
        "field": "siteJobCustomField.siteJobTextField12",
        "cellRenderer": "gxAgGridTooltip",
        "width": 200,
        "sortable": true,
        "index": 33,
        "pinned": ""
      },
      {
        "headerName": "PM2",
        "field": "siteJobCustomField.siteJobTextField13",
        "cellRenderer": "gxAgGridTooltip",
        "width": 200,
        "sortable": true,
        "index": 33,
        "pinned": ""
      },
      {
        "headerName": "PM3",
        "field": "siteJobCustomField.siteJobTextField14",
        "cellRenderer": "gxAgGridTooltip",
        "width": 200,
        "sortable": true,
        "index": 33,
        "pinned": ""
      },
      {
        "headerName": "JOB_STATUS",
        "field": "status",
        "cellRenderer": "gxAgGridTooltip",
        "width": 200,
        "sortable": true,
        "index": 36,
        "pinned": ""
      },
      {
        "headerName": "SWC",
        "field": "projectEntity.customTextField7",
        "cellRenderer": "gxAgGridTooltip",
        "width": 200,
        "sortable": true,
        "index": 6
      },
      {
        "headerName": "ACTION",
        "field": "id",
        "pinned": "right",
        "cellRenderer": "gxAgGridMenuButton",
        "sortable": false,
        "suppressMovable": true,
        "lockPosition": true,
        "index": 34
      }
    ]
  },
  "headerOptions": {
    "suppressViewSwitch": true,
    "refreshMenuConfig": {
      "dropdownList": [
        "10s",
        "30s",
        "1m",
        "1h"
      ],
      "suppressRefreshMenu": false,
      "suppressDropdown": true
    }
  },
  "componentOptions": {
    "suppressTableOptions": false,
    "exportOptions": {
      "fileName": "Job Grid Export",
      "rowHeight": "40px",
      "columnKeys": [
        "projectEntity.salesL2.name",
        "projectEntity.salesL3.name",
        "projectEntity.salesL4.name",
        "identifier9",
        "projectEntity.technology.name",
        "projectEntity.referenceId",
        "projectEntity.customTextField2",
        "projectEntity.siteIdentifier",
        "projectEntity.sarfId",
        "identifier8",
        "identifier1",
        "identifier2",
        "identifier3",
        "identifier4",
        "referenceId",
        "name",
        "jobScope",
        "siteJobTemplateName",
        "siteJobTemplateVersion",
        "identifier5",
        "identifier6",
        "identifier7",
        "siteJobType.name",
        "identifier10",
        "plannedStartDate",
        "plannedEndDate",
        "actualStartDate",
        "actualEndDate",
        "siteJobCustomField.siteJobTextField2",
        "siteJobCustomField.siteJobTextField3",
        "siteJobCustomField.siteJobTextField15",
        "siteJobCustomField.siteJobTextField7",
        "siteJobCustomField.siteJobTextField9",
        "siteJobCustomField.siteJobTextField10",
        "siteJobCustomField.siteJobTextField11",
        "type",
        "primaryReferenceId",
        "siteJobCustomField.siteJobTextField12",
        "siteJobCustomField.siteJobTextField13",
        "siteJobCustomField.siteJobTextField14",
        "status"
      ]
    },
    "defaultView": "List"
  },
  "apiOptions": {
    "apiConfig": {
      "countConfig": {
        "context": "WORKORDER",
        "url": "/SiteJob/getSearchRecordCount",
        "countKey": "totalCount",
        "queryParamsUrl": "$totalCount&$_s",
        "fiqlKey": "_s",
        "defaultFiql": "id=ge=0;",
        "quickFilterFiql": "(projectEntity.salesL3.name=='*$_s*',projectEntity.siteIdentifier=='*$_s*',jobScope=='*$_s*',siteJobType.name=='*$_s*',name=='*$_s*',referenceId=='*$_s*',projectEntity.sarfId=='*$_s*')",
        "suppressNullValues": true,
        "suppressDefaultFiqlOnApply": false,
        "requestType": "GET",
        "params": {}
      },
      "dataConfig": {
        "context": "WORKORDER",
        "lLimitKey": "llimit",
        "uLimitKey": "ulimit",
        "url": "/SiteJob/searchList",
        "dataKey": "data",
        "fiqlKey": "_s",
        "params": {
          "orderBy": "modifiedTime",
          "orderType": "desc"
        },
        "defaultFiql": "id=ge=0;",
        "queryParamsUrl": "$data&$_s&$orderBy&$orderType&$llimit&$ulimit",
        "requestType": "GET",
        "suppressNullValues": true,
        "suppressDefaultFiqlOnApply": false,
        "quickFilterFiql": "(projectEntity.salesL3.name=='*$_s*',projectEntity.siteIdentifier=='*$_s*',jobScope=='*$_s*',siteJobType.name=='*$_s*',name=='*$_s*',referenceId=='*$_s*',projectEntity.sarfId=='*$_s*')"
      }
    }
  },
  "footerOptions": {},
  "filterOptions": {
    "bookmarkConfig": {
      "enableBookmark": true,
      "bookmarkType": "SITE_WORKORDER_JOB_AGGRID"
    },
    "filterConfig": [
      {
        "type": "select",
        "label": "ACE_MARKET",
        "isDefaultOption": true,
        "key": "projectEntity.salesL3.name",
        "optionList": [],
        "apiConfig": {
          "rest": "SalesL3/searchWithLimitAndOrderBy?_s=(id=ge=0)&llimit=0&ulimit=498&orderBy=name&orderType=asc",
          "type": "GET",
          "context": "GEOGRAPHY",
          "dataKey": "name",
          "dataType": "object",
          "valuekey": "projectEntity.salesL3.name"
        },
        "filterType": "quick"
      },
      {
        "type": "select",
        "label": "ACE_REGION",
        "isDefaultOption": true,
        "key": "projectEntity.salesL2.name",
        "apiConfig": {
          "rest": "SalesL2/searchWithLimitAndOrderBy?_s=(id=ge=0)&llimit=0&ulimit=498&orderBy=name&orderType=asc",
          "type": "GET",
          "context": "GEOGRAPHY",
          "dataKey": "name",
          "dataType": "object",
          "valuekey": "projectEntity.salesL2.name"
        },
        "filterType": "quick"
      },
      {
        "type": "select",
        "label": "ACE_SUBMARKET",
        "isDefaultOption": true,
        "key": "projectEntity.salesL4.name",
        "optionList": [],
        "apiConfig": {
          "rest": "SalesL4/searchWithLimitAndOrderBy?_s=(id=ge=0)&llimit=0&ulimit=498&orderBy=name&orderType=asc",
          "type": "GET",
          "context": "GEOGRAPHY",
          "dataKey": "name",
          "dataType": "object",
          "params": []
        },
        "filterType": "quick"
      },
      {
        "label": "ACTUAL_START_DATE_AND_END_DATE",
        "key": "actualStartDate",
        "endDateKey": "actualEndDate",
        "type": "daterangepicker",
        "format": "YYYY-MM-DD HH:mm:ss",
        "enableFutureDate": true,
        "hour": 23,
        "minute": 59,
        "second": 59,
        "filterType": "quick"
      },
      {
        "label": "ASSOCIATED_FA",
        "key": "identifier1",
        "type": "autocomplete",
        "filterType": "quick",
        "loaderEnable": true,
        "apiConfig": {
          "context": "WORKORDER",
          "rest": "/SiteJob/search?_s=(identifier1=='*$ID*')&llimit=0&ulimit=49&orderBy=referenceId&orderType=asc",
          "type": "GET",
          "dataType": "object",
          "dataKey": "identifier1",
          "valueKey": "identifier1",
          "params": [
            {
              "key": "ID",
              "fromSearch": true
            }
          ]
        }
      },
      {
        "type": "select",
        "label": "BUSINESS_GROUP",
        "isDefaultOption": true,
        "key": "projectEntity.technology.name",
        "apiConfig": {
          "rest": "Technology/search?_s=(id=ge=0)&orderBy=modifiedTime&orderType=desc&ulimit=399&llimit=0",
          "context": "SITE_MGMT",
          "dataType": "object",
          "dataKey": "name",
          "valuekey": "projectEntity.technology.name",
          "type": "GET"
        },
        "filterType": "quick"
      },
      {
        "label": "CFAS_PROJECT_NUMBER",
        "key": "identifier2",
        "type": "autocomplete",
        "filterType": "quick",
        "loaderEnable": true,
        "apiConfig": {
          "context": "WORKORDER",
          "rest": "/SiteJob/search?_s=(identifier2=='*$ID*')&llimit=0&ulimit=49&orderBy=referenceId&orderType=asc",
          "type": "GET",
          "dataType": "object",
          "dataKey": "identifier2",
          "valueKey": "identifier2",
          "params": [
            {
              "key": "ID",
              "fromSearch": true
            }
          ]
        }
      },
      {
        "label": "CIVIL_SUPPLIER",
        "key": "siteJobCustomField.siteJobTextField7",
        "type": "autocomplete",
        "filterType": "quick",
        "loaderEnable": true,
        "apiConfig": {
          "context": "WORKORDER",
          "rest": "/SiteJob/search?_s=(siteJobCustomField.siteJobTextField7=='*$ID*')&llimit=0&ulimit=49&orderBy=referenceId&orderType=asc",
          "type": "GET",
          "dataType": "object",
          "dataKey": "siteJobCustomField.siteJobTextField7",
          "valueKey": "siteJobCustomField.siteJobTextField7",
          "params": [
            {
              "key": "ID",
              "fromSearch": true
            }
          ]
        }
      },
      {
        "label": "CLLI",
        "key": "projectEntity.customTextField2",
        "type": "autocomplete",
        "filterType": "quick",
        "loaderEnable": true,
        "apiConfig": {
          "context": "SITE_MGMT",
          "rest": "ProductSite/searchWithView?_s=id=ge=0;customTextField2=='*$ID*'&orderBy=modifiedTime&orderType=desc&llimit=0&ulimit=24",
          "type": "GET",
          "dataType": "object",
          "dataKey": "customTextField2",
          "valueKey": "customTextField2",
          "params": [
            {
              "key": "ID",
              "fromSearch": true
            }
          ]
        }
      },
      {
        "label": "CLLIDA",
        "key": "siteJobCustomField.siteJobTextField17",
        "type": "autocomplete",
        "filterType": "quick",
        "loaderEnable": true,
        "apiConfig": {
          "context": "WORKORDER",
          "rest": "/SiteJob/search?_s=(siteJobCustomField.siteJobTextField17=='*$ID*')&llimit=0&ulimit=49&orderBy=referenceId&orderType=asc",
          "type": "GET",
          "dataType": "object",
          "dataKey": "siteJobCustomField.siteJobTextField17",
          "valueKey": "siteJobCustomField.siteJobTextField17",
          "params": [
            {
              "key": "ID",
              "fromSearch": true
            }
          ]
        }
      },
      {
        "label": "CLLIPSA",
        "key": "identifier9",
        "type": "autocomplete",
        "filterType": "quick",
        "loaderEnable": true,
        "apiConfig": {
          "context": "WORKORDER",
          "rest": "/SiteJob/search?_s=(identifier9=='*$ID*')&llimit=0&ulimit=49&orderBy=referenceId&orderType=asc",
          "type": "GET",
          "dataType": "object",
          "dataKey": "identifier9",
          "valueKey": "identifier9",
          "params": [
            {
              "key": "ID",
              "fromSearch": true
            }
          ]
        }
      },
      {
        "label": "DRIVER",
        "key": "siteJobCustomField.siteJobTextField2",
        "type": "autocomplete",
        "filterType": "quick",
        "loaderEnable": true,
        "apiConfig": {
          "context": "WORKORDER",
          "rest": "/SiteJob/search?_s=(siteJobCustomField.siteJobTextField2=='*$ID*')&llimit=0&ulimit=49&orderBy=referenceId&orderType=asc",
          "type": "GET",
          "dataType": "object",
          "dataKey": "siteJobCustomField.siteJobTextField2",
          "valueKey": "siteJobCustomField.siteJobTextField2",
          "params": [
            {
              "key": "ID",
              "fromSearch": true
            }
          ]
        }
      },
      {
        "label": "EQUIPMENT_SUPPLIER",
        "key": "siteJobCustomField.siteJobTextField9",
        "type": "autocomplete",
        "filterType": "quick",
        "loaderEnable": true,
        "apiConfig": {
          "context": "WORKORDER",
          "rest": "/SiteJob/search?_s=(siteJobCustomField.siteJobTextField9=='*$ID*')&llimit=0&ulimit=49&orderBy=referenceId&orderType=asc",
          "type": "GET",
          "dataType": "object",
          "dataKey": "siteJobCustomField.siteJobTextField9",
          "valueKey": "siteJobCustomField.siteJobTextField9",
          "params": [
            {
              "key": "ID",
              "fromSearch": true
            }
          ]
        }
      },
      {
        "label": "FA_LOCATION_CODE",
        "key": "projectEntity.siteIdentifier",
        "type": "autocomplete",
        "filterType": "quick",
        "loaderEnable": true,
        "apiConfig": {
          "context": "WORKORDER",
          "rest": "/SiteJob/search?_s=(projectEntity.siteIdentifier=='*$ID*')&llimit=0&ulimit=49&orderBy=referenceId&orderType=asc",
          "type": "GET",
          "dataType": "object",
          "dataKey": "projectEntity.siteIdentifier",
          "valueKey": "projectEntity.siteIdentifier",
          "params": [
            {
              "key": "ID",
              "fromSearch": true
            }
          ]
        }
      },
      {
        "label": "INTEGRATION_SUPPLIER",
        "key": "siteJobCustomField.siteJobTextField10",
        "type": "autocomplete",
        "filterType": "quick",
        "loaderEnable": true,
        "apiConfig": {
          "context": "WORKORDER",
          "rest": "/SiteJob/search?_s=(siteJobCustomField.siteJobTextField10=='*$ID*')&llimit=0&ulimit=49&orderBy=referenceId&orderType=asc",
          "type": "GET",
          "dataType": "object",
          "dataKey": "siteJobCustomField.siteJobTextField10",
          "valueKey": "siteJobCustomField.siteJobTextField10",
          "params": [
            {
              "key": "ID",
              "fromSearch": true
            }
          ]
        }
      },
      {
        "label": "I_PLAN_JOB_NUMBER",
        "key": "identifier3",
        "type": "autocomplete",
        "filterType": "quick",
        "loaderEnable": true,
        "apiConfig": {
          "context": "WORKORDER",
          "rest": "/SiteJob/search?_s=(identifier3=='*$ID*')&llimit=0&ulimit=49&orderBy=referenceId&orderType=asc",
          "type": "GET",
          "dataType": "object",
          "dataKey": "identifier3",
          "valueKey": "identifier3",
          "params": [
            {
              "key": "ID",
              "fromSearch": true
            }
          ]
        }
      },
      {
        "label": "I_PLAN_JOB_STATUS",
        "key": "identifier4",
        "type": "input",
        "filterType": "quick"
      },
      {
        "label": "JOB_CATEGORIES",
        "key": "type",
        "type": "select",
        "optionList": [
          {
            "name": "PRIMARY",
            "value": "PRIMARY"
          },
          {
            "name": "SECONDARY",
            "value": "SECONDARY"
          },
          {
            "name": "STANDALONE",
            "value": "STANDALONE"
          }
        ],
        "filterType": "quick"
      },
      {
        "label": "JOB_SCOPE",
        "key": "jobScope",
        "type": "autocomplete",
        "filterType": "quick",
        "loaderEnable": true,
        "apiConfig": {
          "context": "WORKORDER",
          "rest": "/SiteJob/search?_s=(jobScope=='*$ID*')&llimit=0&ulimit=49&orderBy=referenceId&orderType=asc",
          "type": "GET",
          "dataType": "object",
          "dataKey": "jobScope",
          "valueKey": "jobScope",
          "params": [
            {
              "key": "ID",
              "fromSearch": true
            }
          ]
        }
      },
      {
        "label": "JOB_TEMPLATE_NAME",
        "key": "siteJobTemplateName",
        "type": "autocomplete",
        "filterType": "quick",
        "loaderEnable": true,
        "apiConfig": {
          "context": "WORKORDER",
          "rest": "/SiteJob/search?_s=(siteJobTemplateName=='*$ID*')&llimit=0&ulimit=49&orderBy=referenceId&orderType=asc",
          "type": "GET",
          "dataType": "object",
          "dataKey": "siteJobTemplateName",
          "valueKey": "siteJobTemplateName",
          "params": [
            {
              "key": "ID",
              "fromSearch": true
            }
          ]
        }
      },
      {
        "label": "JOB_TYPE",
        "key": "siteJobType.name",
        "type": "autocomplete",
        "filterType": "quick",
        "pattern": "^[^']*$",
        "loaderEnable": true,
        "apiConfig": {
          "context": "WORKORDER",
          "rest": "/SiteJobType/search?_s=name=='*$NAME*'&llimit=0&ulimit=49&orderBy=name&orderType=asc",
          "type": "GET",
          "dataType": "object",
          "dataKey": "name",
          "valueKey": "name",
          "params": [
            {
              "key": "NAME",
              "fromSearch": true
            }
          ]
        }
      },
      {
        "label": "MOD_CODE",
        "key": "identifier5",
        "type": "autocomplete",
        "filterType": "quick",
        "loaderEnable": true,
        "apiConfig": {
          "context": "WORKORDER",
          "rest": "/SiteJob/search?_s=(identifier5=='*$ID*')&llimit=0&ulimit=49&orderBy=referenceId&orderType=asc",
          "type": "GET",
          "dataType": "object",
          "dataKey": "identifier5",
          "valueKey": "identifier5",
          "params": [
            {
              "key": "ID",
              "fromSearch": true
            }
          ]
        }
      },
      {
        "label": "NATIONAL_PROGRAM",
        "key": "siteJobCustomField.siteJobTextField15",
        "type": "autocomplete",
        "filterType": "quick",
        "loaderEnable": true,
        "apiConfig": {
          "context": "WORKORDER",
          "rest": "/SiteJob/search?_s=(siteJobCustomField.siteJobTextField15=='*$ID*')&llimit=0&ulimit=49&orderBy=referenceId&orderType=asc",
          "type": "GET",
          "dataType": "object",
          "dataKey": "siteJobCustomField.siteJobTextField15",
          "valueKey": "siteJobCustomField.siteJobTextField15",
          "params": [
            {
              "key": "ID",
              "fromSearch": true
            }
          ]
        }
      },
      {
        "label": "OPTIMIZATION_SUPPLIER",
        "key": "siteJobCustomField.siteJobTextField11",
        "type": "autocomplete",
        "filterType": "quick",
        "loaderEnable": true,
        "apiConfig": {
          "context": "WORKORDER",
          "rest": "/SiteJob/search?_s=(siteJobCustomField.siteJobTextField11=='*$ID*')&llimit=0&ulimit=49&orderBy=referenceId&orderType=asc",
          "type": "GET",
          "dataType": "object",
          "dataKey": "siteJobCustomField.siteJobTextField11",
          "valueKey": "siteJobCustomField.siteJobTextField11",
          "params": [
            {
              "key": "ID",
              "fromSearch": true
            }
          ]
        }
      },
      {
        "label": "ORACLE_PTN",
        "key": "identifier6",
        "type": "autocomplete",
        "filterType": "quick",
        "loaderEnable": true,
        "apiConfig": {
          "context": "WORKORDER",
          "rest": "/SiteJob/search?_s=(identifier6=='*$ID*')&llimit=0&ulimit=49&orderBy=referenceId&orderType=asc",
          "type": "GET",
          "dataType": "object",
          "dataKey": "identifier6",
          "valueKey": "identifier6",
          "params": [
            {
              "key": "ID",
              "fromSearch": true
            }
          ]
        }
      },
      {
        "label": "PACE_JOB_NUMBER",
        "key": "identifier7",
        "type": "autocomplete",
        "filterType": "quick",
        "loaderEnable": true,
        "apiConfig": {
          "context": "WORKORDER",
          "rest": "/SiteJob/search?_s=(identifier7=='*$ID*')&llimit=0&ulimit=49&orderBy=referenceId&orderType=asc",
          "type": "GET",
          "dataType": "object",
          "dataKey": "identifier7",
          "valueKey": "identifier7",
          "params": [
            {
              "key": "ID",
              "fromSearch": true
            }
          ]
        }
      },
      {
        "label": "PLANNED_START_DATE_AND_END_DATE",
        "key": "plannedStartDate",
        "endDateKey": "plannedEndDate",
        "type": "daterangepicker",
        "format": "YYYY-MM-DD HH:mm:ss",
        "enableFutureDate": true,
        "hour": 23,
        "minute": 59,
        "second": 59,
        "filterType": "quick"
      },
      {
        "label": "PM1",
        "key": "siteJobCustomField.siteJobTextField12",
        "type": "autocomplete",
        "filterType": "quick",
        "loaderEnable": true,
        "apiConfig": {
          "context": "WORKORDER",
          "rest": "/SiteJob/search?_s=(siteJobCustomField.siteJobTextField12=='*$ID*')&llimit=0&ulimit=49&orderBy=referenceId&orderType=asc",
          "type": "GET",
          "dataType": "object",
          "dataKey": "siteJobCustomField.siteJobTextField12",
          "valueKey": "siteJobCustomField.siteJobTextField12",
          "params": [
            {
              "key": "ID",
              "fromSearch": true
            }
          ]
        }
      },
      {
        "label": "PM2",
        "key": "siteJobCustomField.siteJobTextField13",
        "type": "autocomplete",
        "filterType": "quick",
        "loaderEnable": true,
        "apiConfig": {
          "context": "WORKORDER",
          "rest": "/SiteJob/search?_s=(siteJobCustomField.siteJobTextField13=='*$ID*')&llimit=0&ulimit=49&orderBy=referenceId&orderType=asc",
          "type": "GET",
          "dataType": "object",
          "dataKey": "siteJobCustomField.siteJobTextField13",
          "valueKey": "siteJobCustomField.siteJobTextField13",
          "params": [
            {
              "key": "ID",
              "fromSearch": true
            }
          ]
        }
      },
      {
        "label": "PM3",
        "key": "siteJobCustomField.siteJobTextField14",
        "type": "autocomplete",
        "filterType": "quick",
        "loaderEnable": true,
        "apiConfig": {
          "context": "WORKORDER",
          "rest": "/SiteJob/search?_s=(siteJobCustomField.siteJobTextField14=='*$ID*')&llimit=0&ulimit=49&orderBy=referenceId&orderType=asc",
          "type": "GET",
          "dataType": "object",
          "dataKey": "siteJobCustomField.siteJobTextField14",
          "valueKey": "siteJobCustomField.siteJobTextField14",
          "params": [
            {
              "key": "ID",
              "fromSearch": true
            }
          ]
        }
      },
      {
        "label": "PRIMARY_JOB",
        "key": "primaryReferenceId",
        "type": "autocomplete",
        "filterType": "quick",
        "loaderEnable": true,
        "apiConfig": {
          "context": "WORKORDER",
          "rest": "/SiteJob/search?_s=(primaryReferenceId=='*$ID*')&llimit=0&ulimit=49&orderBy=referenceId&orderType=asc",
          "type": "GET",
          "dataType": "object",
          "dataKey": "primaryReferenceId",
          "valueKey": "primaryReferenceId",
          "params": [
            {
              "key": "ID",
              "fromSearch": true
            }
          ]
        }
      },
      {
        "label": "RCP_JOB_NAME",
        "key": "name",
        "type": "autocomplete",
        "filterType": "quick",
        "loaderEnable": true,
        "apiConfig": {
          "context": "WORKORDER",
          "rest": "/SiteJob/search?_s=(name=='*$ID*')&llimit=0&ulimit=49&orderBy=referenceId&orderType=asc",
          "type": "GET",
          "dataType": "object",
          "dataKey": "name",
          "valueKey": "name",
          "params": [
            {
              "key": "ID",
              "fromSearch": true
            }
          ]
        }
      },
      {
        "label": "RCP_JOB_NUMBER",
        "key": "referenceId",
        "type": "autocomplete",
        "filterType": "quick",
        "loaderEnable": true,
        "apiConfig": {
          "context": "WORKORDER",
          "rest": "/SiteJob/search?_s=(referenceId=='*$ID*')&llimit=0&ulimit=49&orderBy=referenceId&orderType=asc",
          "type": "GET",
          "dataType": "object",
          "dataKey": "referenceId",
          "valueKey": "referenceId",
          "params": [
            {
              "key": "ID",
              "fromSearch": true
            }
          ]
        }
      },
      {
        "label": "RCP_SITE_ID",
        "key": "projectEntity.referenceId",
        "type": "autocomplete",
        "filterType": "quick",
        "loaderEnable": true,
        "apiConfig": {
          "context": "SITE_MGMT",
          "rest": "projectEntity/search?_s=id=ge=0;(referenceId=='*$referenceId*')&orderBy=modifiedTime&orderType=desc&llimit=0&ulimit=490",
          "type": "GET",
          "dataType": "object",
          "dataKey": "referenceId",
          "valuekey": "referenceId",
          "params": [
            {
              "key": "referenceId",
              "fromSearch": true
            }
          ]
        }
      },
      {
        "label": "SITE_ACQUISITION_SUPPLIER",
        "key": "identifier10",
        "type": "autocomplete",
        "filterType": "quick",
        "loaderEnable": true,
        "apiConfig": {
          "context": "WORKORDER",
          "rest": "/SiteJob/search?_s=(identifier10=='*$ID*')&llimit=0&ulimit=49&orderBy=referenceId&orderType=asc",
          "type": "GET",
          "dataType": "object",
          "dataKey": "identifier10",
          "valueKey": "identifier10",
          "params": [
            {
              "key": "ID",
              "fromSearch": true
            }
          ]
        }
      },
      {
        "label": "SWC",
        "key": "projectEntity.customTextField7",
        "type": "autocomplete",
        "loaderEnable": true,
        "apiConfig": {
          "context": "SITE_MGMT",
          "rest": "projectEntity/search?_s=customTextField7=='*$name*'&orderBy=modifiedTime&orderType=desc&ulimit=49&llimit=0",
          "type": "GET",
          "dataType": "object",
          "dataKey": "customTextField7",
          "valuekey": "customTextField7",
          "params": [
            {
              "key": "name",
              "fromSearch": true
            }
          ]
        },
        "filterType": "quick"
      },
      {
        "label": "SWC_WIRELINE_OPS_OWNER",
        "key": "identifier8",
        "type": "autocomplete",
        "filterType": "quick",
        "loaderEnable": true,
        "apiConfig": {
          "context": "WORKORDER",
          "rest": "/SiteJob/search?_s=(identifier8=='*$ID*')&llimit=0&ulimit=49&orderBy=referenceId&orderType=asc",
          "type": "GET",
          "dataType": "object",
          "dataKey": "identifier8",
          "valueKey": "identifier8",
          "params": [
            {
              "key": "ID",
              "fromSearch": true
            }
          ]
        }
      },
      {
        "label": "TOTAL_FIBER_LU",
        "key": "siteJobCustomField.siteJobTextField3",
        "type": "autocomplete",
        "filterType": "quick",
        "loaderEnable": true,
        "apiConfig": {
          "context": "WORKORDER",
          "rest": "/SiteJob/search?_s=(siteJobCustomField.siteJobTextField3=='*$ID*')&llimit=0&ulimit=49&orderBy=referenceId&orderType=asc",
          "type": "GET",
          "dataType": "object",
          "dataKey": "siteJobCustomField.siteJobTextField3",
          "valueKey": "siteJobCustomField.siteJobTextField3",
          "params": [
            {
              "key": "ID",
              "fromSearch": true
            }
          ]
        }
      },
      {
        "label": "USID",
        "key": "projectEntity.sarfId",
        "type": "autocomplete",
        "filterType": "quick",
        "loaderEnable": true,
        "apiConfig": {
          "context": "WORKORDER",
          "rest": "/SiteJob/search?_s=(projectEntity.sarfId=='*$ID*')&llimit=0&ulimit=49&orderBy=referenceId&orderType=asc",
          "type": "GET",
          "dataType": "object",
          "dataKey": "projectEntity.sarfId",
          "valueKey": "projectEntity.sarfId",
          "params": [
            {
              "key": "ID",
              "fromSearch": true
            }
          ]
        }
      },
      {
        "label": "VERSION",
        "key": "siteJobTemplateVersion",
        "type": "autocomplete",
        "filterType": "quick",
        "loaderEnable": true,
        "suppressLike": true,
        "apiConfig": {
          "context": "WORKORDER",
          "rest": "/SiteJob/search?_s=(siteJobTemplateVersion=='$ID')&llimit=0&ulimit=49&orderBy=referenceId&orderType=asc",
          "type": "GET",
          "dataType": "object",
          "dataKey": "siteJobTemplateVersion",
          "valueKey": "siteJobTemplateVersion",
          "params": [
            {
              "key": "ID",
              "fromSearch": true
            }
          ]
        }
      }
    ]
  },
  "sortingOptions": {
    "sortConfig": [
      {
        "colId": "projectEntity.salesL2.name",
        "orderByKey": "orderBy",
        "orderByValue": "projectEntity.salesL2.name",
        "orderTypeKey": "orderType",
        "acs": "asc",
        "desc": "desc"
      },
      {
        "colId": "projectEntity.salesL3.name",
        "orderByKey": "orderBy",
        "orderByValue": "projectEntity.salesL3.name",
        "orderTypeKey": "orderType",
        "acs": "asc",
        "desc": "desc"
      },
      {
        "colId": "projectEntity.salesL4.name",
        "orderByKey": "orderBy",
        "orderByValue": "projectEntity.salesL4.name",
        "orderTypeKey": "orderType",
        "acs": "asc",
        "desc": "desc"
      },
      {
        "colId": "projectEntity.technology.name",
        "orderByKey": "orderBy",
        "orderByValue": "projectEntity.technology.name",
        "orderTypeKey": "orderType",
        "acs": "asc",
        "desc": "desc"
      },
      {
        "colId": "projectEntity.referenceId",
        "orderByKey": "orderBy",
        "orderByValue": "projectEntity.referenceId",
        "orderTypeKey": "orderType",
        "acs": "asc",
        "desc": "desc"
      },
      {
        "colId": "projectEntity.customTextField2",
        "orderByKey": "orderBy",
        "orderByValue": "projectEntity.customTextField2",
        "orderTypeKey": "orderType",
        "acs": "asc",
        "desc": "desc"
      },
      {
        "colId": "projectEntity.sarfId",
        "orderByKey": "orderBy",
        "orderByValue": "projectEntity.sarfId",
        "orderTypeKey": "orderType",
        "acs": "asc",
        "desc": "desc"
      },
      {
        "colId": "projectEntity.siteIdentifier",
        "orderByKey": "orderBy",
        "orderByValue": "projectEntity.siteIdentifier",
        "orderTypeKey": "orderType",
        "acs": "asc",
        "desc": "desc"
      },
      {
        "colId": "identifier8",
        "orderByKey": "orderBy",
        "orderByValue": "identifier8",
        "orderTypeKey": "orderType",
        "acs": "asc",
        "desc": "desc"
      },
      {
        "colId": "identifier1",
        "orderByKey": "orderBy",
        "orderByValue": "identifier1",
        "orderTypeKey": "orderType",
        "acs": "asc",
        "desc": "desc"
      },
      {
        "colId": "identifier2",
        "orderByKey": "orderBy",
        "orderByValue": "identifier2",
        "orderTypeKey": "orderType",
        "acs": "asc",
        "desc": "desc"
      },
      {
        "colId": "identifier3",
        "orderByKey": "orderBy",
        "orderByValue": "identifier3",
        "orderTypeKey": "orderType",
        "acs": "asc",
        "desc": "desc"
      },
      {
        "colId": "identifier4",
        "orderByKey": "orderBy",
        "orderByValue": "identifier4",
        "orderTypeKey": "orderType",
        "acs": "asc",
        "desc": "desc"
      },
      {
        "colId": "referenceId",
        "orderByKey": "orderBy",
        "orderByValue": "referenceId",
        "orderTypeKey": "orderType",
        "acs": "asc",
        "desc": "desc"
      },
      {
        "colId": "name",
        "orderByKey": "orderBy",
        "orderByValue": "name",
        "orderTypeKey": "orderType",
        "acs": "asc",
        "desc": "desc"
      },
      {
        "colId": "jobScope",
        "orderByKey": "orderBy",
        "orderByValue": "jobScope",
        "orderTypeKey": "orderType",
        "acs": "asc",
        "desc": "desc"
      },
      {
        "colId": "identifier5",
        "orderByKey": "orderBy",
        "orderByValue": "identifier5",
        "orderTypeKey": "orderType",
        "acs": "asc",
        "desc": "desc"
      },
      {
        "colId": "identifier6",
        "orderByKey": "orderBy",
        "orderByValue": "identifier6",
        "orderTypeKey": "orderType",
        "acs": "asc",
        "desc": "desc"
      },
      {
        "colId": "identifier7",
        "orderByKey": "orderBy",
        "orderByValue": "identifier7",
        "orderTypeKey": "orderType",
        "acs": "asc",
        "desc": "desc"
      },
      {
        "colId": "siteJobType.name",
        "orderByKey": "orderBy",
        "orderByValue": "siteJobType.name",
        "orderTypeKey": "orderType",
        "acs": "asc",
        "desc": "desc"
      },
      {
        "colId": "identifier10",
        "orderByKey": "orderBy",
        "orderByValue": "identifier10",
        "orderTypeKey": "orderType",
        "acs": "asc",
        "desc": "desc"
      },
      {
        "colId": "plannedStartDate",
        "orderByKey": "orderBy",
        "orderByValue": "plannedStartDate",
        "orderTypeKey": "orderType",
        "acs": "asc",
        "desc": "desc"
      },
      {
        "colId": "plannedEndDate",
        "orderByKey": "orderBy",
        "orderByValue": "plannedEndDate",
        "orderTypeKey": "orderType",
        "acs": "asc",
        "desc": "desc"
      },
      {
        "colId": "actualStartDate",
        "orderByKey": "orderBy",
        "orderByValue": "actualStartDate",
        "orderTypeKey": "orderType",
        "acs": "asc",
        "desc": "desc"
      },
      {
        "colId": "actualEndDate",
        "orderByKey": "orderBy",
        "orderByValue": "actualEndDate",
        "orderTypeKey": "orderType",
        "acs": "asc",
        "desc": "desc"
      },
      {
        "colId": "siteJobCustomField.siteJobTextField2",
        "orderByKey": "orderBy",
        "orderByValue": "siteJobCustomField.siteJobTextField2",
        "orderTypeKey": "orderType",
        "acs": "asc",
        "desc": "desc"
      },
      {
        "colId": "siteJobCustomField.siteJobTextField3",
        "orderByKey": "orderBy",
        "orderByValue": "siteJobCustomField.siteJobTextField3",
        "orderTypeKey": "orderType",
        "acs": "asc",
        "desc": "desc"
      },
      {
        "colId": "siteJobCustomField.siteJobTextField6",
        "orderByKey": "orderBy",
        "orderByValue": "siteJobCustomField.siteJobTextField6",
        "orderTypeKey": "orderType",
        "acs": "asc",
        "desc": "desc"
      },
      {
        "colId": "siteJobCustomField.siteJobTextField7",
        "orderByKey": "orderBy",
        "orderByValue": "siteJobCustomField.siteJobTextField7",
        "orderTypeKey": "orderType",
        "acs": "asc",
        "desc": "desc"
      },
      {
        "colId": "siteJobCustomField.siteJobTextField9",
        "orderByKey": "orderBy",
        "orderByValue": "siteJobCustomField.siteJobTextField9",
        "orderTypeKey": "orderType",
        "acs": "asc",
        "desc": "desc"
      },
      {
        "colId": "siteJobCustomField.siteJobTextField10",
        "orderByKey": "orderBy",
        "orderByValue": "siteJobCustomField.siteJobTextField10",
        "orderTypeKey": "orderType",
        "acs": "asc",
        "desc": "desc"
      },
      {
        "colId": "siteJobCustomField.siteJobTextField11",
        "orderByKey": "orderBy",
        "orderByValue": "siteJobCustomField.siteJobTextField11",
        "orderTypeKey": "orderType",
        "acs": "asc",
        "desc": "desc"
      },
      {
        "colId": "siteJobCustomField.siteJobTextField12",
        "orderByKey": "orderBy",
        "orderByValue": "siteJobCustomField.siteJobTextField12",
        "orderTypeKey": "orderType",
        "acs": "asc",
        "desc": "desc"
      },
      {
        "colId": "siteJobCustomField.siteJobTextField13",
        "orderByKey": "orderBy",
        "orderByValue": "siteJobCustomField.siteJobTextField13",
        "orderTypeKey": "orderType",
        "acs": "asc",
        "desc": "desc"
      },
      {
        "colId": "siteJobCustomField.siteJobTextField14",
        "orderByKey": "orderBy",
        "orderByValue": "siteJobCustomField.siteJobTextField14",
        "orderTypeKey": "orderType",
        "acs": "asc",
        "desc": "desc"
      },
      {
        "colId": "siteJobCustomField.siteJobTextField15",
        "orderByKey": "orderBy",
        "orderByValue": "siteJobCustomField.siteJobTextField15",
        "orderTypeKey": "orderType",
        "acs": "asc",
        "desc": "desc"
      },
      {
        "colId": "primaryReferenceId",
        "orderByKey": "orderBy",
        "orderByValue": "primaryReferenceId",
        "orderTypeKey": "orderType",
        "acs": "asc",
        "desc": "desc"
      },
      {
        "colId": "type",
        "orderByKey": "orderBy",
        "orderByValue": "type",
        "orderTypeKey": "orderType",
        "acs": "asc",
        "desc": "desc"
      },
      {
        "colId": "identifier9",
        "orderByKey": "orderBy",
        "orderByValue": "identifier9",
        "orderTypeKey": "orderType",
        "acs": "asc",
        "desc": "desc"
      },
      {
        "colId": "status",
        "orderByKey": "orderBy",
        "orderByValue": "status",
        "orderTypeKey": "orderType",
        "acs": "asc",
        "desc": "desc"
      },
      {
        "colId": "siteJobCustomField.siteJobTextField17",
        "orderByKey": "orderBy",
        "orderByValue": "siteJobCustomField.siteJobTextField17",
        "orderTypeKey": "orderType",
        "acs": "asc",
        "desc": "desc"
      },
      {
        "colId": "projectEntity.customTextField7",
        "orderByKey": "orderBy",
        "orderByValue": "projectEntity.customTextField7",
        "orderTypeKey": "orderType",
        "acs": "asc",
        "desc": "desc"
      }
    ],
    "defaultSortModel": [
      {
        "colId": "modifiedTime",
        "sort": "desc"
      }
    ]
  }
}