{
  "gridOptions": {
    "suppressHorizontalScroll": false,
    "rowModelType": "serverSide",
    "rowSelection": "multiple",
    "suppressRowClickSelection": true,
    "suppressCellSelection": true,
    "rowDragManaged": true,
    "columnDefs": [
      {
        "headerName": "",
        "field": "checkbox",
        "headerComponent": "gxAgGridSelectAllCheckBox",
        "headerCheckboxSelection": true,
        "checkboxSelection": true,
        "lockPosition": true
      },
      {
        "headerName": "RCP_JOB_NUMBER",
        "field": "siteJobReferenceId",
        "cellRenderer": "gxAgGridTooltip",
        "width": 200,
        "sortable": true,
        "index": 14
      },
      {
        "headerName": "WORKORDER_ID",
        "field": "workOrderName",
        "cellRenderer": "gxAgGridTooltip",
        "width": 150,
        "sortable": true
      },
      {
        "headerName": "TASK_CODE",
        "field": "taskCode",
        "cellRenderer": "gxAgGridTooltip",
        "width": 170,
        "sortable": true
      },
      {
        "headerName": "TASK_NAME",
        "field": "name",
        "cellRenderer": "gxAgGridTooltip",
        "width": 170,
        "sortable": true
      },
      {
        "headerName": "TASK_STATUS",
        "field": "workStatus",
        "cellRenderer": "gxAgGridCellStatus",
        "cellRendererParams": {
          "suppressCapitalization": true,
          "suppressTranslation": false
        },
        "valueGetter": "myCustomStatusCellRenderer",
        "width": 140,
        "sortable": true,
        "rowDrag": true
      },
      {
        "headerName": "ACTUAL_START_&_END_DATE",
        "cellRenderer": "myCustomDates",
        "valueGetter": "myCustomDate",
        "field": "actualDate",
        "minDate": "actualStartTime",
        "maxDate": "actualEndTime",
        "width": 210,
        "sortable": false
      },
      {
        "headerName": "ASSIGNEE",
        "field": "assignee",
        "cellRenderer": "myCustomAssignee",
        "valueGetter": "Assigneevalue",
        "width": 150,
        "sortable": false
      },
      {
        "headerName": "WORKORDER_NAME",
        "field": "projectName",
        "cellRenderer": "gxAgGridTooltip",
        "width": 150,
        "suppressMovable": true,
        "sortable": true
      },
      {
        "headerName": "FA_LOCATION_CODE",
        "field": "projectEntity.siteIdentifier",
        "cellRenderer": "gxAgGridTooltip",
        "width": 200,
        "sortable": false,
        "index": 7
      },
      {
        "headerName": "USID",
        "field": "projectEntity.sarfId",
        "cellRenderer": "gxAgGridTooltip",
        "width": 200,
        "sortable": false,
        "index": 8
      },
      {
        "headerName": "CLLI",
        "field": "projectEntity.customTextField2",
        "cellRenderer": "gxAgGridTooltip",
        "width": 200,
        "sortable": false,
        "index": 6
      },
      {
        "headerName": "ACE_MARKET",
        "field": "salesL3.name",
        "cellRenderer": "gxAgGridTooltip",
        "width": 200,
        "sortable": false,
        "index": 2,
        "pinned": ""
      },
      {
        "headerName": "RAN_MARKET",
        "field": "entityGeographyL3.name",
        "cellRenderer": "gxAgGridTooltip",
        "width": 200,
        "sortable": false,
        "index": 27
      },
      {
        "headerName": "FINANCE_MARKET",
        "field": "siteCustomField.siteTextField5",
        "cellRenderer": "gxAgGridTooltip",
        "width": 200,
        "sortable": false,
        "index": 30
      },
      {
        "headerName": "SITE_ID",
        "field": "projectEntity.referenceId",
        "cellRenderer": "gxAgGridTooltip",
        "width": 150,
        "sortable": false
      },
      {
        "headerName": "ACE_REGION",
        "field": "salesL2.name",
        "cellRenderer": "gxAgGridTooltip",
        "width": 200,
        "sortable": false,
        "index": 1,
        "pinned": ""
      },
      {
        "headerName": "ACE_SUBMARKET",
        "field": "salesL4.name",
        "cellRenderer": "gxAgGridTooltip",
        "sortable": false,
        "width": 200,
        "index": 3
      },
      {
        "headerName": "RAN_REGION",
        "field": "entityGeographyL2.name",
        "cellRenderer": "gxAgGridTooltip",
        "width": 200,
        "sortable": false,
        "index": 26
      },
      {
        "headerName": "RAN_SUBMARKET",
        "field": "entityGeographyL4.name",
        "cellRenderer": "gxAgGridTooltip",
        "width": 200,
        "sortable": false,
        "index": 28
      },
      {
        "headerName": "FINANCE_REGION",
        "field": "siteCustomField.siteTextField4",
        "cellRenderer": "gxAgGridTooltip",
        "width": 200,
        "sortable": false,
        "index": 29
      },
      {
        "headerName": "FINANCE_SUBMARKET",
        "field": "siteCustomField.siteTextField6",
        "cellRenderer": "gxAgGridTooltip",
        "width": 200,
        "sortable": false,
        "index": 31
      },
      {
        "headerName": "CLLIPSA",
        "field": "siteJob.identifier9",
        "cellRenderer": "gxAgGridTooltip",
        "width": 200,
        "sortable": false,
        "index": 45
      },
      {
        "headerName": "RCP_JOB_NAME",
        "field": "siteJob.name",
        "cellRenderer": "gxAgGridTooltip",
        "width": 200,
        "sortable": false,
        "index": 15,
        "pinned": ""
      },
      {
        "headerName": "PACE_JOB_NUMBER",
        "field": "siteJob.identifier7",
        "cellRenderer": "gxAgGridTooltip",
        "width": 200,
        "sortable": false,
        "index": 19
      },
      {
        "headerName": "SWC",
        "field": "projectEntity.customTextField7",
        "cellRenderer": "gxAgGridTooltip",
        "width": 200,
        "sortable": false,
        "index": 6
      },
      {
        "headerName": "SWC_WIRELINE_OPS_OWNER",
        "field": "siteJob.identifier8",
        "cellRenderer": "gxAgGridTooltip",
        "width": 200,
        "sortable": false,
        "index": 9
      },
      {
        "headerName": "PRIORITY",
        "field": "priority.name",
        "cellRenderer": "gxAgGridCellLabelText",
        "width": 100,
        "sortable": true
      },
      {
        "headerName": "CFAS_PROJECT_NUMBER",
        "field": "project.identifier",
        "cellRenderer": "gxAgGridTooltip",
        "width": 200,
        "sortable": false,
        "index": 11
      },
      {
        "headerName": "PLANNED_START_&_END _DATE",
        "cellRenderer": "myCustomDates",
        "valueGetter": "myCustomDate",
        "field": "plannedDate",
        "minDate": "plannedStartTime",
        "maxDate": "plannedEndTime",
        "width": 210,
        "sortable": false,
        "id": "PLANDATEPOPUP",
        "editable": "taskdateupdate",
        "suppressClickEdit": true
      },
      {
        "headerName": "NATIONAL_PROGRAM",
        "field": "siteJobCustomField.siteJobTextField15",
        "cellRenderer": "gxAgGridTooltip",
        "width": 200,
        "sortable": false,
        "index": 33
      },
      {
        "headerName": "PRIMARY_JOB",
        "field": "siteJob.primaryReferenceId",
        "cellRenderer": "gxAgGridTooltip",
        "width": 200,
        "sortable": false,
        "index": 33
      },
      {
        "headerName": "PM1",
        "field": "siteJobCustomField.siteJobTextField12",
        "cellRenderer": "gxAgGridTooltip",
        "width": 200,
        "sortable": false,
        "index": 33
      },
      {
        "headerName": "PM2",
        "field": "siteJobCustomField.siteJobTextField13",
        "cellRenderer": "gxAgGridTooltip",
        "width": 200,
        "sortable": false,
        "index": 33
      },
      {
        "headerName": "PM3",
        "field": "siteJobCustomField.siteJobTextField14",
        "cellRenderer": "gxAgGridTooltip",
        "width": 200,
        "sortable": false,
        "index": 33
      },
      {
        "headerName": "MODIFIED_BY",
        "field": "lastModifier",
        "cellRenderer": "gxAgGridTooltip",
        "width": 200,
        "sortable": true,
        "index": 42
      },
      {
        "headerName": "MODIFIED_DATE",
        "field": "modifiedTime",
        "cellRenderer": "gxAgGridDateAndTime",
        "width": 200,
        "sortable": true,
        "index": 43
      },
      {
        "headerName": "ACTION_TEXT",
        "field": "id",
        "pinned": "right",
        "cellRenderer": "gxAgGridMenuButton",
        "width": 10,
        "sortable": false
      }
    ]
  },
  "headerOptions": {
    "suppressTileSwitch": true,
    " suppressViewSwitch": false,
    "viewSwitchType": "toggle-button",
    "refreshMenuConfig": {
      "dropdownList": [
        "10s",
        "30s",
        "1m",
        "1h"
      ],
      "suppressRefreshMenu": false,
      "suppressDropdown": true
    }
  },
  "componentOptions": {
    "suppressPinHandler": false,
    "suppressTableOptions": false,
    "exportOptions": {
      "fileName": "Task Grid Export",
      "rowHeight": "40px",
      "columnKeys": [
        "salesL2.name",
        "salesL3.name",
        "salesL4.name",
        "entityGeographyL2.name",
        "entityGeographyL3.name",
        "entityGeographyL4.name",
        "siteCustomField.siteTextField4",
        "siteCustomField.siteTextField5",
        "siteCustomField.siteTextField6",
        "siteCustomField.siteTextField14",
        "projectEntity.referenceId",
        "productSite.customTextField2",
        "projectEntity.siteIdentifier",
        "projectEntity.sarfId",
        "siteJobReferenceId",
        "siteJob.name",
        "siteJob.identifier7",
        "projectName",
        "workOrderName",
        "siteJob.identifier8",
        "workStatus",
        "name",
        "assignee",
        "priority.name",
        "project.identifier",
        "plannedDate",
        "actualDate",
        "siteJobCustomField.siteJobTextField15",
        "siteJob.primaryReferenceId",
        "siteJobCustomField.siteJobTextField12",
        "siteJobCustomField.siteJobTextField13",
        "siteJobCustomField.siteJobTextField14",
        "lastModifier",
        "modifiedTime",
        "taskCode"
      ]
    }
  },
  "apiOptions": {
    "apiConfig": {
      "countConfig": {
        "context": "WORKORDER",
        "url": "/ProjectTask/v1/customCount",
        "countKey": "totalCount",
        "queryParamsUrl": "$_s",
        "suppressNullValues": true,
        "suppressEncoding": false,
        "suppressDefaultFiqlOnApply": true,
        "fiqlKey": "_s",
        "defaultFiql": "id=ge=0;",
        "quickFilterFiql": "(projectEntity.siteIdentifier=='*$_s*',projectEntity.entityGeographyL3.name=='*$_s*',taskCode=='*$_s*',name=='*$_s*',projectEntity.referenceId=='*$_s*',projectEntity.sarfId=='*$_s*',workOrderName=='*$_s*',siteJobReferenceId=='*$_s*')",
        "requestType": "POST",
        "customFiql": "category=='PM';generatedNumber==$GeneratedNumber",
        "params": {
          "GeneratedNumber": null
        }
      },
      "dataConfig": {
        "context": "WORKORDER",
        "lLimitKey": "llimit",
        "uLimitKey": "ulimit",
        "url": "/ProjectTask/v1/customSearch",
        "datakey": "data",
        "queryParamsUrl": "$_s&$data&$workStatus&$llimit&$ulimit&$orderBy&$orderType",
        "requestType": "POST",
        "suppressNullValues": true,
        "suppressEncoding": false,
        "suppressDefaultFiqlOnApply": true,
        "fiqlKey": "_s",
        "defaultFiql": "id=ge=0;",
        "quickFilterFiql": "(projectEntity.siteIdentifier=='*$_s*',projectEntity.entityGeographyL3.name=='*$_s*',taskCode=='*$_s*',name=='*$_s*',projectEntity.referenceId=='*$_s*',projectEntity.sarfId=='*$_s*',workOrderName=='*$_s*',siteJobReferenceId=='*$_s*')",
        "customFiql": "category=='PM';generatedNumber==$GeneratedNumber",
        "params": {
          "orderBy": "modifiedTime",
          "orderType": "desc"
        }
      }
    }
  },
  "footerOptions": {},
  "filterOptions": {
    "bookmarkConfig": {
      "enableBookmark": true,
      "bookmarkType": "WORKORDER_TASK_CUSTOM_SEARCH_AGGRID"
    },
    "filterConfig": [
      {
        "type": "select",
        "label": "ACE_MARKET",
        "isDefaultOption": true,
        "key": "projectEntity.salesL3.name",
        "optionList": [],
        "apiConfig": {
          "rest": "SalesL3/searchWithLimitAndOrderBy?_s=(id=ge=0)&llimit=0&ulimit=498&orderBy=name&orderType=asc",
          "type": "GET",
          "context": "GEOGRAPHY",
          "dataKey": "name",
          "dataType": "object",
          "params": [],
          "valuekey": "salesL3.name"
        },
        "filterType": "quick"
      },
      {
        "type": "select",
        "label": "ACE_REGION",
        "isDefaultOption": true,
        "key": "projectEntity.salesL2.name",
        "apiConfig": {
          "rest": "SalesL2/searchWithLimitAndOrderBy?_s=(id=ge=0)&llimit=0&ulimit=498&orderBy=name&orderType=asc",
          "type": "GET",
          "context": "GEOGRAPHY",
          "dataKey": "name",
          "dataType": "object",
          "valuekey": "projectEntity.salesL2.name"
        },
        "filterType": "quick"
      },
      {
        "type": "select",
        "label": "ACE_SUBMARKET",
        "isDefaultOption": true,
        "key": "projectEntity.salesL4.name",
        "optionList": [],
        "apiConfig": {
          "rest": "SalesL4/searchWithLimitAndOrderBy?_s=(id=ge=0)&llimit=0&ulimit=498&orderBy=name&orderType=asc",
          "type": "GET",
          "context": "GEOGRAPHY",
          "dataKey": "name",
          "dataType": "object",
          "params": []
        },
        "filterType": "quick"
      },
      {
        "label": "ACTUAL_START_DATE_AND_END_DATE",
        "key": "actualStartTime",
        "endDateKey": "actualEndTime",
        "type": "daterangepicker",
        "format": "YYYY-MM-DD HH:mm:ss",
        "enableFutureDate": true,
        "hour": 23,
        "minute": 59,
        "second": 59,
        "filterType": "quick"
      },
      {
        "label": "ASSIGNEE",
        "key": "assignee",
        "type": "autocomplete",
        "filterType": "quick",
        "disableFiql": true,
        "loaderEnable": false,
        "apiConfig": {
          "context": "UM",
          "rest": "User/getUserListData?_s=id=ge=0&orderBy=userName&orderType=asc&ulimit=498&llimit=0",
          "type": "POST",
          "dataType": "object",
          "dataKey": "fullName",
          "valueKey": "userName",
          "displayExpression": "$fullName",
          "params": [
            {
              "key": "userSearch",
              "fromSearch": true
            }
          ]
        }
      },
      {
        "label": "CFAS_PROJECT_NUMBER",
        "key": "project.identifier",
        "type": "autocomplete",
        "pattern": "^[^']*$",
        "loaderEnable": true,
        "apiConfig": {
          "context": "WORKORDER",
          "rest": "/Project/search?_s=id=ge=0;identifier=='$identifier'&orderBy=modifiedTime&orderType=desc&ulimit=498&llimit=0",
          "type": "GET",
          "dataType": "object",
          "dataKey": "identifier",
          "valueKey": "identifier",
          "params": [
            {
              "key": "identifier",
              "fromSearch": true
            }
          ]
        },
        "filterType": "quick"
      },
      {
        "label": "CLLI",
        "key": "projectEntity.customTextField2",
        "type": "autocomplete",
        "loaderEnable": true,
        "apiConfig": {
          "context": "SITE_MGMT",
          "rest": "projectEntity/search?_s=customTextField2=='*$name*'&orderBy=modifiedTime&orderType=desc&ulimit=49&llimit=0",
          "type": "GET",
          "dataType": "object",
          "dataKey": "customTextField2",
          "valuekey": "customTextField2",
          "params": [
            {
              "key": "name",
              "fromSearch": true
            }
          ]
        },
        "filterType": "quick"
      },
      {
        "label": "CLLIPSA",
        "key": "siteJob_identifier9",
        "type": "autocomplete",
        "pattern": "^[^']*$",
        "loaderEnable": true,
        "apiConfig": {
          "context": "WORKORDER",
          "rest": "/SiteJob/search?_s=identifier9=='*$identifier9*'&llimit=0&ulimit=498&orderBy=referenceId&orderType=asc",
          "type": "GET",
          "dataType": "object",
          "dataKey": "identifier9",
          "valueKey": "identifier9",
          "params": [
            {
              "key": "identifier9",
              "fromSearch": true
            }
          ]
        },
        "filterType": "quick",
        "disableFiql": true
      },
      {
        "label": "FINANCE_MARKET",
        "key": "siteCustomField_siteTextField5",
        "type": "autocomplete",
        "loaderEnable": true,
        "pattern": "^[^']*$",
        "apiConfig": {
          "context": "SITE_MGMT",
          "rest": "ProductSite/searchWithView?_s=id!=0;(siteCustomFieldId.siteTextField5=='*$siteCustomFieldId.siteTextField5*')&orderBy=modifiedTime&orderType=desc&ulimit=498&llimit=0",
          "type": "GET",
          "dataType": "object",
          "dataKey": "siteCustomFieldId.siteTextField5",
          "valuekey": "siteCustomFieldId.siteTextField5",
          "params": [
            {
              "key": "siteCustomFieldId.siteTextField5",
              "fromSearch": true
            }
          ]
        },
        "filterType": "quick",
        "disableFiql": true
      },
      {
        "label": "FINANCE_REGION",
        "key": "siteCustomField_siteTextField4",
        "type": "autocomplete",
        "loaderEnable": true,
        "pattern": "^[^']*$",
        "apiConfig": {
          "context": "SITE_MGMT",
          "rest": "ProductSite/searchWithView?_s=id!=0;(siteCustomFieldId.siteTextField4=='*$siteCustomFieldId.siteTextField4*')&orderBy=modifiedTime&orderType=desc&ulimit=498&llimit=0",
          "type": "GET",
          "dataType": "object",
          "dataKey": "siteCustomFieldId.siteTextField4",
          "valuekey": "siteCustomFieldId.siteTextField4",
          "params": [
            {
              "key": "siteCustomFieldId.siteTextField4",
              "fromSearch": true
            }
          ]
        },
        "filterType": "quick",
        "disableFiql": true
      },
      {
        "label": "FINANCE_SUBMARKET",
        "key": "siteCustomField_siteTextField6",
        "type": "autocomplete",
        "loaderEnable": true,
        "pattern": "^[^']*$",
        "apiConfig": {
          "context": "SITE_MGMT",
          "rest": "ProductSite/searchWithView?_s=id!=0;(siteCustomFieldId.siteTextField6=='*$siteCustomFieldId.siteTextField6*')&orderBy=modifiedTime&orderType=desc&ulimit=498&llimit=0",
          "type": "GET",
          "dataType": "object",
          "dataKey": "siteCustomFieldId.siteTextField6",
          "valuekey": "siteCustomFieldId.siteTextField6",
          "params": [
            {
              "key": "siteCustomFieldId.siteTextField6",
              "fromSearch": true
            }
          ]
        },
        "filterType": "quick",
        "disableFiql": true
      },
      {
        "key": "duration",
        "label": "DURATION",
        "type": "boxSingle",
        "disableFiql": true,
        "defaultValue": {
          "name": "THIS_MONTH",
          "value": "Month"
        },
        "optionList": [
          {
            "name": "ALL_TEXT",
            "value": "All"
          },
          {
            "name": "THIS_WEEK",
            "value": "Week"
          },
          {
            "name": "THIS_MONTH",
            "value": "Month"
          },
          {
            "name": "THIS_QUATER",
            "value": "Quarter"
          },
          {
            "name": "THIS_YEAR",
            "value": "Year"
          }
        ],
        "filterType": "quick"
      },
      {
        "label": "FA_LOCATION_CODE",
        "key": "projectEntity.siteIdentifier",
        "type": "autocomplete",
        "loaderEnable": true,
        "pattern": "^[^']*$",
        "apiConfig": {
          "context": "SITE_MGMT",
          "rest": "projectEntity/search?_s=siteIdentifier=='*$siteIdentifier*'&orderBy=modifiedTime&orderType=desc&ulimit=498&llimit=0",
          "type": "GET",
          "dataType": "object",
          "dataKey": "siteIdentifier",
          "valuekey": "siteIdentifier",
          "params": [
            {
              "key": "siteIdentifier",
              "fromSearch": true
            }
          ]
        },
        "filterType": "quick"
      },
      {
        "label": "MODIFIED_BY",
        "key": "lastModifier",
        "type": "autocomplete",
        "pattern": "^[^']*$",
        "loaderEnable": true,
        "apiConfig": {
          "context": "WORKORDER",
          "rest": "/SiteJob/search?_s=lastModifier=='*$lastModifier*'&llimit=0&ulimit=498&orderBy=referenceId&orderType=asc",
          "type": "GET",
          "dataType": "object",
          "dataKey": "lastModifier",
          "valueKey": "lastModifier",
          "params": [
            {
              "key": "lastModifier",
              "fromSearch": true
            }
          ]
        },
        "filterType": "quick"
      },
      {
        "label": "MODIFIED_DATE",
        "key": "modifiedTime",
        "type": "daterangepicker",
        "format": "YYYY-MM-DD HH:mm:ss",
        "hour": 23,
        "minute": 59,
        "second": 59,
        "filterType": "quick"
      },
      {
        "label": "NATIONAL_PROGRAM",
        "key": "siteJobCustomField_siteJobTextField15",
        "type": "autocomplete",
        "filterType": "quick",
        "loaderEnable": true,
        "apiConfig": {
          "context": "WORKORDER",
          "rest": "/SiteJob/search?_s=(siteJobCustomField.siteJobTextField15=='*$ID*')&llimit=0&ulimit=498&orderBy=referenceId&orderType=asc",
          "type": "GET",
          "dataType": "object",
          "dataKey": "siteJobCustomField.siteJobTextField15",
          "valueKey": "siteJobCustomField.siteJobTextField15",
          "params": [
            {
              "key": "ID",
              "fromSearch": true
            }
          ]
        },
        "disableFiql": true
      },
      {
        "label": "PACE_JOB_NUMBER",
        "key": "siteJob_identifier7",
        "type": "autocomplete",
        "pattern": "^[^']*$",
        "loaderEnable": true,
        "apiConfig": {
          "context": "WORKORDER",
          "rest": "/SiteJob/search?_s=identifier7=='*$identifier7*'&llimit=0&ulimit=498&orderBy=referenceId&orderType=asc",
          "type": "GET",
          "dataType": "object",
          "dataKey": "identifier7",
          "valueKey": "identifier7",
          "params": [
            {
              "key": "identifier7",
              "fromSearch": true
            }
          ]
        },
        "filterType": "quick",
        "disableFiql": true
      },
      {
        "label": "PLANNED_START_DATE_AND_END_DATE",
        "key": "plannedStartTime",
        "endDateKey": "plannedEndTime",
        "type": "daterangepicker",
        "format": "YYYY-MM-DD HH:mm:ss",
        "enableFutureDate": true,
        "hour": 23,
        "minute": 59,
        "second": 59,
        "filterType": "quick"
      },
      {
        "label": "PM1",
        "key": "siteJobCustomField_siteJobTextField12",
        "type": "autocomplete",
        "filterType": "quick",
        "loaderEnable": true,
        "apiConfig": {
          "context": "WORKORDER",
          "rest": "/SiteJob/search?_s=(siteJobCustomField.siteJobTextField12=='*$ID*')&llimit=0&ulimit=498&orderBy=referenceId&orderType=asc",
          "type": "GET",
          "dataType": "object",
          "dataKey": "siteJobCustomField.siteJobTextField12",
          "valueKey": "siteJobCustomField.siteJobTextField12",
          "params": [
            {
              "key": "ID",
              "fromSearch": true
            }
          ]
        },
        "disableFiql": true
      },
      {
        "label": "PM2",
        "key": "siteJobCustomField_siteJobTextField13",
        "type": "autocomplete",
        "filterType": "quick",
        "loaderEnable": true,
        "apiConfig": {
          "context": "WORKORDER",
          "rest": "/SiteJob/search?_s=(siteJobCustomField.siteJobTextField13=='*$ID*')&llimit=0&ulimit=498&orderBy=referenceId&orderType=asc",
          "type": "GET",
          "dataType": "object",
          "dataKey": "siteJobCustomField.siteJobTextField13",
          "valueKey": "siteJobCustomField.siteJobTextField13",
          "params": [
            {
              "key": "ID",
              "fromSearch": true
            }
          ]
        },
        "disableFiql": true
      },
      {
        "label": "PM3",
        "key": "siteJobCustomField_siteJobTextField14",
        "type": "autocomplete",
        "filterType": "quick",
        "loaderEnable": true,
        "apiConfig": {
          "context": "WORKORDER",
          "rest": "/SiteJob/search?_s=(siteJobCustomField.siteJobTextField14=='*$ID*')&llimit=0&ulimit=498&orderBy=referenceId&orderType=asc",
          "type": "GET",
          "dataType": "object",
          "dataKey": "siteJobCustomField.siteJobTextField14",
          "valueKey": "siteJobCustomField.siteJobTextField14",
          "params": [
            {
              "key": "ID",
              "fromSearch": true
            }
          ]
        },
        "disableFiql": true
      },
      {
        "label": "PRIMARY_JOB",
        "key": "siteJob_primaryReferenceId",
        "type": "autocomplete",
        "filterType": "quick",
        "loaderEnable": true,
        "apiConfig": {
          "context": "WORKORDER",
          "rest": "/SiteJob/search?_s=(primaryReferenceId=='*$ID*')&llimit=0&ulimit=498&orderBy=referenceId&orderType=asc",
          "type": "GET",
          "dataType": "object",
          "dataKey": "primaryReferenceId",
          "valueKey": "primaryReferenceId",
          "params": [
            {
              "key": "ID",
              "fromSearch": true
            }
          ]
        },
        "disableFiql": true
      },
      {
        "label": "PRIORITY",
        "key": "priority.name",
        "filterType": "quick",
        "type": "select",
        "optionList": [
          {
            "name": "High",
            "value": "High"
          },
          {
            "name": "Medium",
            "value": "Medium"
          },
          {
            "name": "Low",
            "value": "Low"
          }
        ]
      },
      {
        "label": "RAN_MARKET",
        "key": "projectEntity.entityGeographyL3.name",
        "type": "autocomplete",
        "loaderEnable": true,
        "pattern": "^[^']*$",
        "apiConfig": {
          "context": "SITE_MGMT",
          "rest": "projectEntity/search?_s=(entityGeographyL3.name=='*$entityGeographyL3.name*')&orderBy=modifiedTime&orderType=desc&ulimit=498&llimit=0",
          "type": "GET",
          "dataType": "object",
          "dataKey": "entityGeographyL3.name",
          "valuekey": "entityGeographyL3.name",
          "params": [
            {
              "key": "entityGeographyL3.name",
              "fromSearch": true
            }
          ]
        },
        "filterType": "quick"
      },
      {
        "label": "RAN_REGION",
        "key": "projectEntity.entityGeographyL2.name",
        "type": "autocomplete",
        "loaderEnable": true,
        "pattern": "^[^']*$",
        "apiConfig": {
          "context": "SITE_MGMT",
          "rest": "projectEntity/search?_s=(entityGeographyL2.name=='*$entityGeographyL2.name*')&orderBy=modifiedTime&orderType=desc&ulimit=498&llimit=0",
          "type": "GET",
          "dataType": "object",
          "dataKey": "entityGeographyL2.name",
          "valuekey": "entityGeographyL2.name",
          "params": [
            {
              "key": "entityGeographyL2.name",
              "fromSearch": true
            }
          ]
        },
        "filterType": "quick"
      },
      {
        "label": "RAN_SUBMARKET",
        "key": "projectEntity.entityGeographyL4.name",
        "type": "autocomplete",
        "loaderEnable": true,
        "pattern": "^[^']*$",
        "apiConfig": {
          "context": "SITE_MGMT",
          "rest": "projectEntity/search?_s=(entityGeographyL4.name=='*$entityGeographyL4.name*')&orderBy=modifiedTime&orderType=desc&ulimit=498&llimit=0",
          "type": "GET",
          "dataType": "object",
          "dataKey": "entityGeographyL4.name",
          "valuekey": "entityGeographyL4.name",
          "params": [
            {
              "key": "entityGeographyL4.name",
              "fromSearch": true
            }
          ]
        },
        "filterType": "quick"
      },
      {
        "label": "RCP_JOB_NAME",
        "key": "siteJob_name",
        "type": "autocomplete",
        "pattern": "^[^']*$",
        "loaderEnable": true,
        "apiConfig": {
          "context": "WORKORDER",
          "rest": "/SiteJob/search?_s=name=='*$name*'&llimit=0&ulimit=498&orderBy=referenceId&orderType=asc",
          "type": "GET",
          "dataType": "object",
          "dataKey": "name",
          "valueKey": "name",
          "params": [
            {
              "key": "name",
              "fromSearch": true
            }
          ]
        },
        "filterType": "quick",
        "disableFiql": true
      },
      {
        "label": "RCP_JOB_NUMBER",
        "key": "siteJobReferenceId",
        "type": "autocomplete",
        "filterType": "quick",
        "loaderEnable": true,
        "apiConfig": {
          "context": "WORKORDER",
          "rest": "/SiteJob/searchList?_s=referenceId=='*$siteJobReferenceId*'&llimit=0&ulimit=498&orderBy=modifiedTime&orderType=desc",
          "type": "GET",
          "dataType": "object",
          "dataKey": "referenceId",
          "valueKey": "referenceId",
          "displayExpression": "$referenceId",
          "paramsInUrl": true,
          "params": [
            {
              "key": "siteJobReferenceId"
            }
          ]
        }
      },
      {
        "label": "RCP_SITE_NAME_AND_ID",
        "key": "projectEntity.referenceId",
        "type": "autocomplete",
        "filterType": "quick",
        "loaderEnable": false,
        "apiConfig": {
          "context": "SITE_MGMT",
          "rest": "projectEntity/search?_s=id=ge=0;name=='*$referenceId*',referenceId=='*$referenceId*'&orderBy=modifiedTime&orderType=desc&ulimit=498&llimit=0",
          "type": "GET",
          "dataType": "object",
          "dataKey": "referenceId",
          "valueKey": "referenceId",
          "displayExpression": "$name ($referenceId)",
          "paramsInUrl": true,
          "params": [
            {
              "key": "referenceId"
            }
          ]
        }
      },
      {
        "label": "SWC",
        "key": "projectEntity.customTextField7",
        "type": "autocomplete",
        "loaderEnable": true,
        "apiConfig": {
          "context": "SITE_MGMT",
          "rest": "projectEntity/search?_s=customTextField7=='*$name*'&orderBy=modifiedTime&orderType=desc&ulimit=49&llimit=0",
          "type": "GET",
          "dataType": "object",
          "dataKey": "customTextField7",
          "valuekey": "customTextField7",
          "params": [
            {
              "key": "name",
              "fromSearch": true
            }
          ]
        },
        "filterType": "quick"
      },
      {
        "label": "SWC_WIRELINE_OPS_OWNER",
        "key": "siteJob_identifier8",
        "type": "autocomplete",
        "pattern": "^[^']*$",
        "loaderEnable": true,
        "apiConfig": {
          "context": "WORKORDER",
          "rest": "/SiteJob/search?_s=identifier8=='*$identifier8*'&llimit=0&ulimit=498&orderBy=referenceId&orderType=asc",
          "type": "GET",
          "dataType": "object",
          "dataKey": "identifier8",
          "valueKey": "identifier8",
          "params": [
            {
              "key": "identifier8",
              "fromSearch": true
            }
          ]
        },
        "filterType": "quick",
        "disableFiql": true
      },
      {
        "key": "workStatus",
        "label": "TASK_STATUS",
        "type": "box",
        "defaultValue": [
          {
            "name": "OPEN",
            "value": "OPEN"
          },
          {
            "name": "REOPEN",
            "value": "REOPEN"
          }
        ],
        "optionList": [
          {
            "name": "COMPLETED",
            "value": "COMPLETED"
          },
          {
            "name": "OPEN",
            "value": "OPEN"
          },
          {
            "name": "REOPEN",
            "value": "REOPEN"
          },
          {
            "name": "ON_HOLD",
            "value": "ON_HOLD"
          },
          {
            "name": "SKIPPED",
            "value": "SKIPPED"
          },
          {
            "name": "YET_TO_START",
            "value": "YET_TO_START"
          },
          {
            "name": "NA",
            "value": "NA"
          }
        ],
        "filterType": "quick"
      },
      {
        "label": "TASK_CODE",
        "key": "taskCode",
        "filterType": "quick",
        "type": "input"
      },
      {
        "label": "TASK_NAME",
        "key": "name",
        "type": "multiSelectionAutocomplete",
        "loaderEnable": true,
        "pattern": "^[^']*$",
        "apiConfig": {
          "context": "WORKORDER",
          "rest": "/SearchFilter/searchForDistinctObject?_s=name=='*$name*'&className=ProjectTask&orderBy=name&orderType=asc&ulimit=49&llimit=0",
          "type": "POST",
          "dataKey": "name",
          "dataType": "object",
          "valuekey": "name",
          "params": [
            {
              "key": "name"
            }
          ],
          "json": [
            "name"
          ]
        },
        "filterType": "quick"
      },
      {
        "label": "USID",
        "key": "projectEntity.sarfId",
        "type": "autocomplete",
        "loaderEnable": true,
        "pattern": "^[^']*$",
        "apiConfig": {
          "context": "SITE_MGMT",
          "rest": "projectEntity/search?_s=sarfId=='*$sarfId*'&orderBy=modifiedTime&orderType=desc&ulimit=498&llimit=0",
          "type": "GET",
          "dataType": "object",
          "dataKey": "sarfId",
          "valuekey": "sarfId",
          "params": [
            {
              "key": "sarfId",
              "fromSearch": true
            }
          ]
        },
        "filterType": "quick"
      },
      {
        "label": "WORKORDER_NAME_AND_ID",
        "key": "workOrderName",
        "type": "multiSelectionAutocomplete",
        "placeholder": "WORKORDER_NAME_AND_ID",
        "apiConfig": {
          "context": "WORKORDER",
          "rest": "/Project/search?_s=id=ge=0;name=='*$referenceId*',workOrderNumber=='*$referenceId*'&orderBy=modifiedTime&orderType=desc&ulimit=498&llimit=0",
          "type": "GET",
          "dataType": "object",
          "dataKey": "workOrderNumber",
          "valueKey": "workOrderNumber",
          "displayExpression": "$workOrderNumber ($name)",
          "params": [
            {
              "key": "referenceId",
              "fromSearch": true
            }
          ]
        },
        "filterType": "quick"
      }
    ]
  },
  "sortingOptions": {
    "sortConfig": [
      {
        "colId": "siteJobReferenceId",
        "orderByKey": "orderBy",
        "orderByValue": "siteJobReferenceId",
        "orderTypeKey": "orderType",
        "acs": "asc",
        "desc": "desc"
      },
      {
        "colId": "projectName",
        "orderByKey": "orderBy",
        "orderByValue": "projectName",
        "orderTypeKey": "orderType",
        "acs": "asc",
        "desc": "desc"
      },
      {
        "colId": "workOrderName",
        "orderByKey": "orderBy",
        "orderByValue": "workOrderName",
        "orderTypeKey": "orderType",
        "acs": "asc",
        "desc": "desc"
      },
      {
        "colId": "workStatus",
        "orderByKey": "orderBy",
        "orderByValue": "workStatus",
        "orderTypeKey": "orderType",
        "acs": "asc",
        "desc": "desc"
      },
      {
        "colId": "name",
        "orderByKey": "orderBy",
        "orderByValue": "name",
        "orderTypeKey": "orderType",
        "acs": "asc",
        "desc": "desc"
      },
      {
        "colId": "lastModifier",
        "orderByKey": "orderBy",
        "orderByValue": "lastModifier",
        "orderTypeKey": "orderType",
        "acs": "asc",
        "desc": "desc"
      },
      {
        "colId": "modifiedTime",
        "orderByKey": "orderBy",
        "orderByValue": "modifiedTime",
        "orderTypeKey": "orderType",
        "acs": "asc",
        "desc": "desc"
      },
      {
        "colId": "taskCode",
        "orderByKey": "orderBy",
        "orderByValue": "taskCode",
        "orderTypeKey": "orderType",
        "acs": "asc",
        "desc": "desc"
      },
      {
        "colId": "priority.name",
        "orderByKey": "orderBy",
        "orderByValue": "priority",
        "orderTypeKey": "orderType",
        "acs": "asc",
        "desc": "desc"
      },
      {
        "colId": "responsibleOrganization.groupName",
        "orderByKey": "orderBy",
        "orderByValue": "responsibleOrganization",
        "orderTypeKey": "orderType",
        "acs": "asc",
        "desc": "desc"
      }
    ],
    "defaultSortModel": [
      {
        "colId": "modifiedTime",
        "sort": "desc"
      }
    ]
  }
}