{
  "gridOptions": {
    "suppressHorizontalScroll": false,
    "rowModelType": "serverSide",
    "rowSelection": "multiple",
    "suppressRowClickSelection": true,
    "suppressCellSelection": true,
    "suppressCapitalization": true,
    "columnDefs": [
      {
        "headerName": "",
        "field": "checkbox",
        "headerComponent": "gxAgGridSelectAllCheckBox",
        "headerCheckboxSelection": true,
        "checkboxSelection": true,
        "suppressMovable": true,
        "lockPosition": true
      },
      {
        "headerName": "ACE_REGION",
        "field": "projectEntity.salesL2.name",
        "cellRenderer": "gxAgGridTooltip",
        "pinned": "",
        "cellRendererParams": {
          "suppressCapitalization": true
        },
        "width": 200,
        "sortable": true,
        "index": 20
      },
      {
        "headerName": "ACE_MARKET",
        "field": "projectEntity.salesL3.name",
        "cellRenderer": "gxAgGridTooltip",
        "width": 200,
        "sortable": true,
        "pinned": "",
        "index": 21
      },
      {
        "headerName": "ACE_SUBMARKET",
        "field": "projectEntity.salesL4.name",
        "cellRenderer": "gxAgGridTooltip",
        "sortable": true,
        "width": 200,
        "index": 22
      },
      {
        "headerName": "VP_GM_REGION",
        "field": "projectEntity.siteCustomFieldId.siteTextField1",
        "cellRenderer": "gxAgGridTooltip",
        "width": 220,
        "sortable": true,
        "index": 23,
        "pinned": ""
      },
      {
        "headerName": "VP_GM_MARKET",
        "field": "projectEntity.siteCustomFieldId.siteTextField2",
        "cellRenderer": "gxAgGridTooltip",
        "width": 200,
        "sortable": true,
        "index": 24,
        "pinned": ""
      },
      {
        "headerName": "VP_GM_SUBMARKET",
        "field": "projectEntity.siteCustomFieldId.siteTextField3",
        "cellRenderer": "gxAgGridTooltip",
        "width": 200,
        "sortable": true,
        "index": 25,
        "pinned": ""
      },
      {
        "headerName": "RAN_REGION",
        "field": "projectEntity.entityGeographyL2.name",
        "cellRenderer": "gxAgGridTooltip",
        "width": 200,
        "sortable": true,
        "index": 26,
        "pinned": ""
      },
      {
        "headerName": "RAN_MARKET",
        "field": "projectEntity.entityGeographyL3.name",
        "cellRenderer": "gxAgGridTooltip",
        "width": 200,
        "sortable": true,
        "index": 27,
        "pinned": ""
      },
      {
        "headerName": "RAN_SUBMARKET",
        "field": "projectEntity.entityGeographyL4.name",
        "cellRenderer": "gxAgGridTooltip",
        "width": 200,
        "sortable": true,
        "index": 28,
        "pinned": ""
      },
      {
        "headerName": "FINANCE_REGION",
        "field": "projectEntity.siteCustomFieldId.siteTextField4",
        "cellRenderer": "gxAgGridTooltip",
        "width": 200,
        "sortable": true,
        "index": 29
      },
      {
        "headerName": "FINANCE_MARKET",
        "field": "projectEntity.siteCustomFieldId.siteTextField5",
        "cellRenderer": "gxAgGridTooltip",
        "width": 200,
        "sortable": true,
        "index": 30
      },
      {
        "headerName": "FINANCE_SUBMARKET",
        "field": "projectEntity.siteCustomFieldId.siteTextField6",
        "cellRenderer": "gxAgGridTooltip",
        "width": 200,
        "sortable": true,
        "index": 31
      },
      {
        "headerName": "CLLI",
        "field": "projectEntity.customTextField2",
        "cellRenderer": "gxAgGridTooltip",
        "width": 200,
        "sortable": true,
        "index": 33
      },
      {
        "headerName": "CLLIPSA",
        "field": "siteJob.identifier9",
        "cellRenderer": "gxAgGridTooltip",
        "width": 200,
        "sortable": true,
        "index": 33
      },
      {
        "headerName": "BUSINESS_GROUP",
        "field": "projectEntity.technology.name",
        "cellRenderer": "gxAgGridTooltip",
        "width": 220,
        "sortable": true,
        "index": 32
      },
      {
        "headerName": "RCP_SITE_ID",
        "field": "projectEntity.referenceId",
        "cellRenderer": "gxAgGridTooltip",
        "width": 200,
        "sortable": true,
        "index": 10
      },
      {
        "headerName": "FA_LOCATION_CODE",
        "field": "projectEntity.siteIdentifier",
        "cellRenderer": "gxAgGridTooltip",
        "width": 200,
        "sortable": true,
        "index": 33
      },
      {
        "headerName": "SWC",
        "field": "projectEntity.customTextField7",
        "cellRenderer": "gxAgGridTooltip",
        "width": 200,
        "sortable": true,
        "index": 33
      },
      {
        "headerName": "USID",
        "field": "projectEntity.sarfId",
        "cellRenderer": "gxAgGridTooltip",
        "width": 200,
        "sortable": true,
        "index": 34
      },
      {
        "headerName": "RCP_JOB_NUMBER",
        "field": "siteJob.referenceId",
        "cellRenderer": "gxAgGridTooltip",
        "width": 200,
        "sortable": true,
        "index": 16
      },
      {
        "headerName": "RCP_JOB_NAME",
        "field": "siteJob.name",
        "cellRenderer": "gxAgGridTooltip",
        "width": 200,
        "sortable": true,
        "index": 35
      },
      {
        "headerName": "PACE_JOB_NUMBER",
        "field": "siteJob.identifier7",
        "cellRenderer": "gxAgGridTooltip",
        "width": 200,
        "sortable": true,
        "index": 36
      },
      {
        "headerName": "ATOLL_SITE_NAME",
        "field": "projectEntity.name",
        "cellRenderer": "gxAgGridTooltip",
        "width": 200,
        "sortable": true
      },
      {
        "headerName": "WORKORDER_STATUS",
        "field": "projectStatus",
        "cellRendererParams": {
          "suppressCapitalization": true,
          "suppressTranslation": false
        },
        "cellRenderer": "gxAgGridCellStatus",
        "sortable": true,
        "index": 1
      },
      {
        "headerName": "WORKORDER_NAME",
        "field": "name",
        "width": 210,
        "cellRenderer": "gxAgGridTooltip",
        "sortable": true,
        "index": 3
      },
      {
        "headerName": "VERSION",
        "field": "templateVersion",
        "cellRenderer": "gxAgGridTooltip",
        "width": 200,
        "sortable": true,
        "index": 5
      },
      {
        "headerName": "WORKORDER_ID",
        "field": "workOrderNumber",
        "cellRenderer": "gxAgGridTooltip",
        "width": 200,
        "sortable": true,
        "index": 7
      },
      {
        "headerName": "PLANNED_START_&_END _DATE",
        "cellRenderer": "myCustomDates",
        "valueGetter": "myCustomDate",
        "field": "plannedDate",
        "minDate": "plannedStartDate",
        "maxDate": "plannedEndDate",
        "index": 12,
        "sortable": false
      },
      {
        "headerName": "ACTUAL_START_&_END_DATE",
        "cellRenderer": "myCustomDates",
        "valueGetter": "myCustomDate",
        "field": "actualDate",
        "minDate": "actualStartDate",
        "maxDate": "actualEndDate",
        "index": 13,
        "sortable": false
      },
      {
        "headerName": "MILESTONE",
        "field": "workStatus",
        "cellRenderer": "gxAgGridTooltip",
        "cellRendererParams": {
          "suppressCapitalization": true,
          "suppressTranslation": false
        },
        "sortable": true,
        "index": 14
      },
      {
        "headerName": "RESPONSIBLE_ORGANIZATION",
        "key": "responsibleOrganization",
        "ellipsisValue": "10",
        "field": "groupNameList",
        "valueGetter": "myCustomgroupNameList",
        "cellRenderer": "myCustomResponsibleOrganization",
        "width": 210,
        "displayKey": "groupName",
        "suppressCellClick": true,
        "sortable": false,
        "index": 19
      },
      {
        "headerName": "MODIFIED_BY",
        "field": "lastModifier",
        "cellRenderer": "gxAgGridTooltip",
        "width": 200,
        "sortable": true,
        "index": 42
      },
      {
        "headerName": "MODIFIED_DATE",
        "field": "modifiedTime",
        "cellRenderer": "gxAgGridDateAndTime",
        "width": 200,
        "sortable": true,
        "index": 43
      },
      {
        "headerName": "CFAS_PROJECT_NUMBER",
        "field": "identifier",
        "cellRenderer": "gxAgGridTooltip",
        "width": 200,
        "sortable": true
      },
      {
        "headerName": "SWC_WIRELINE_OPS_OWNER",
        "field": "siteJob.identifier8",
        "cellRenderer": "gxAgGridTooltip",
        "width": 200,
        "sortable": true
      },
      {
        "headerName": "NATIONAL_PROGRAM",
        "field": "siteJob.siteJobCustomField.siteJobTextField15",
        "cellRenderer": "gxAgGridTooltip",
        "width": 200,
        "sortable": true
      },
      {
        "headerName": "PRIMARY_JOB",
        "field": "siteJob.primaryReferenceId",
        "cellRenderer": "gxAgGridTooltip",
        "width": 200,
        "sortable": true
      },
      {
        "headerName": "JOB_CATEGORIES",
        "field": "siteJob.type",
        "cellRenderer": "gxAgGridTooltip",
        "width": 200,
        "sortable": true
      },
      {
        "headerName": "PM1",
        "field": "siteJob.siteJobCustomField.siteJobTextField12",
        "cellRenderer": "gxAgGridTooltip",
        "width": 200,
        "sortable": true
      },
      {
        "headerName": "PM2",
        "field": "siteJob.siteJobCustomField.siteJobTextField13",
        "cellRenderer": "gxAgGridTooltip",
        "width": 200,
        "sortable": true
      },
      {
        "headerName": "PM3",
        "field": "siteJob.siteJobCustomField.siteJobTextField14",
        "cellRenderer": "gxAgGridTooltip",
        "width": 200,
        "sortable": true
      },
      {
        "headerName": "Action",
        "field": "id",
        "pinned": "right",
        "cellRenderer": "gxAgGridMenuButton",
        "sortable": true
      }
    ]
  },
  "headerOptions": {
    "suppressViewSwitch": true,
    "refreshMenuConfig": {
      "dropdownList": [
        "10s",
        "30s",
        "1m",
        "1h"
      ],
      "suppressRefreshMenu": false,
      "suppressDropdown": true
    }
  },
  "componentOptions": {
    "exportOptions": {
      "fileName": "WorkOrder Grid Export",
      "rowHeight": "40px",
      "columnKeys": [
        "projectEntity.salesL2.name",
        "projectEntity.salesL3.name",
        "projectEntity.salesL4.name",
        "projectEntity.siteCustomFieldId.siteTextField1",
        "projectEntity.siteCustomFieldId.siteTextField2",
        "projectEntity.siteCustomFieldId.siteTextField3",
        "projectEntity.entityGeographyL2.name",
        "projectEntity.entityGeographyL3.name",
        "projectEntity.entityGeographyL4.name",
        "projectEntity.siteCustomFieldId.siteTextField4",
        "projectEntity.siteCustomFieldId.siteTextField5",
        "projectEntity.siteCustomFieldId.siteTextField6",
        "siteJob.identifier9",
        "projectEntity.technology.name",
        "projectEntity.referenceId",
        "projectEntity.siteIdentifier",
        "projectEntity.sarfId",
        "siteJob.referenceId",
        "siteJob.name",
        "siteJob.identifier7",
        "projectEntity.name",
        "projectStatus",
        "name",
        "templateVersion",
        "workOrderNumber",
        "plannedDate",
        "actualDate",
        "workStatus",
        "groupNameList",
        "lastModifier",
        "modifiedTime",
        "identifier",
        "siteJob.identifier8",
        "siteJob.siteJobCustomField.siteJobTextField15",
        "siteJob.primaryReferenceId",
        "siteJob.type",
        "siteJob.siteJobCustomField.siteJobTextField12",
        "siteJob.siteJobCustomField.siteJobTextField13",
        "siteJob.siteJobCustomField.siteJobTextField14"
      ]
    },
    "defaultView": "List"
  },
  "apiOptions": {
    "apiConfig": {
      "countConfig": {
        "context": "WORKORDER",
        "url": "/Project/searchRecordsCount",
        "countKey": "totalCount",
        "queryParamsUrl": "$totalCount&$_s",
        "fiqlKey": "_s",
        "defaultFiql": "id=ge=0;",
        "suppressNullValues": true,
        "quickFilterFiql": "(projectEntity.sarfId=='*$_s*',projectEntity.siteIdentifier=='*$_s*',name=='*$_s*',workOrderNumber=='*$_s*',siteJob.referenceId=='*$_s*',siteJob.name=='*$_s*',projectEntity.entityGeographyL3.name=='*$_s*',workStatus=='*$_s*',identifier=='*$_s*',projectEntity.salesL3.name=='*$_s*')",
        "suppressDefaultFiqlOnApply": true,
        "requestType": "GET",
        "params": {}
      },
      "dataConfig": {
        "context": "WORKORDER",
        "lLimitKey": "llimit",
        "uLimitKey": "ulimit",
        "url": "/Project/search",
        "suppressNullValues": true,
        "dataKey": "data",
        "params": {
          "orderBy": "modifiedTime",
          "orderType": "desc"
        },
        "queryParamsUrl": "$data&$_s&$llimit&$ulimit&$orderBy&$orderType",
        "requestType": "GET",
        "fiqlKey": "_s",
        "defaultFiql": "id=ge=0;",
        "suppressDefaultFiqlOnApply": true,
        "quickFilterFiql": "(projectEntity.sarfId=='*$_s*',projectEntity.siteIdentifier=='*$_s*',name=='*$_s*',workOrderNumber=='*$_s*',siteJob.referenceId=='*$_s*',siteJob.name=='*$_s*',projectEntity.entityGeographyL3.name=='*$_s*',workStatus=='*$_s*',identifier=='*$_s*',projectEntity.salesL3.name=='*$_s*')"
      }
    }
  },
  "footerOptions": {},
  "filterOptions": {
    "bookmarkConfig": {
      "enableBookmark": true,
      "bookmarkType": "WORKORDER_AGGRID"
    },
    "filterConfig": [
      {
        "type": "select",
        "label": "ACE_MARKET",
        "isDefaultOption": true,
        "key": "projectEntity.salesL3.name",
        "optionList": [],
        "apiConfig": {
          "rest": "SalesL3/searchWithLimitAndOrderBy?_s=(id=ge=0)&llimit=0&ulimit=498&orderBy=name&orderType=asc",
          "type": "GET",
          "context": "GEOGRAPHY",
          "dataKey": "name",
          "dataType": "object",
          "params": [],
          "valuekey": "productSite.salesL3.name"
        },
        "filterType": "quick"
      },
      {
        "type": "select",
        "label": "ACE_REGION",
        "isDefaultOption": true,
        "key": "projectEntity.salesL2.name",
        "apiConfig": {
          "rest": "SalesL2/searchWithLimitAndOrderBy?_s=(id=ge=0)&llimit=0&ulimit=498&orderBy=name&orderType=asc",
          "type": "GET",
          "context": "GEOGRAPHY",
          "dataKey": "name",
          "dataType": "object",
          "valuekey": "projectEntity.salesL2.name"
        },
        "filterType": "quick"
      },
      {
        "type": "select",
        "label": "ACE_SUBMARKET",
        "isDefaultOption": true,
        "key": "projectEntity.salesL4.name",
        "optionList": [],
        "apiConfig": {
          "rest": "SalesL4/searchWithLimitAndOrderBy?_s=(id=ge=0)&llimit=0&ulimit=498&orderBy=name&orderType=asc",
          "type": "GET",
          "context": "GEOGRAPHY",
          "dataKey": "name",
          "dataType": "object",
          "params": []
        },
        "filterType": "quick"
      },
      {
        "label": "ACTUAL_START_DATE_AND_END_DATE",
        "key": "actualStartDate",
        "endDateKey": "actualEndDate",
        "type": "daterangepicker",
        "format": "YYYY-MM-DD HH:mm:ss",
        "enableFutureDate": true,
        "hour": 23,
        "minute": 59,
        "second": 59,
        "filterType": "quick"
      },
      {
        "label": "ATOLL_SITE_NAME",
        "key": "projectEntity.name",
        "type": "autocomplete",
        "loaderEnable": true,
        "apiConfig": {
          "context": "SITE_MGMT",
          "rest": "projectEntity/search?_s=name=='*$name*'&orderBy=modifiedTime&orderType=desc&ulimit=49&llimit=0",
          "type": "GET",
          "dataType": "object",
          "dataKey": "name",
          "valuekey": "name",
          "params": [
            {
              "key": "name",
              "fromSearch": true
            }
          ]
        },
        "filterType": "quick"
      },
      {
        "label": "BUSINESS_GROUP",
        "key": "projectEntity.technology.name",
        "type": "autocomplete",
        "loaderEnable": true,
        "pattern": "^[^']*$",
        "apiConfig": {
          "context": "SITE_MGMT",
          "rest": "projectEntity/search?_s=(technology.name=='*$technology.name*')&orderBy=modifiedTime&orderType=desc&ulimit=49&llimit=0",
          "type": "GET",
          "dataType": "object",
          "dataKey": "technology.name",
          "valuekey": "technology.name",
          "params": [
            {
              "key": "technology.name",
              "fromSearch": true
            }
          ]
        },
        "filterType": "quick"
      },
      {
        "label": "CFAS_PROJECT_NUMBER",
        "key": "identifier",
        "type": "autocomplete",
        "pattern": "^[^']*$",
        "loaderEnable": true,
        "apiConfig": {
          "context": "WORKORDER",
          "rest": "/Project/search?_s=id=ge=0;identifier=='$identifier'&orderBy=modifiedTime&orderType=desc&ulimit=49&llimit=0",
          "type": "GET",
          "dataType": "object",
          "dataKey": "identifier",
          "valueKey": "identifier",
          "params": [
            {
              "key": "identifier",
              "fromSearch": true
            }
          ]
        },
        "filterType": "quick"
      },
      {
        "label": "CLLI",
        "key": "projectEntity.customTextField2",
        "type": "autocomplete",
        "loaderEnable": true,
        "apiConfig": {
          "context": "SITE_MGMT",
          "rest": "projectEntity/search?_s=customTextField2=='*$name*'&orderBy=modifiedTime&orderType=desc&ulimit=49&llimit=0",
          "type": "GET",
          "dataType": "object",
          "dataKey": "customTextField2",
          "valuekey": "customTextField2",
          "params": [
            {
              "key": "name",
              "fromSearch": true
            }
          ]
        },
        "filterType": "quick"
      },
      {
        "label": "CLLIPSA",
        "key": "siteJob.identifier9",
        "type": "input",
        "filterType": "quick"
      },
      {
        "label": "FA_LOCATION_CODE",
        "key": "projectEntity.siteIdentifier",
        "type": "autocomplete",
        "loaderEnable": true,
        "pattern": "^[^']*$",
        "apiConfig": {
          "context": "SITE_MGMT",
          "rest": "projectEntity/search?_s=siteIdentifier=='*$siteIdentifier*'&orderBy=modifiedTime&orderType=desc&ulimit=49&llimit=0",
          "type": "GET",
          "dataType": "object",
          "dataKey": "siteIdentifier",
          "valuekey": "siteIdentifier",
          "params": [
            {
              "key": "siteIdentifier",
              "fromSearch": true
            }
          ]
        },
        "filterType": "quick"
      },
      {
        "label": "FINANCE_MARKET",
        "key": "projectEntity.siteCustomFieldId.siteTextField5",
        "type": "autocomplete",
        "loaderEnable": true,
        "pattern": "^[^']*$",
        "apiConfig": {
          "context": "SITE_MGMT",
          "rest": "ProductSite/searchWithView?_s=id!=0;(siteCustomFieldId.siteTextField5=='*$siteCustomFieldId.siteTextField5*')&orderBy=modifiedTime&orderType=desc&ulimit=49&llimit=0",
          "type": "GET",
          "dataType": "object",
          "dataKey": "siteCustomFieldId.siteTextField5",
          "valuekey": "siteCustomFieldId.siteTextField5",
          "params": [
            {
              "key": "siteCustomFieldId.siteTextField5",
              "fromSearch": true
            }
          ]
        },
        "filterType": "quick"
      },
      {
        "label": "FINANCE_REGION",
        "key": "projectEntity.siteCustomFieldId.siteTextField4",
        "type": "autocomplete",
        "loaderEnable": true,
        "pattern": "^[^']*$",
        "apiConfig": {
          "context": "SITE_MGMT",
          "rest": "ProductSite/searchWithView?_s=id!=0;(siteCustomFieldId.siteTextField4=='*$siteCustomFieldId.siteTextField4*')&orderBy=modifiedTime&orderType=desc&ulimit=49&llimit=0",
          "type": "GET",
          "dataType": "object",
          "dataKey": "siteCustomFieldId.siteTextField4",
          "valuekey": "siteCustomFieldId.siteTextField4",
          "params": [
            {
              "key": "siteCustomFieldId.siteTextField4",
              "fromSearch": true
            }
          ]
        },
        "filterType": "quick"
      },
      {
        "label": "FINANCE_SUBMARKET",
        "key": "projectEntity.siteCustomFieldId.siteTextField6",
        "type": "autocomplete",
        "loaderEnable": true,
        "pattern": "^[^']*$",
        "apiConfig": {
          "context": "SITE_MGMT",
          "rest": "ProductSite/searchWithView?_s=id!=0;(siteCustomFieldId.siteTextField6=='*$siteCustomFieldId.siteTextField6*')&orderBy=modifiedTime&orderType=desc&ulimit=49&llimit=0",
          "type": "GET",
          "dataType": "object",
          "dataKey": "siteCustomFieldId.siteTextField6",
          "valuekey": "siteCustomFieldId.siteTextField6",
          "params": [
            {
              "key": "siteCustomFieldId.siteTextField6",
              "fromSearch": true
            }
          ]
        },
        "filterType": "quick"
      },
      {
        "label": "JOB_CATEGORIES",
        "key": "siteJob.type",
        "type": "select",
        "optionList": [
          {
            "name": "PRIMARY",
            "value": "PRIMARY"
          },
          {
            "name": "SECONDARY",
            "value": "SECONDARY"
          },
          {
            "name": "STANDALONE",
            "value": "STANDALONE"
          }
        ],
        "filterType": "quick"
      },
      {
        "label": "MILESTONE",
        "key": "workStatus",
        "type": "autocomplete",
        "loaderEnable": true,
        "isTranslateRequired": false,
        "suppressTranslate": true,
        "apiConfig": {
          "context": "WORKORDER",
          "rest": "/Project/getDistinctWorkStatus?workStatus=$workStatus",
          "type": "GET",
          "dataType": "object",
          "params": [
            {
              "key": "workStatus",
              "fromSearch": true
            }
          ]
        },
        "filterType": "quick"
      },
      {
        "label": "MODIFIED_BY",
        "key": "lastModifier",
        "type": "autocomplete",
        "pattern": "^[^']*$",
        "loaderEnable": true,
        "apiConfig": {
          "context": "WORKORDER",
          "rest": "/SiteJob/search?_s=lastModifier=='*$lastModifier*'&llimit=0&ulimit=49&orderBy=referenceId&orderType=asc",
          "type": "GET",
          "dataType": "object",
          "dataKey": "lastModifier",
          "valueKey": "lastModifier",
          "params": [
            {
              "key": "lastModifier",
              "fromSearch": true
            }
          ]
        },
        "filterType": "quick"
      },
      {
        "label": "MODIFIED_DATE",
        "key": "modifiedTime",
        "type": "daterangepicker",
        "format": "YYYY-MM-DD HH:mm:ss",
        "hour": 23,
        "minute": 59,
        "second": 59,
        "filterType": "quick"
      },
      {
        "label": "NATIONAL_PROGRAM",
        "key": "siteJob.siteJobCustomField.siteJobTextField15",
        "type": "autocomplete",
        "filterType": "quick",
        "loaderEnable": true,
        "apiConfig": {
          "context": "WORKORDER",
          "rest": "/SiteJob/search?_s=(siteJobCustomField.siteJobTextField15=='*$ID*')&llimit=0&ulimit=49&orderBy=referenceId&orderType=asc",
          "type": "GET",
          "dataType": "object",
          "dataKey": "siteJobCustomField.siteJobTextField15",
          "valueKey": "siteJobCustomField.siteJobTextField15",
          "params": [
            {
              "key": "ID",
              "fromSearch": true
            }
          ]
        }
      },
      {
        "label": "PACE_JOB_NUMBER",
        "key": "siteJob.identifier7",
        "type": "autocomplete",
        "pattern": "^[^']*$",
        "loaderEnable": true,
        "apiConfig": {
          "context": "WORKORDER",
          "rest": "/SiteJob/search?_s=identifier7=='*$identifier7*'&llimit=0&ulimit=49&orderBy=referenceId&orderType=asc",
          "type": "GET",
          "dataType": "object",
          "dataKey": "identifier7",
          "valueKey": "identifier7",
          "params": [
            {
              "key": "identifier7",
              "fromSearch": true
            }
          ]
        },
        "filterType": "quick"
      },
      {
        "label": "PLANNED_START_DATE_AND_END_DATE",
        "key": "plannedStartDate",
        "endDateKey": "plannedEndDate",
        "type": "daterangepicker",
        "format": "YYYY-MM-DD HH:mm:ss",
        "enableFutureDate": true,
        "hour": 23,
        "minute": 59,
        "second": 59,
        "filterType": "quick"
      },
      {
        "label": "PM1",
        "key": "siteJob.siteJobCustomField.siteJobTextField12",
        "type": "autocomplete",
        "filterType": "quick",
        "loaderEnable": true,
        "apiConfig": {
          "context": "WORKORDER",
          "rest": "/SiteJob/search?_s=(siteJobCustomField.siteJobTextField12=='*$ID*')&llimit=0&ulimit=49&orderBy=referenceId&orderType=asc",
          "type": "GET",
          "dataType": "object",
          "dataKey": "siteJobCustomField.siteJobTextField12",
          "valueKey": "siteJobCustomField.siteJobTextField12",
          "params": [
            {
              "key": "ID",
              "fromSearch": true
            }
          ]
        }
      },
      {
        "label": "PM2",
        "key": "siteJob.siteJobCustomField.siteJobTextField13",
        "type": "autocomplete",
        "filterType": "quick",
        "loaderEnable": true,
        "apiConfig": {
          "context": "WORKORDER",
          "rest": "/SiteJob/search?_s=(siteJobCustomField.siteJobTextField13=='*$ID*')&llimit=0&ulimit=49&orderBy=referenceId&orderType=asc",
          "type": "GET",
          "dataType": "object",
          "dataKey": "siteJobCustomField.siteJobTextField13",
          "valueKey": "siteJobCustomField.siteJobTextField13",
          "params": [
            {
              "key": "ID",
              "fromSearch": true
            }
          ]
        }
      },
      {
        "label": "PM3",
        "key": "siteJob.siteJobCustomField.siteJobTextField14",
        "type": "autocomplete",
        "filterType": "quick",
        "loaderEnable": true,
        "apiConfig": {
          "context": "WORKORDER",
          "rest": "/SiteJob/search?_s=(siteJobCustomField.siteJobTextField14=='*$ID*')&llimit=0&ulimit=49&orderBy=referenceId&orderType=asc",
          "type": "GET",
          "dataType": "object",
          "dataKey": "siteJobCustomField.siteJobTextField14",
          "valueKey": "siteJobCustomField.siteJobTextField14",
          "params": [
            {
              "key": "ID",
              "fromSearch": true
            }
          ]
        }
      },
      {
        "label": "PRIMARY_JOB",
        "key": "siteJob.primaryReferenceId",
        "type": "autocomplete",
        "filterType": "quick",
        "loaderEnable": true,
        "apiConfig": {
          "context": "WORKORDER",
          "rest": "/SiteJob/search?_s=(primaryReferenceId=='*$ID*')&llimit=0&ulimit=49&orderBy=referenceId&orderType=asc",
          "type": "GET",
          "dataType": "object",
          "dataKey": "primaryReferenceId",
          "valueKey": "primaryReferenceId",
          "params": [
            {
              "key": "ID",
              "fromSearch": true
            }
          ]
        }
      },
      {
        "label": "RAN_MARKET",
        "key": "projectEntity.entityGeographyL3.name",
        "type": "autocomplete",
        "loaderEnable": true,
        "pattern": "^[^']*$",
        "apiConfig": {
          "context": "SITE_MGMT",
          "rest": "projectEntity/search?_s=(entityGeographyL3.name=='*$entityGeographyL3.name*')&orderBy=modifiedTime&orderType=desc&ulimit=49&llimit=0",
          "type": "GET",
          "dataType": "object",
          "dataKey": "entityGeographyL3.name",
          "valuekey": "entityGeographyL3.name",
          "params": [
            {
              "key": "entityGeographyL3.name",
              "fromSearch": true
            }
          ]
        },
        "filterType": "quick"
      },
      {
        "label": "RAN_REGION",
        "key": "projectEntity.entityGeographyL2.name",
        "type": "autocomplete",
        "loaderEnable": true,
        "pattern": "^[^']*$",
        "apiConfig": {
          "context": "SITE_MGMT",
          "rest": "projectEntity/search?_s=(entityGeographyL2.name=='*$entityGeographyL2.name*')&orderBy=modifiedTime&orderType=desc&ulimit=49&llimit=0",
          "type": "GET",
          "dataType": "object",
          "dataKey": "entityGeographyL2.name",
          "valuekey": "entityGeographyL2.name",
          "params": [
            {
              "key": "entityGeographyL2.name",
              "fromSearch": true
            }
          ]
        },
        "filterType": "quick"
      },
      {
        "label": "RAN_SUBMARKET",
        "key": "projectEntity.entityGeographyL4.name",
        "type": "autocomplete",
        "loaderEnable": true,
        "pattern": "^[^']*$",
        "apiConfig": {
          "context": "SITE_MGMT",
          "rest": "projectEntity/search?_s=(entityGeographyL4.name=='*$entityGeographyL4.name*')&orderBy=modifiedTime&orderType=desc&ulimit=49&llimit=0",
          "type": "GET",
          "dataType": "object",
          "dataKey": "entityGeographyL4.name",
          "valuekey": "entityGeographyL4.name",
          "params": [
            {
              "key": "entityGeographyL4.name",
              "fromSearch": true
            }
          ]
        },
        "filterType": "quick"
      },
      {
        "label": "RCP_JOB_NAME",
        "key": "siteJob.name",
        "type": "autocomplete",
        "pattern": "^[^']*$",
        "loaderEnable": true,
        "apiConfig": {
          "context": "WORKORDER",
          "rest": "/SiteJob/search?_s=name=='*$name*'&llimit=0&ulimit=49&orderBy=referenceId&orderType=asc",
          "type": "GET",
          "dataType": "object",
          "dataKey": "name",
          "valueKey": "name",
          "params": [
            {
              "key": "name",
              "fromSearch": true
            }
          ]
        },
        "filterType": "quick"
      },
      {
        "label": "RCP_JOB_NUMBER",
        "key": "siteJob.referenceId",
        "type": "autocomplete",
        "pattern": "^[^']*$",
        "loaderEnable": true,
        "apiConfig": {
          "context": "WORKORDER",
          "rest": "/SiteJob/searchList?_s=referenceId=='*$referenceId*'&llimit=0&ulimit=49&orderBy=referenceId&orderType=asc",
          "type": "GET",
          "dataType": "object",
          "dataKey": "referenceId",
          "valueKey": "referenceId",
          "params": [
            {
              "key": "referenceId",
              "fromSearch": true
            }
          ]
        },
        "filterType": "quick"
      },
      {
        "label": "RCP_SITE_ID",
        "key": "projectEntity.referenceId",
        "type": "autocomplete",
        "loaderEnable": true,
        "apiConfig": {
          "context": "SITE_MGMT",
          "rest": "projectEntity/search?_s=referenceId=='*$referenceId*'&orderBy=modifiedTime&orderType=desc&ulimit=49&llimit=0",
          "type": "GET",
          "dataType": "object",
          "dataKey": "referenceId",
          "valuekey": "referenceId",
          "params": [
            {
              "key": "referenceId",
              "fromSearch": true
            }
          ]
        },
        "filterType": "quick"
      },
      {
        "label": "SWC",
        "key": "projectEntity.customTextField7",
        "type": "autocomplete",
        "loaderEnable": true,
        "apiConfig": {
          "context": "SITE_MGMT",
          "rest": "projectEntity/search?_s=customTextField7=='*$name*'&orderBy=modifiedTime&orderType=desc&ulimit=49&llimit=0",
          "type": "GET",
          "dataType": "object",
          "dataKey": "customTextField7",
          "valuekey": "customTextField7",
          "params": [
            {
              "key": "name",
              "fromSearch": true
            }
          ]
        },
        "filterType": "quick"
      },
      {
        "label": "SWC_WIRELINE_OPS_OWNER",
        "key": "siteJob.identifier8",
        "type": "autocomplete",
        "pattern": "^[^']*$",
        "loaderEnable": true,
        "apiConfig": {
          "context": "WORKORDER",
          "rest": "/SiteJob/search?_s=identifier8=='*$identifier8*'&llimit=0&ulimit=49&orderBy=referenceId&orderType=asc",
          "type": "GET",
          "dataType": "object",
          "dataKey": "identifier8",
          "valueKey": "identifier8",
          "params": [
            {
              "key": "identifier8",
              "fromSearch": true
            }
          ]
        },
        "filterType": "quick"
      },
      {
        "label": "USID",
        "key": "projectEntity.sarfId",
        "type": "autocomplete",
        "loaderEnable": true,
        "pattern": "^[^']*$",
        "apiConfig": {
          "context": "SITE_MGMT",
          "rest": "projectEntity/search?_s=sarfId=='*$sarfId*'&orderBy=modifiedTime&orderType=desc&ulimit=49&llimit=0",
          "type": "GET",
          "dataType": "object",
          "dataKey": "sarfId",
          "valuekey": "sarfId",
          "params": [
            {
              "key": "sarfId",
              "fromSearch": true
            }
          ]
        },
        "filterType": "quick"
      },
      {
        "label": "VP_GM_MARKET",
        "key": "projectEntity.siteCustomFieldId.siteTextField2",
        "type": "autocomplete",
        "loaderEnable": true,
        "pattern": "^[^']*$",
        "apiConfig": {
          "context": "SITE_MGMT",
          "rest": "ProductSite/searchWithView?_s=id!=0;(siteCustomFieldId.siteTextField2=='*$siteCustomFieldId.siteTextField2*')&orderBy=modifiedTime&orderType=desc&ulimit=49&llimit=0",
          "type": "GET",
          "dataType": "object",
          "dataKey": "siteCustomFieldId.siteTextField2",
          "valuekey": "siteCustomFieldId.siteTextField2",
          "params": [
            {
              "key": "siteCustomFieldId.siteTextField2",
              "fromSearch": true
            }
          ]
        },
        "filterType": "quick"
      },
      {
        "label": "VP_GM_REGION",
        "key": "projectEntity.siteCustomFieldId.siteTextField1",
        "type": "autocomplete",
        "loaderEnable": true,
        "pattern": "^[^']*$",
        "apiConfig": {
          "context": "SITE_MGMT",
          "rest": "ProductSite/searchWithView?_s=id!=0;(siteCustomFieldId.siteTextField1=='*$siteCustomFieldId.siteTextField1*')&orderBy=modifiedTime&orderType=desc&ulimit=49&llimit=0",
          "type": "GET",
          "dataType": "object",
          "dataKey": "siteCustomFieldId.siteTextField1",
          "valuekey": "siteCustomFieldId.siteTextField1",
          "params": [
            {
              "key": "siteCustomFieldId.siteTextField1",
              "fromSearch": true
            }
          ]
        },
        "filterType": "quick"
      },
      {
        "label": "VP_GM_SUBMARKET",
        "key": "projectEntity.siteCustomFieldId.siteTextField3",
        "type": "autocomplete",
        "loaderEnable": true,
        "pattern": "^[^']*$",
        "apiConfig": {
          "context": "SITE_MGMT",
          "rest": "ProductSite/searchWithView?_s=id!=0;(siteCustomFieldId.siteTextField3=='*$siteCustomFieldId.siteTextField3*')&orderBy=modifiedTime&orderType=desc&ulimit=49&llimit=0",
          "type": "GET",
          "dataType": "object",
          "dataKey": "siteCustomFieldId.siteTextField3",
          "valuekey": "siteCustomFieldId.siteTextField3",
          "params": [
            {
              "key": "siteCustomFieldId.siteTextField3",
              "fromSearch": true
            }
          ]
        },
        "filterType": "quick"
      },
      {
        "label": "WORKORDER_ID",
        "key": "workOrderNumber",
        "type": "autocomplete",
        "placeholder": "WORKORDER_ID",
        "apiConfig": {
          "context": "WORKORDER",
          "rest": "/Project/search?_s=id=ge=0;workOrderNumber=='*$workOrderNumber*'&orderBy=modifiedTime&orderType=desc&ulimit=498&llimit=0",
          "type": "GET",
          "dataType": "object",
          "dataKey": "workOrderNumber",
          "valueKey": "workOrderNumber",
          "params": [
            {
              "key": "workOrderNumber",
              "fromSearch": true
            }
          ]
        },
        "filterType": "quick"
      },
      {
        "label": "WORKORDER_NAME",
        "key": "name",
        "type": "autocomplete",
        "placeholder": "WORKORDER_NAME",
        "apiConfig": {
          "context": "WORKORDER",
          "rest": "/Project/search?_s=id=ge=0;name=='*$name*'&orderBy=modifiedTime&orderType=desc&ulimit=498&llimit=0",
          "type": "GET",
          "dataType": "object",
          "dataKey": "name",
          "valueKey": "name",
          "params": [
            {
              "key": "name",
              "fromSearch": true
            }
          ]
        },
        "filterType": "quick"
      },
      {
        "label": "WORKORDER_STATUS",
        "key": "projectStatus",
        "type": "box",
        "optionList": [
          {
            "name": "COMPLETED",
            "value": "COMPLETED"
          },
          {
            "name": "IN_PROGRESS",
            "value": "IN_PROGRESS"
          },
          {
            "name": "INSTANTIATING",
            "value": "INSTANTIATING"
          },
          {
            "name": "ON_HOLD",
            "value": "ON_HOLD"
          },
          {
            "name": "FORCE_CLOSED",
            "value": "FORCE_CLOSED"
          },
          {
            "name": "YET_TO_START",
            "value": "YET_TO_START"
          }
        ],
        "filterType": "quick"
      },
      {
        "label": "VERSION",
        "key": "templateVersion",
        "type": "autocomplete",
        "loaderEnable": true,
        "pattern": "^[0-9]+$",
        "apiConfig": {
          "context": "WORKORDER",
          "rest": "/Project/search?_s=id=ge=0;templateVersion=='$templateVersion'&orderBy=modifiedTime&orderType=desc&ulimit=49&llimit=0",
          "type": "GET",
          "dataType": "object",
          "dataKey": "templateVersion",
          "valuekey": "templateVersion",
          "params": [
            {
              "key": "templateVersion",
              "fromSearch": true
            }
          ]
        },
        "filterType": "quick",
        "suppressLike": true
      }
    ]
  },
  "sortingOptions": {
    "sortConfig": [
      {
        "colId": "projectStatus",
        "orderByKey": "orderBy",
        "orderByValue": "projectStatus",
        "orderTypeKey": "orderType"
      },
      {
        "colId": "name",
        "orderByKey": "orderBy",
        "orderByValue": "name",
        "orderTypeKey": "orderType"
      },
      {
        "colId": "workOrderNumber",
        "orderByKey": "orderBy",
        "orderByValue": "workOrderNumber",
        "orderTypeKey": "orderType"
      },
      {
        "colId": "projectEntity.referenceId",
        "orderByKey": "orderBy",
        "orderByValue": "projectEntity.referenceId",
        "orderTypeKey": "orderType"
      },
      {
        "colId": "workStatus",
        "orderByKey": "orderBy",
        "orderByValue": "workStatus",
        "orderTypeKey": "orderType"
      },
      {
        "colId": "templateVersion",
        "orderByKey": "orderBy",
        "orderByValue": "templateVersion",
        "orderTypeKey": "orderType"
      },
      {
        "colId": "siteJob.referenceId",
        "orderByKey": "orderBy",
        "orderByValue": "siteJob.referenceId",
        "orderTypeKey": "orderType"
      },
      {
        "colId": "groupNameList",
        "orderByKey": "orderBy",
        "orderByValue": "groupNameList",
        "orderTypeKey": "orderType"
      },
      {
        "colId": "plannedStartDate",
        "orderByKey": "orderBy",
        "orderByValue": "plannedStartDate",
        "orderTypeKey": "orderType"
      },
      {
        "colId": "projectEntity.salesL2.name",
        "orderByKey": "orderBy",
        "orderByValue": "projectEntity.salesL2.name",
        "orderTypeKey": "orderType"
      },
      {
        "colId": "projectEntity.salesL3.name",
        "orderByKey": "orderBy",
        "orderByValue": "projectEntity.salesL3.name",
        "orderTypeKey": "orderType"
      },
      {
        "colId": "projectEntity.salesL4.name",
        "orderByKey": "orderBy",
        "orderByValue": "projectEntity.salesL4.name",
        "orderTypeKey": "orderType"
      },
      {
        "colId": "projectEntity.siteCustomFieldId.siteTextField1",
        "orderByKey": "orderBy",
        "orderByValue": "projectEntity.siteCustomFieldId.siteTextField1",
        "orderTypeKey": "orderType"
      },
      {
        "colId": "projectEntity.siteCustomFieldId.siteTextField2",
        "orderByKey": "orderBy",
        "orderByValue": "projectEntity.siteCustomFieldId.siteTextField2",
        "orderTypeKey": "orderType"
      },
      {
        "colId": "projectEntity.siteCustomFieldId.siteTextField3",
        "orderByKey": "orderBy",
        "orderByValue": "projectEntity.siteCustomFieldId.siteTextField3",
        "orderTypeKey": "orderType"
      },
      {
        "colId": "projectEntity.entityGeographyL2.name",
        "orderByKey": "orderBy",
        "orderByValue": "projectEntity.entityGeographyL2.name",
        "orderTypeKey": "orderType"
      },
      {
        "colId": "projectEntity.entityGeographyL3.name",
        "orderByKey": "orderBy",
        "orderByValue": "projectEntity.entityGeographyL3.name",
        "orderTypeKey": "orderType"
      },
      {
        "colId": "projectEntity.entityGeographyL4.name",
        "orderByKey": "orderBy",
        "orderByValue": "projectEntity.entityGeographyL4.name",
        "orderTypeKey": "orderType"
      },
      {
        "colId": "projectEntity.siteCustomFieldId.siteTextField4",
        "orderByKey": "orderBy",
        "orderByValue": "projectEntity.siteCustomFieldId.siteTextField4",
        "orderTypeKey": "orderType"
      },
      {
        "colId": "projectEntity.siteCustomFieldId.siteTextField5",
        "orderByKey": "orderBy",
        "orderByValue": "projectEntity.siteCustomFieldId.siteTextField5",
        "orderTypeKey": "orderType"
      },
      {
        "colId": "projectEntity.siteCustomFieldId.siteTextField6",
        "orderByKey": "orderBy",
        "orderByValue": "projectEntity.siteCustomFieldId.siteTextField6",
        "orderTypeKey": "orderType"
      },
      {
        "colId": "projectEntity.technology.name",
        "orderByKey": "orderBy",
        "orderByValue": "projectEntity.technology.name",
        "orderTypeKey": "orderType"
      },
      {
        "colId": "projectEntity.sarfId",
        "orderByKey": "orderBy",
        "orderByValue": "projectEntity.sarfId",
        "orderTypeKey": "orderType"
      },
      {
        "colId": "projectEntity.siteIdentifier",
        "orderByKey": "orderBy",
        "orderByValue": "projectEntity.siteIdentifier",
        "orderTypeKey": "orderType"
      },
      {
        "colId": "siteJob.name",
        "orderByKey": "orderBy",
        "orderByValue": "siteJob.name",
        "orderTypeKey": "orderType"
      },
      {
        "colId": "siteJob.identifier7",
        "orderByKey": "orderBy",
        "orderByValue": "siteJob.identifier7",
        "orderTypeKey": "orderType"
      },
      {
        "colId": "plannedEndDate",
        "orderByKey": "orderBy",
        "orderByValue": "plannedEndDate",
        "orderTypeKey": "orderType"
      },
      {
        "colId": "actualStartDate",
        "orderByKey": "orderBy",
        "orderByValue": "actualStartDate",
        "orderTypeKey": "orderType"
      },
      {
        "colId": "actualEndDate",
        "orderByKey": "orderBy",
        "orderByValue": "actualEndDate",
        "orderTypeKey": "orderType"
      },
      {
        "colId": "lastModifier",
        "orderByKey": "orderBy",
        "orderByValue": "lastModifier",
        "orderTypeKey": "orderType"
      },
      {
        "colId": "modifiedTime",
        "orderByKey": "orderBy",
        "orderByValue": "modifiedTime",
        "orderTypeKey": "orderType"
      },
      {
        "colId": "identifier",
        "orderByKey": "orderBy",
        "orderByValue": "identifier",
        "orderTypeKey": "orderType"
      },
      {
        "colId": "siteJob.identifier8",
        "orderByKey": "orderBy",
        "orderByValue": "siteJob.identifier8",
        "orderTypeKey": "orderType"
      },
      {
        "colId": "projectEntity.name",
        "orderByKey": "orderBy",
        "orderByValue": "projectEntity.name",
        "orderTypeKey": "orderType"
      },
      {
        "colId": "siteJob.siteJobCustomField.siteJobTextField13",
        "orderByKey": "orderBy",
        "orderByValue": "siteJob.siteJobCustomField.siteJobTextField13",
        "orderTypeKey": "orderType"
      },
      {
        "colId": "siteJob.siteJobCustomField.siteJobTextField12",
        "orderByKey": "orderBy",
        "orderByValue": "siteJob.siteJobCustomField.siteJobTextField12",
        "orderTypeKey": "orderType"
      },
      {
        "colId": "siteJob.siteJobCustomField.siteJobTextField14",
        "orderByKey": "orderBy",
        "orderByValue": "siteJob.siteJobCustomField.siteJobTextField14",
        "orderTypeKey": "orderType"
      },
      {
        "colId": "type",
        "orderByKey": "orderBy",
        "orderByValue": "type",
        "orderTypeKey": "orderType"
      },
      {
        "colId": "siteJob.primaryReferenceId",
        "orderByKey": "orderBy",
        "orderByValue": "siteJob.primaryReferenceId",
        "orderTypeKey": "orderType"
      },
      {
        "colId": "siteJob.siteJobCustomField.siteJobTextField15",
        "orderByKey": "orderBy",
        "orderByValue": "siteJob.siteJobCustomField.siteJobTextField15",
        "orderTypeKey": "orderType"
      },
      {
        "colId": "siteJob.identifier9",
        "orderByKey": "orderBy",
        "orderByValue": "siteJob.identifier9",
        "orderTypeKey": "orderType"
      },
      {
        "colId": "projectEntity.siteCustomFieldId.siteTextField1",
        "orderByKey": "orderBy",
        "orderByValue": "projectEntity.siteCustomFieldId.siteTextField1",
        "orderTypeKey": "orderType"
      },
      {
        "colId": "projectEntity.siteCustomFieldId.siteTextField2",
        "orderByKey": "orderBy",
        "orderByValue": "projectEntity.siteCustomFieldId.siteTextField2",
        "orderTypeKey": "orderType"
      },
      {
        "colId": "projectEntity.siteCustomFieldId.siteTextField3",
        "orderByKey": "orderBy",
        "orderByValue": "projectEntity.siteCustomFieldId.siteTextField3",
        "orderTypeKey": "orderType"
      },
      {
        "colId": "projectEntity.customTextField2",
        "orderByKey": "orderBy",
        "orderByValue": "projectEntity.customTextField2",
        "orderTypeKey": "orderType"
      },
      {
        "colId": "projectEntity.customTextField7",
        "orderByKey": "orderBy",
        "orderByValue": "projectEntity.customTextField7",
        "orderTypeKey": "orderType"
      }
    ],
    "defaultSortModel": [
      {
        "colId": "modifiedTime",
        "sort": "desc"
      }
    ]
  }
}