<?xml version="1.0" encoding="UTF-8"?><xml><siteJobTemplateName>Existing Site</siteJobTemplateName><status>ACTIVE</status><band></band><siteJobTemplateVersion>1</siteJobTemplateVersion><siteType>Macro</siteType><technologyName>Wireless</technologyName><nominal></nominal><siteJobTypeList><siteJobTypeList0><siteJobTypeName>WireLess</siteJobTypeName><viewName>joboverview</viewName><displayViewName>Job Overview</displayViewName></siteJobTypeList0></siteJobTypeList><siteJobTemplateMappingList><siteJobTemplateMappingList0><projectTemplateName>Job Set Up</projectTemplateName><projectTemplateVersion>2</projectTemplateVersion><latestVersion>false</latestVersion><deleted>false</deleted></siteJobTemplateMappingList0></siteJobTemplateMappingList></xml>