<?xml version="1.0" encoding="UTF-8"?><xml><projectTemplateName>Job Set Up</projectTemplateName><projectTemplateCategory></projectTemplateCategory><projectTemplateProcessList><projectTemplateProcessList0><processDefinitionId>Process_1_717882:1:39663903</processDefinitionId><associatedWorkflowName>Job Set Up</associatedWorkflowName></projectTemplateProcessList0></projectTemplateProcessList><status>ACTIVE</status><siteType>Macro</siteType><band></band><label></label><woidPrefix>SETUP</woidPrefix><nominal></nominal><instantiationType>MULTIPLE</instantiationType><technologyName>Wireless</technologyName><timeBase>DAYS</timeBase><templateType>LOCAL</templateType><groups><groups0><groupTemplateName>Job Set Up</groupTemplateName><groupTemplateWeightage>100.0</groupTemplateWeightage><groupTemplateStartTime></groupTemplateStartTime><groupTemplateDuration>10</groupTemplateDuration><tasks><tasks0><taskTemplateObj><taskTemplateObj0 taskTemplateCategory="PM" taskTemplateName="Provide Job Data"/></taskTemplateObj><taskOrderWithinGroup>1</taskOrderWithinGroup><taskWeightageInGroup>100.0</taskWeightageInGroup><planStartTime>1</planStartTime><timeToExecute>10</timeToExecute><apiContext></apiContext><methodType></methodType><visibleToNotificationEnable>false</visibleToNotificationEnable><mandatory>false</mandatory><assigneeEnable>true</assigneeEnable><recallOwnerEnable>false</recallOwnerEnable><workGroupEnable>false</workGroupEnable><apiUrl></apiUrl><apiJson></apiJson><customApiToCall>false</customApiToCall><recallRollList></recallRollList><recallRestart></recallRestart><woActivityId></woActivityId><slaIdentifier></slaIdentifier><mileStoneStage></mileStoneStage><taskConfiguration>FULLY_CONFIGURED</taskConfiguration><taskCode></taskCode><priorityObj><priorityObj0 priorityName="Medium" priorityType="PROJECTTASK"/></priorityObj><templateNotificationList></templateNotificationList><templateTaskExecutionCategoryList></templateTaskExecutionCategoryList><taskActivityMappings><taskActivityMappings0 actionTooDo="" actionVisibleOn="BOTH" allocated="Administrator" allocator="" checkListAction="" completionMessage="" completionPercentage="100.0" contextJson="" defaultAssignee="" displayViewName="" isAcquire="false" isBulkReview="false" isOnSite="false" isReview="false" isValidate="false" isViewable="false" moduleStage="" reassign="false" roleList="Administrator" siteStage="" siteStatus="" skip="false" taskActionName="Complete" taskActionNameIcon="Like-Outline" taskStatus="" viewName="" workflowId="Process_1_717882:1:39663903" workflowTaskId="Activity_095ljtv" workflowTaskName="Provide Job Data"/><taskActivityMappings1 actionTooDo="" actionVisibleOn="BOTH" allocated="Project Manager" allocator="" checkListAction="" completionMessage="" completionPercentage="0.0" contextJson="" defaultAssignee="" displayViewName="" isAcquire="false" isBulkReview="false" isOnSite="false" isReview="false" isValidate="false" isViewable="true" moduleStage="" reassign="false" roleList="Project Manager" siteStage="" siteStatus="" skip="false" taskActionName="View" taskActionNameIcon="Eye-Outline" taskStatus="" viewName="" workflowId="Process_1_717882:1:39663903" workflowTaskId="Activity_095ljtv" workflowTaskName="Provide Job Data"/></taskActivityMappings></tasks0></tasks></groups0></groups><templateDependencyList/></xml>