<?xml version="1.0" encoding="UTF-8"?><bpmn2:definitions xmlns:xsi="http://www.w3.org/2001/XMLSchema-instance" xmlns:bpmn2="http://www.omg.org/spec/BPMN/20100524/MODEL" xmlns:bpmndi="http://www.omg.org/spec/BPMN/20100524/DI" xmlns:dc="http://www.omg.org/spec/DD/20100524/DC" xmlns:di="http://www.omg.org/spec/DD/20100524/DI" xmlns:camunda="http://camunda.org/schema/1.0/bpmn" id="sample-diagram" targetNamespace="http://bpmn.io/schema/bpmn" xsi:schemaLocation="http://www.omg.org/spec/BPMN/20100524/MODEL BPMN20.xsd">
  <bpmn2:process id="Process_1_717882" name="Job Set Up" isExecutable="true">
    <bpmn2:extensionElements>
      <camunda:properties>
        <camunda:property name="workOrderIDPrefix" value="JSU"/>
      </camunda:properties>
    </bpmn2:extensionElements>
    <bpmn2:startEvent id="StartEvent_1">
      <bpmn2:outgoing>Flow_0ttp5dw</bpmn2:outgoing>
    </bpmn2:startEvent>
    <bpmn2:userTask id="Activity_095ljtv" name="Provide Job Data">
      <bpmn2:incoming>Flow_0ttp5dw</bpmn2:incoming>
      <bpmn2:outgoing>Flow_0xptx9n</bpmn2:outgoing>
    </bpmn2:userTask>
    <bpmn2:sequenceFlow id="Flow_0ttp5dw" sourceRef="StartEvent_1" targetRef="Activity_095ljtv"/>
    <bpmn2:endEvent id="Event_123m09q">
      <bpmn2:incoming>Flow_0xptx9n</bpmn2:incoming>
    </bpmn2:endEvent>
    <bpmn2:sequenceFlow id="Flow_0xptx9n" sourceRef="Activity_095ljtv" targetRef="Event_123m09q"/>
  </bpmn2:process>
  <bpmndi:BPMNDiagram id="BPMNDiagram_1">
    <bpmndi:BPMNPlane id="BPMNPlane_1" bpmnElement="Process_1_717882">
      <bpmndi:BPMNShape id="_BPMNShape_StartEvent_2" bpmnElement="StartEvent_1">
        <dc:Bounds x="242" y="240" width="36" height="36"/>
      </bpmndi:BPMNShape>
      <bpmndi:BPMNShape id="Activity_095ljtv_di" bpmnElement="Activity_095ljtv">
        <dc:Bounds x="350" y="218" width="100" height="80"/>
      </bpmndi:BPMNShape>
      <bpmndi:BPMNEdge id="Flow_0ttp5dw_di" bpmnElement="Flow_0ttp5dw">
        <di:waypoint x="278" y="258"/>
        <di:waypoint x="350" y="258"/>
      </bpmndi:BPMNEdge>
      <bpmndi:BPMNShape id="Event_123m09q_di" bpmnElement="Event_123m09q">
        <dc:Bounds x="522" y="240" width="36" height="36"/>
      </bpmndi:BPMNShape>
      <bpmndi:BPMNEdge id="Flow_0xptx9n_di" bpmnElement="Flow_0xptx9n">
        <di:waypoint x="450" y="258"/>
        <di:waypoint x="522" y="258"/>
      </bpmndi:BPMNEdge>
    </bpmndi:BPMNPlane>
  </bpmndi:BPMNDiagram>
</bpmn2:definitions>