<?xml version="1.0" encoding="UTF-8"?><xml><siteJobTemplateName>New Site</siteJobTemplateName><status>ACTIVE</status><band></band><siteJobTemplateVersion>3</siteJobTemplateVersion><siteType>Macro</siteType><technologyName>Wireless</technologyName><nominal></nominal><siteJobTypeList><siteJobTypeList0><siteJobTypeName>WireLess</siteJobTypeName><viewName>joboverview</viewName><displayViewName>Job Overview</displayViewName></siteJobTypeList0></siteJobTypeList><siteJobTemplateMappingList><siteJobTemplateMappingList0><projectTemplateName>Job Set Up</projectTemplateName><projectTemplateVersion>2</projectTemplateVersion><latestVersion>false</latestVersion><deleted>false</deleted></siteJobTemplateMappingList0><siteJobTemplateMappingList1><projectTemplateName>SARF AUTOFORM WO TEMPALTE PI3</projectTemplateName><projectTemplateVersion>166</projectTemplateVersion><latestVersion>false</latestVersion><deleted>false</deleted></siteJobTemplateMappingList1><siteJobTemplateMappingList2><projectTemplateName>SCIP AUTOFORM WO TEMPALTE PI3</projectTemplateName><projectTemplateVersion>91</projectTemplateVersion><latestVersion>false</latestVersion><deleted>false</deleted></siteJobTemplateMappingList2><siteJobTemplateMappingList3><projectTemplateName>SDP Autoform WO Template PI3</projectTemplateName><projectTemplateVersion>10</projectTemplateVersion><latestVersion>false</latestVersion><deleted>false</deleted></siteJobTemplateMappingList3></siteJobTemplateMappingList><siteJobTemplateDependencyList><siteJobTemplateDependencyList0><leadTime>0</leadTime><dependencyType>FS</dependencyType><hardDependencyType>true</hardDependencyType><dependentGroupName>SARF AUTOFORM WO TEMPALTE PI3</dependentGroupName><dependsUponGroupName>Job Set Up</dependsUponGroupName><dependentTaskName>Supplier Pending Approval</dependentTaskName><dependsUponTaskName>Provide Job Data</dependsUponTaskName><dependentProjectTemplateName>SARF AUTOFORM WO TEMPALTE PI3</dependentProjectTemplateName><dependentProjectTemplateVersion>166</dependentProjectTemplateVersion><dependsUponProjectTemplateName>Job Set Up</dependsUponProjectTemplateName><dependsUponProjectTemplateVersion>2</dependsUponProjectTemplateVersion></siteJobTemplateDependencyList0></siteJobTemplateDependencyList></xml>