{
  "suppressHorizontalScroll": false,
  "rowModelType": "serverSide",
  "rowSelection": "multiple",
  "suppressRowClickSelection": true,
  "suppressCellSelection": true,
  "suppressCapitalization": true,
  "columnDefs": [
    {
      "headerName": "",
      "field": "checkbox",
      "headerComponent": "gxAgGridSelectAllCheckBox",
      "headerCheckboxSelection": true,
      "checkboxSelection": true,
      "suppressMovable": true,
      "lockPosition": true
    },
    {
      "headerName": "STATUS_TEXT",
      "field": "projectStatus",
      "cellRendererParams": {
        "suppressCapitalization": true,
        "suppressTranslation": false
      },
      "cellRenderer": "gxAgGridCellStatus",
      "sortable": false,
      "pinned": ""
    },
    {
      "headerName": "WORKORDER_NAME",
      "field": "name",
      "width": 210,
      "cellRenderer": "gxAgGridTooltip",
      "sortable": false,
      "pinned": ""
    },
    {
      "headerName": "WORKORDER_VERSION",
      "field": "templateVersion",
      "cellRenderer": "gxAgGridTooltip",
      "sortable": false,
      "width": 220
    },
    {
      "headerName": "WORK_ORDER_ID",
      "field": "workOrderNumber",
      "cellRenderer": "gxAgGridTooltip",
      "sortable": false
    },
    {
      "headerName": "RESPONSIBLE_ORG.",
      "field": "responsibleOrganization.[0].groupName",
      "cellRenderer": "gxAgGridTooltip",
      "width": 200,
      "sortable": false
    },
    {
      "headerName": "PLANNED_START_&_END _DATE",
      "field": "plannedStartDate",
      "cellRenderer": "gxAgGridTooltip",
      "width": 200,
      "sortable": false
    },
    {
      "headerName": "ACTUAL_START_&_END_DATE",
      "field": "actualStartDate",
      "cellRenderer": "gxAgGridTooltip",
      "width": 210,
      "sortable": false
    },
    {
      "headerName": "MILESTONE",
      "field": "workStatus",
      "cellRenderer": "gxAgGridTooltip",
      "width": 210,
      "sortable": false
    }
  ],
  "gridOptions": {
    "suppressHorizontalScroll": false,
    "rowModelType": "serverSide",
    "rowSelection": "multiple",
    "suppressRowClickSelection": true,
    "suppressCellSelection": true,
    "suppressCapitalization": true,
    "columnDefs": [
      {
        "headerName": "STATUS",
        "field": "workStatus",
        "cellRendererParams": {
          "suppressCapitalization": true,
          "suppressTranslation": false
        },
        "cellRenderer": "gxAgGridCellStatus",
        "sortable": true
      },
      {
        "headerName": "TASK/MILESTONE_NAME",
        "field": "name",
        "cellRenderer": "gxAgGridCellStatus",
        "width": 180,
        "cellRendererParams": {
          "suppressCapitalization": true
        },
        "sortable": true
      },
      {
        "headerName": "TASK_CODE",
        "field": "taskCode",
        "cellRenderer": "gxAgGridTooltip",
        "width": 170,
        "sortable": true
      },
      {
        "headerName": "WORKORDER_NAME",
        "field": "projectName",
        "cellRenderer": "gxAgGridTooltip",
        "width": 150,
        "suppressMovable": true,
        "sortable": true
      },
      {
        "headerName": "ASSIGNEE",
        "field": "assignee",
        "width": 150,
        "sortable": false,
        "hide": true
      },
      {
        "headerName": "WORK_ORDER_ID",
        "field": "workOrderName",
        "cellRenderer": "gxAgGridCellLabelText",
        "suppressCellClick": true,
        "ishyperLink": true,
        "width": 200,
        "sortable": true
      },
      {
        "headerName": "PRIORITY",
        "field": "priority.name",
        "cellRenderer": "gxAgGridCellLabelText",
        "width": 200,
        "sortable": true,
        "hide": true
      },
      {
        "headerName": "PLANNED_START_DATE",
        "field": "plannedStartTime",
        "minDate": "plannedStartTime",
        "cellRenderer": "myCustomSingleDate",
        "width": 210,
        "id": "PLANSTARTDATEPOPUP",
        "from": "plannedStart",
        "suppressClickEdit": true,
        "editable": "taskdateupdate",
        "sortable": true
      },
      {
        "headerName": "PLANNED_END_DATE",
        "field": "plannedEndTime",
        "minDate": "plannedEndTime",
        "cellRenderer": "myCustomSingleDate",
        "width": 210,
        "id": "PLANENDDATEPOPUP",
        "suppressClickEdit": true,
        "editable": "taskenddateupdate",
        "sortable": true
      },
      {
        "headerName": "ACTUAL_START_DATE",
        "cellRenderer": "gxAgGridDateAndTime",
        "field": "actualStartTime",
        "cellRendererParams": {
          "suppressTime": true
        },
        "sortable": true
      },
      {
        "headerName": "ACTUAL_END_DATE",
        "cellRenderer": "gxAgGridDateAndTime",
        "field": "actualEndTime",
        "cellRendererParams": {
          "suppressTime": true
        },
        "sortable": true
      },
      {
        "headerName": "ACTION_TEXT",
        "field": "id",
        "pinned": "right",
        "cellRenderer": "gxAgGridMenuButton",
        "width": 10,
        "sortable": false
      }
    ]
  },
  "apiOptions": {
    "apiConfig": {
      "countConfig": {
        "context": "WORKORDER",
        "url": "/ProjectTask/searchRecordsCount",
        "queryParamsUrl": "$_s",
        "customFiql": "siteJobReferenceId=='$siteJobReferenceId';workOrderName=='$workOrderName'",
        "fiqlKey": "_s",
        "defaultFiql": "id=ge=0;category=='MILESTONE';",
        "quickFilterFiql": "(name=='*$_s*',workOrderNumber=='*$_s*',projectEntity.referenceId=='*$_s*',construction.referenceId=='$_s')",
        "suppressNullValues": true,
        "suppressEncoding": false,
        "suppressDefaultFiqlOnApply": true,
        "requestType": "POST",
        "params": {}
      },
      "dataConfig": {
        "context": "WORKORDER",
        "lLimitKey": "llimit",
        "uLimitKey": "ulimit",
        "url": "/ProjectTask/searchForDetail",
        "datakey": "data",
        "queryParamsUrl": "$data&$_s&$llimit&$ulimit&$orderBy&$orderType",
        "requestType": "GET",
        "suppressNullValues": true,
        "suppressEncoding": false,
        "params": {
          "orderBy": "modifiedTime",
          "orderType": "desc"
        },
        "fiqlKey": "_s",
        "defaultFiql": "id=ge=0;category=='MILESTONE';",
        "suppressDefaultFiqlOnApply": true,
        "customFiql": "siteJobReferenceId=='$siteJobReferenceId';workOrderName=='$workOrderName'",
        "quickFilterFiql": "(name=='*$_s*',workOrderNumber=='*$_s*',projectEntity.referenceId=='*$_s*',construction.referenceId=='$_s')"
      }
    }
  },
  "headerOptions": {
    "refreshMenuConfig": {
      "dropdownList": [
        "10s",
        "30s",
        "1m",
        "1h"
      ],
      "suppressRefreshMenu": false,
      "suppressDropdown": true
    }
  },
  "filterOptions": {},
  "sortingOptions": {
    "sortConfig": [
      {
        "colId": "workStatus",
        "orderByKey": "orderBy",
        "orderByValue": "workStatus",
        "orderTypeKey": "orderType",
        "acs": "asc",
        "desc": "desc"
      },
      {
        "colId": "taskCode",
        "orderByKey": "orderBy",
        "orderByValue": "taskCode",
        "orderTypeKey": "orderType",
        "acs": "asc",
        "desc": "desc"
      },
      {
        "colId": "projectName",
        "orderByKey": "orderBy",
        "orderByValue": "projectName",
        "orderTypeKey": "orderType",
        "acs": "asc",
        "desc": "desc"
      },
      {
        "colId": "workOrderName",
        "orderByKey": "orderBy",
        "orderByValue": "workOrderName",
        "orderTypeKey": "orderType",
        "acs": "asc",
        "desc": "desc"
      },
      {
        "colId": "name",
        "orderByKey": "orderBy",
        "orderByValue": "name",
        "orderTypeKey": "orderType",
        "acs": "asc",
        "desc": "desc"
      },
      {
        "colId": "plannedStartTime",
        "orderByKey": "orderBy",
        "orderByValue": "plannedStartTime",
        "orderTypeKey": "orderType",
        "acs": "asc",
        "desc": "desc"
      },
      {
        "colId": "plannedEndTime",
        "orderByKey": "orderBy",
        "orderByValue": "plannedEndTime",
        "orderTypeKey": "orderType",
        "acs": "asc",
        "desc": "desc"
      },
      {
        "colId": "actualStartTime",
        "orderByKey": "orderBy",
        "orderByValue": "actualStartTime",
        "orderTypeKey": "orderType",
        "acs": "asc",
        "desc": "desc"
      },
      {
        "colId": "actualEndTime",
        "orderByKey": "orderBy",
        "orderByValue": "actualEndTime",
        "orderTypeKey": "orderType",
        "acs": "asc",
        "desc": "desc"
      },
      {
        "colId": "priority.name",
        "orderByKey": "orderBy",
        "orderByValue": "priority",
        "orderTypeKey": "orderType"
      }
    ]
  }
}