<?xml version="1.0" encoding="UTF-8"?><bpmn2:definitions xmlns:bpmn2="http://www.omg.org/spec/BPMN/20100524/MODEL" xmlns:bpmndi="http://www.omg.org/spec/BPMN/20100524/DI" xmlns:camunda="http://camunda.org/schema/1.0/bpmn" xmlns:dc="http://www.omg.org/spec/DD/20100524/DC" xmlns:di="http://www.omg.org/spec/DD/20100524/DI" xmlns:xsi="http://www.w3.org/2001/XMLSchema-instance" id="sample-diagram" targetNamespace="http://bpmn.io/schema/bpmn" xsi:schemaLocation="http://www.omg.org/spec/BPMN/20100524/MODEL BPMN20.xsd">
  <bpmn2:process id="Process_1_966645" name="WS_CloseOut_MTFinal" processType="None" isClosed="false" isExecutable="true">
    <bpmn2:extensionElements>
      <camunda:properties>
        <camunda:property name="workOrderIDPrefix" value="WS"/>
      </camunda:properties>
    </bpmn2:extensionElements>
    <bpmn2:startEvent id="StartEvent_1">
      <bpmn2:outgoing>Flow_0igrfix</bpmn2:outgoing>
    </bpmn2:startEvent>
    <bpmn2:userTask id="Activity_0sb0yqx" name="Manual Scope Selection" implementation="##unspecified">
      <bpmn2:extensionElements>
        <camunda:formData>
          <camunda:formField id="SelectScope" type="string"/>
        </camunda:formData>
      </bpmn2:extensionElements>
      <bpmn2:incoming>Flow_0igrfix</bpmn2:incoming>
      <bpmn2:outgoing>Flow_0zs5807</bpmn2:outgoing>
    </bpmn2:userTask>
    <bpmn2:sequenceFlow id="Flow_0igrfix" sourceRef="StartEvent_1" targetRef="Activity_0sb0yqx"/>
    <bpmn2:exclusiveGateway id="Gateway_0tvgllm" name="Job Scope">
      <bpmn2:incoming>Flow_0zs5807</bpmn2:incoming>
      <bpmn2:outgoing>Flow_1gizoc3</bpmn2:outgoing>
      <bpmn2:outgoing>Flow_12f2ci7</bpmn2:outgoing>
      <bpmn2:outgoing>Flow_0apf0b2</bpmn2:outgoing>
      <bpmn2:outgoing>Flow_108c8s2</bpmn2:outgoing>
      <bpmn2:outgoing>Flow_18e6zzv</bpmn2:outgoing>
      <bpmn2:outgoing>Flow_07mrsr3</bpmn2:outgoing>
      <bpmn2:outgoing>Flow_1xjvt5f</bpmn2:outgoing>
    </bpmn2:exclusiveGateway>
    <bpmn2:sequenceFlow id="Flow_0zs5807" sourceRef="Activity_0sb0yqx" targetRef="Gateway_0tvgllm"/>
    <bpmn2:userTask id="Activity_14epkdl" name="CL001 Complete T.P" implementation="##unspecified">
      <bpmn2:incoming>Flow_1gizoc3</bpmn2:incoming>
      <bpmn2:incoming>Flow_0xe3sxa</bpmn2:incoming>
      <bpmn2:incoming>Flow_01sthfa</bpmn2:incoming>
      <bpmn2:incoming>Flow_18dpf10</bpmn2:incoming>
      <bpmn2:incoming>Flow_1okd02s</bpmn2:incoming>
      <bpmn2:outgoing>Flow_0srz3r4</bpmn2:outgoing>
    </bpmn2:userTask>
    <bpmn2:sequenceFlow id="Flow_1gizoc3" name="Al Others" sourceRef="Gateway_0tvgllm" targetRef="Activity_14epkdl">
      <bpmn2:conditionExpression xsi:type="bpmn2:tFormalExpression">${SelectScope == "NSB" || SelectScope == "LTE 1C" || SelectScope == "LTE 2C" || SelectScope == "LTE BWE" || SelectScope == "CBAND" || SelectScope == "CRAN Build" || SelectScope == "CRAN Buy" || SelectScope == "Software Carrier" || SelectScope == "ETTCS" || SelectScope == "ENET MW" || SelectScope == "Spare1" || SelectScope == "Spare2"}</bpmn2:conditionExpression>
    </bpmn2:sequenceFlow>
    <bpmn2:userTask id="Activity_0p9sebb" name="CL100 Accept Final Civil Work" implementation="##unspecified">
      <bpmn2:incoming>Flow_1njhc90</bpmn2:incoming>
      <bpmn2:incoming>Flow_0apf0b2</bpmn2:incoming>
      <bpmn2:incoming>Flow_0ab5o8b</bpmn2:incoming>
      <bpmn2:incoming>Flow_1udc9fs</bpmn2:incoming>
      <bpmn2:incoming>Flow_0z7wkhq</bpmn2:incoming>
      <bpmn2:outgoing>Flow_1lirddv</bpmn2:outgoing>
    </bpmn2:userTask>
    <bpmn2:exclusiveGateway id="Gateway_0ywg2j3" name="Job Scope">
      <bpmn2:incoming>Flow_1lirddv</bpmn2:incoming>
      <bpmn2:outgoing>Flow_1fsymzi</bpmn2:outgoing>
      <bpmn2:outgoing>Flow_0guyhz0</bpmn2:outgoing>
    </bpmn2:exclusiveGateway>
    <bpmn2:sequenceFlow id="Flow_1lirddv" sourceRef="Activity_0p9sebb" targetRef="Gateway_0ywg2j3"/>
    <bpmn2:userTask id="Activity_04tax00" name="CL101 Ready for PTN Closure" implementation="##unspecified">
      <bpmn2:incoming>Flow_00x2dug</bpmn2:incoming>
      <bpmn2:incoming>Flow_0guyhz0</bpmn2:incoming>
      <bpmn2:outgoing>Flow_023lp7w</bpmn2:outgoing>
    </bpmn2:userTask>
    <bpmn2:userTask id="Activity_11xep6a" name="CL007 TDM MW Turn Down" implementation="##unspecified">
      <bpmn2:incoming>Flow_1fpzsvl</bpmn2:incoming>
      <bpmn2:outgoing>Flow_0deeawp</bpmn2:outgoing>
    </bpmn2:userTask>
    <bpmn2:sequenceFlow id="Flow_1fsymzi" name="9, 12" sourceRef="Gateway_0ywg2j3" targetRef="Gateway_0mxpdju">
      <bpmn2:conditionExpression xsi:type="bpmn2:tFormalExpression">${SelectScope == "ENET MW" || SelectScope == "ETTCS"}</bpmn2:conditionExpression>
    </bpmn2:sequenceFlow>
    <bpmn2:parallelGateway id="Gateway_0mxpdju">
      <bpmn2:incoming>Flow_1fsymzi</bpmn2:incoming>
      <bpmn2:outgoing>Flow_1fpzsvl</bpmn2:outgoing>
      <bpmn2:outgoing>Flow_00x2dug</bpmn2:outgoing>
    </bpmn2:parallelGateway>
    <bpmn2:sequenceFlow id="Flow_1fpzsvl" sourceRef="Gateway_0mxpdju" targetRef="Activity_11xep6a"/>
    <bpmn2:sequenceFlow id="Flow_00x2dug" sourceRef="Gateway_0mxpdju" targetRef="Activity_04tax00"/>
    <bpmn2:sequenceFlow id="Flow_0guyhz0" name="ALl Others" sourceRef="Gateway_0ywg2j3" targetRef="Activity_04tax00">
      <bpmn2:conditionExpression xsi:type="bpmn2:tFormalExpression">${SelectScope == "NSB" || SelectScope == "LTE 1C" || SelectScope == "LTE 2C" || SelectScope == "LTE BWE" || SelectScope == "CBAND" || SelectScope == "CRAN Build" || SelectScope == "CRAN Buy" || SelectScope == "Software Carrier" || SelectScope == "In-Building" || SelectScope == "Spare1" || SelectScope == "Spare2" || SelectScope == "NHTA" || SelectScope == "DUW Upgrade" || SelectScope == "COW Group" || SelectScope == "Neutral Host Tenant Add" || SelectScope == "Battery" ||  SelectScope == "Decom" || SelectScope == "CRAN Relocation" || SelectScope == "NSB Replacement"}</bpmn2:conditionExpression>
    </bpmn2:sequenceFlow>
    <bpmn2:exclusiveGateway id="Gateway_1uhqq21" name="Job Scope">
      <bpmn2:incoming>Flow_023lp7w</bpmn2:incoming>
      <bpmn2:outgoing>Flow_0mc28v2</bpmn2:outgoing>
      <bpmn2:outgoing>Flow_1s57mi5</bpmn2:outgoing>
    </bpmn2:exclusiveGateway>
    <bpmn2:sequenceFlow id="Flow_023lp7w" sourceRef="Activity_04tax00" targetRef="Gateway_1uhqq21"/>
    <bpmn2:sequenceFlow id="Flow_0mc28v2" name="All Others" sourceRef="Gateway_1uhqq21" targetRef="Event_1bbr7mf">
      <bpmn2:conditionExpression xsi:type="bpmn2:tFormalExpression">${SelectScope == "NSB" || SelectScope == "LTE 1C" || SelectScope == "LTE 2C" || SelectScope == "LTE BWE" || SelectScope == "CBAND" || SelectScope == "CRAN Build" || SelectScope == "CRAN Buy" || SelectScope == "Software Carrier" || SelectScope == "ENET MW" || SelectScope == "Spare1" || SelectScope == "Spare2" || SelectScope == "ETTCS" || SelectScope == "DUW Upgrade" || SelectScope == "COW Group" || SelectScope == "Battery" ||  SelectScope == "Decom" || SelectScope == "CRAN Relocation" || SelectScope == "NSB Replacement"}</bpmn2:conditionExpression>
    </bpmn2:sequenceFlow>
    <bpmn2:userTask id="Activity_1k8lvaa" name="CL006 Project Close-out" implementation="##unspecified">
      <bpmn2:incoming>Flow_19o4sdp</bpmn2:incoming>
      <bpmn2:outgoing>Flow_1f6psgz</bpmn2:outgoing>
    </bpmn2:userTask>
    <bpmn2:sequenceFlow id="Flow_1s57mi5" name="13, 14, 17" sourceRef="Gateway_1uhqq21" targetRef="Gateway_071w3zw">
      <bpmn2:conditionExpression xsi:type="bpmn2:tFormalExpression">${SelectScope == "In-Building" || SelectScope == "NHTA" || SelectScope == "Neutral Host Tenant Add"}</bpmn2:conditionExpression>
    </bpmn2:sequenceFlow>
    <bpmn2:sequenceFlow id="Flow_1f6psgz" sourceRef="Activity_1k8lvaa" targetRef="Event_1bbr7mf"/>
    <bpmn2:userTask id="Activity_0458ikb" name="CL005 Process Decom Equipment" implementation="##unspecified">
      <bpmn2:incoming>Flow_12f2ci7</bpmn2:incoming>
      <bpmn2:outgoing>Flow_1njhc90</bpmn2:outgoing>
    </bpmn2:userTask>
    <bpmn2:sequenceFlow id="Flow_12f2ci7" name="15" sourceRef="Gateway_0tvgllm" targetRef="Activity_0458ikb">
      <bpmn2:conditionExpression xsi:type="bpmn2:tFormalExpression">${SelectScope == "DUW Upgrade"}</bpmn2:conditionExpression>
    </bpmn2:sequenceFlow>
    <bpmn2:sequenceFlow id="Flow_1njhc90" sourceRef="Activity_0458ikb" targetRef="Activity_0p9sebb"/>
    <bpmn2:sequenceFlow id="Flow_0apf0b2" name="16" sourceRef="Gateway_0tvgllm" targetRef="Activity_0p9sebb">
      <bpmn2:conditionExpression xsi:type="bpmn2:tFormalExpression">${SelectScope == "COW Group"}</bpmn2:conditionExpression>
    </bpmn2:sequenceFlow>
    <bpmn2:userTask id="Activity_0oqgmei" name="CL002 Send EH&amp;S Documents" implementation="##unspecified">
      <bpmn2:incoming>Flow_09dlqe0</bpmn2:incoming>
      <bpmn2:outgoing>Flow_1spuxzl</bpmn2:outgoing>
    </bpmn2:userTask>
    <bpmn2:sequenceFlow id="Flow_108c8s2" name="18" sourceRef="Gateway_0tvgllm" targetRef="Gateway_1x0ueyb">
      <bpmn2:conditionExpression xsi:type="bpmn2:tFormalExpression">${SelectScope == "Battery"}</bpmn2:conditionExpression>
    </bpmn2:sequenceFlow>
    <bpmn2:parallelGateway id="Gateway_1x0ueyb">
      <bpmn2:incoming>Flow_108c8s2</bpmn2:incoming>
      <bpmn2:outgoing>Flow_09dlqe0</bpmn2:outgoing>
      <bpmn2:outgoing>Flow_1j29s8z</bpmn2:outgoing>
      <bpmn2:outgoing>Flow_0bpwmpv</bpmn2:outgoing>
      <bpmn2:outgoing>Flow_0xe3sxa</bpmn2:outgoing>
    </bpmn2:parallelGateway>
    <bpmn2:sequenceFlow id="Flow_09dlqe0" sourceRef="Gateway_1x0ueyb" targetRef="Activity_0oqgmei"/>
    <bpmn2:userTask id="Activity_02yfx4t" name="CL003 Send EH&amp;S Documents to RRC" implementation="##unspecified">
      <bpmn2:incoming>Flow_1j29s8z</bpmn2:incoming>
      <bpmn2:outgoing>Flow_1ht9f3r</bpmn2:outgoing>
    </bpmn2:userTask>
    <bpmn2:sequenceFlow id="Flow_1j29s8z" sourceRef="Gateway_1x0ueyb" targetRef="Activity_02yfx4t"/>
    <bpmn2:userTask id="Activity_0fl2sv3" name="CL004 Complete Commissioning" implementation="##unspecified">
      <bpmn2:incoming>Flow_0bpwmpv</bpmn2:incoming>
      <bpmn2:incoming>Flow_0do48qb</bpmn2:incoming>
      <bpmn2:incoming>Flow_0on7vel</bpmn2:incoming>
      <bpmn2:outgoing>Flow_038tjmc</bpmn2:outgoing>
    </bpmn2:userTask>
    <bpmn2:sequenceFlow id="Flow_18e6zzv" name="13" sourceRef="Gateway_0tvgllm" targetRef="Gateway_15q9h2z">
      <bpmn2:conditionExpression xsi:type="bpmn2:tFormalExpression">${SelectScope == "In-Building"}</bpmn2:conditionExpression>
    </bpmn2:sequenceFlow>
    <bpmn2:userTask id="Activity_0t1bzbc" name="CL014 Accept Tenant C.P" implementation="##unspecified">
      <bpmn2:incoming>Flow_0zcuec5</bpmn2:incoming>
      <bpmn2:incoming>Flow_1k244c9</bpmn2:incoming>
      <bpmn2:outgoing>Flow_0fpgso2</bpmn2:outgoing>
    </bpmn2:userTask>
    <bpmn2:sequenceFlow id="Flow_0bpwmpv" sourceRef="Gateway_1x0ueyb" targetRef="Activity_0fl2sv3"/>
    <bpmn2:sequenceFlow id="Flow_07mrsr3" name="17, 14" sourceRef="Gateway_0tvgllm" targetRef="Gateway_09gtfox">
      <bpmn2:conditionExpression xsi:type="bpmn2:tFormalExpression">${SelectScope == "Neutral Host Tenant Add" || SelectScope == "NHTA"}</bpmn2:conditionExpression>
    </bpmn2:sequenceFlow>
    <bpmn2:userTask id="Activity_1rbnzux" name="CL009 Submit Decom Doc Pkg" implementation="##unspecified">
      <bpmn2:incoming>Flow_1xjvt5f</bpmn2:incoming>
      <bpmn2:outgoing>Flow_1whwj6f</bpmn2:outgoing>
    </bpmn2:userTask>
    <bpmn2:sequenceFlow id="Flow_1xjvt5f" name="19,20,21" sourceRef="Gateway_0tvgllm" targetRef="Activity_1rbnzux">
      <bpmn2:conditionExpression xsi:type="bpmn2:tFormalExpression">${SelectScope == "Decom" || SelectScope == "CRAN Relocation" || SelectScope == "NSB Replacement"}</bpmn2:conditionExpression>
    </bpmn2:sequenceFlow>
    <bpmn2:exclusiveGateway id="Gateway_10a1ld6" name="Job Scope">
      <bpmn2:incoming>Flow_1whwj6f</bpmn2:incoming>
      <bpmn2:outgoing>Flow_0ab5o8b</bpmn2:outgoing>
      <bpmn2:outgoing>Flow_1okd02s</bpmn2:outgoing>
    </bpmn2:exclusiveGateway>
    <bpmn2:sequenceFlow id="Flow_1whwj6f" sourceRef="Activity_1rbnzux" targetRef="Gateway_10a1ld6"/>
    <bpmn2:sequenceFlow id="Flow_0xe3sxa" sourceRef="Gateway_1x0ueyb" targetRef="Activity_14epkdl"/>
    <bpmn2:sequenceFlow id="Flow_1ht9f3r" sourceRef="Activity_02yfx4t" targetRef="Gateway_1ga5844"/>
    <bpmn2:sequenceFlow id="Flow_038tjmc" sourceRef="Activity_0fl2sv3" targetRef="Gateway_1ga5844"/>
    <bpmn2:sequenceFlow id="Flow_0do48qb" sourceRef="Gateway_15q9h2z" targetRef="Activity_0fl2sv3"/>
    <bpmn2:parallelGateway id="Gateway_15q9h2z">
      <bpmn2:incoming>Flow_18e6zzv</bpmn2:incoming>
      <bpmn2:outgoing>Flow_0do48qb</bpmn2:outgoing>
      <bpmn2:outgoing>Flow_01sthfa</bpmn2:outgoing>
      <bpmn2:outgoing>Flow_1k244c9</bpmn2:outgoing>
    </bpmn2:parallelGateway>
    <bpmn2:sequenceFlow id="Flow_01sthfa" sourceRef="Gateway_15q9h2z" targetRef="Activity_14epkdl"/>
    <bpmn2:sequenceFlow id="Flow_0zcuec5" sourceRef="Gateway_09gtfox" targetRef="Activity_0t1bzbc"/>
    <bpmn2:sequenceFlow id="Flow_18dpf10" sourceRef="Gateway_09gtfox" targetRef="Activity_14epkdl"/>
    <bpmn2:parallelGateway id="Gateway_09gtfox">
      <bpmn2:incoming>Flow_07mrsr3</bpmn2:incoming>
      <bpmn2:outgoing>Flow_0zcuec5</bpmn2:outgoing>
      <bpmn2:outgoing>Flow_18dpf10</bpmn2:outgoing>
      <bpmn2:outgoing>Flow_0on7vel</bpmn2:outgoing>
    </bpmn2:parallelGateway>
    <bpmn2:sequenceFlow id="Flow_0on7vel" sourceRef="Gateway_09gtfox" targetRef="Activity_0fl2sv3"/>
    <bpmn2:sequenceFlow id="Flow_19o4sdp" sourceRef="Gateway_071w3zw" targetRef="Activity_1k8lvaa"/>
    <bpmn2:sequenceFlow id="Flow_0fpgso2" sourceRef="Activity_0t1bzbc" targetRef="Gateway_071w3zw"/>
    <bpmn2:sequenceFlow id="Flow_0ab5o8b" name="19" sourceRef="Gateway_10a1ld6" targetRef="Activity_0p9sebb">
      <bpmn2:conditionExpression xsi:type="bpmn2:tFormalExpression">${SelectScope == "Decom"}</bpmn2:conditionExpression>
    </bpmn2:sequenceFlow>
    <bpmn2:sequenceFlow id="Flow_1okd02s" name="20, 21" sourceRef="Gateway_10a1ld6" targetRef="Activity_14epkdl">
      <bpmn2:conditionExpression xsi:type="bpmn2:tFormalExpression">${SelectScope == "CRAN Relocation" || SelectScope == "NSB Replacement"}</bpmn2:conditionExpression>
    </bpmn2:sequenceFlow>
    <bpmn2:endEvent id="Event_1bbr7mf">
      <bpmn2:incoming>Flow_0mc28v2</bpmn2:incoming>
      <bpmn2:incoming>Flow_1f6psgz</bpmn2:incoming>
      <bpmn2:terminateEventDefinition id="TerminateEventDefinition_0mkaxe2"/>
    </bpmn2:endEvent>
    <bpmn2:endEvent id="Event_1ko3dqf">
      <bpmn2:incoming>Flow_1spuxzl</bpmn2:incoming>
    </bpmn2:endEvent>
    <bpmn2:sequenceFlow id="Flow_1spuxzl" sourceRef="Activity_0oqgmei" targetRef="Event_1ko3dqf"/>
    <bpmn2:endEvent id="Event_175sg02">
      <bpmn2:incoming>Flow_0deeawp</bpmn2:incoming>
    </bpmn2:endEvent>
    <bpmn2:sequenceFlow id="Flow_0deeawp" sourceRef="Activity_11xep6a" targetRef="Event_175sg02"/>
    <bpmn2:inclusiveGateway id="Gateway_1ga5844">
      <bpmn2:incoming>Flow_1ht9f3r</bpmn2:incoming>
      <bpmn2:incoming>Flow_038tjmc</bpmn2:incoming>
      <bpmn2:outgoing>Flow_0nzehfh</bpmn2:outgoing>
    </bpmn2:inclusiveGateway>
    <bpmn2:inclusiveGateway id="Gateway_071w3zw">
      <bpmn2:incoming>Flow_1s57mi5</bpmn2:incoming>
      <bpmn2:incoming>Flow_0fpgso2</bpmn2:incoming>
      <bpmn2:outgoing>Flow_19o4sdp</bpmn2:outgoing>
    </bpmn2:inclusiveGateway>
    <bpmn2:sequenceFlow id="Flow_0srz3r4" sourceRef="Activity_14epkdl" targetRef="Gateway_1x8ec1q"/>
    <bpmn2:sequenceFlow id="Flow_0nzehfh" sourceRef="Gateway_1ga5844" targetRef="Gateway_03ntenx"/>
    <bpmn2:sequenceFlow id="Flow_1k244c9" sourceRef="Gateway_15q9h2z" targetRef="Activity_0t1bzbc"/>
    <bpmn2:exclusiveGateway id="Gateway_1x8ec1q" default="Flow_1udc9fs">
      <bpmn2:incoming>Flow_0srz3r4</bpmn2:incoming>
      <bpmn2:outgoing>Flow_1udc9fs</bpmn2:outgoing>
      <bpmn2:outgoing>Flow_1cyvt7b</bpmn2:outgoing>
    </bpmn2:exclusiveGateway>
    <bpmn2:sequenceFlow id="Flow_1udc9fs" name="All Others" sourceRef="Gateway_1x8ec1q" targetRef="Activity_0p9sebb"/>
    <bpmn2:sequenceFlow id="Flow_1cyvt7b" name="17, 14, 13, 18" sourceRef="Gateway_1x8ec1q" targetRef="Gateway_03ntenx">
      <bpmn2:conditionExpression xsi:type="bpmn2:tFormalExpression">${SelectScope == "Neutral Host Tenant Add" || SelectScope == "NHTA" || SelectScope == "In-Building" || SelectScope == "Battery"}</bpmn2:conditionExpression>
    </bpmn2:sequenceFlow>
    <bpmn2:inclusiveGateway id="Gateway_03ntenx">
      <bpmn2:incoming>Flow_1cyvt7b</bpmn2:incoming>
      <bpmn2:incoming>Flow_0nzehfh</bpmn2:incoming>
      <bpmn2:outgoing>Flow_0z7wkhq</bpmn2:outgoing>
    </bpmn2:inclusiveGateway>
    <bpmn2:sequenceFlow id="Flow_0z7wkhq" sourceRef="Gateway_03ntenx" targetRef="Activity_0p9sebb"/>
  </bpmn2:process>
  <bpmndi:BPMNDiagram id="BPMNDiagram_1">
    <bpmndi:BPMNPlane id="BPMNPlane_1" bpmnElement="Process_1_966645">
      <bpmndi:BPMNEdge id="Flow_0z7wkhq_di" bpmnElement="Flow_0z7wkhq">
        <di:waypoint x="425" y="160"/>
        <di:waypoint x="460" y="160"/>
      </bpmndi:BPMNEdge>
      <bpmndi:BPMNEdge id="Flow_1cyvt7b_di" bpmnElement="Flow_1cyvt7b">
        <di:waypoint x="235" y="160"/>
        <di:waypoint x="375" y="160"/>
        <bpmndi:BPMNLabel>
          <dc:Bounds x="271" y="142" width="68" height="14"/>
        </bpmndi:BPMNLabel>
      </bpmndi:BPMNEdge>
      <bpmndi:BPMNEdge id="Flow_1udc9fs_di" bpmnElement="Flow_1udc9fs">
        <di:waypoint x="210" y="135"/>
        <di:waypoint x="210" y="80"/>
        <di:waypoint x="490" y="80"/>
        <di:waypoint x="490" y="120"/>
        <bpmndi:BPMNLabel>
          <dc:Bounds x="146" y="85" width="48" height="14"/>
        </bpmndi:BPMNLabel>
      </bpmndi:BPMNEdge>
      <bpmndi:BPMNEdge id="Flow_1k244c9_di" bpmnElement="Flow_1k244c9">
        <di:waypoint x="-40" y="705"/>
        <di:waypoint x="-40" y="790"/>
        <di:waypoint x="110" y="790"/>
      </bpmndi:BPMNEdge>
      <bpmndi:BPMNEdge id="Flow_0nzehfh_di" bpmnElement="Flow_0nzehfh">
        <di:waypoint x="400" y="515"/>
        <di:waypoint x="400" y="185"/>
      </bpmndi:BPMNEdge>
      <bpmndi:BPMNEdge id="Flow_0srz3r4_di" bpmnElement="Flow_0srz3r4">
        <di:waypoint x="90" y="160"/>
        <di:waypoint x="185" y="160"/>
      </bpmndi:BPMNEdge>
      <bpmndi:BPMNEdge id="Flow_0deeawp_di" bpmnElement="Flow_0deeawp">
        <di:waypoint x="1030" y="160"/>
        <di:waypoint x="1052" y="160"/>
      </bpmndi:BPMNEdge>
      <bpmndi:BPMNEdge id="Flow_1spuxzl_di" bpmnElement="Flow_1spuxzl">
        <di:waypoint x="210" y="410"/>
        <di:waypoint x="262" y="410"/>
      </bpmndi:BPMNEdge>
      <bpmndi:BPMNEdge id="Flow_1okd02s_di" bpmnElement="Flow_1okd02s">
        <di:waypoint x="575" y="940"/>
        <di:waypoint x="490" y="940"/>
        <di:waypoint x="490" y="330"/>
        <di:waypoint x="90" y="184"/>
        <bpmndi:BPMNLabel>
          <dc:Bounds x="494" y="643" width="31" height="14"/>
        </bpmndi:BPMNLabel>
      </bpmndi:BPMNEdge>
      <bpmndi:BPMNEdge id="Flow_0ab5o8b_di" bpmnElement="Flow_0ab5o8b">
        <di:waypoint x="580" y="935"/>
        <di:waypoint x="580" y="190"/>
        <di:waypoint x="560" y="190"/>
        <bpmndi:BPMNLabel>
          <dc:Bounds x="583" y="573" width="13" height="14"/>
        </bpmndi:BPMNLabel>
      </bpmndi:BPMNEdge>
      <bpmndi:BPMNEdge id="Flow_0fpgso2_di" bpmnElement="Flow_0fpgso2">
        <di:waypoint x="210" y="820"/>
        <di:waypoint x="740" y="820"/>
        <di:waypoint x="740" y="410"/>
        <di:waypoint x="1135" y="410"/>
      </bpmndi:BPMNEdge>
      <bpmndi:BPMNEdge id="Flow_19o4sdp_di" bpmnElement="Flow_19o4sdp">
        <di:waypoint x="1160" y="435"/>
        <di:waypoint x="1160" y="480"/>
      </bpmndi:BPMNEdge>
      <bpmndi:BPMNEdge id="Flow_0on7vel_di" bpmnElement="Flow_0on7vel">
        <di:waypoint x="-85" y="810"/>
        <di:waypoint x="0" y="750"/>
        <di:waypoint x="167" y="700"/>
      </bpmndi:BPMNEdge>
      <bpmndi:BPMNEdge id="Flow_18dpf10_di" bpmnElement="Flow_18dpf10">
        <di:waypoint x="-100" y="795"/>
        <di:waypoint x="-100" y="180"/>
        <di:waypoint x="-10" y="180"/>
      </bpmndi:BPMNEdge>
      <bpmndi:BPMNEdge id="Flow_0zcuec5_di" bpmnElement="Flow_0zcuec5">
        <di:waypoint x="-75" y="820"/>
        <di:waypoint x="110" y="820"/>
      </bpmndi:BPMNEdge>
      <bpmndi:BPMNEdge id="Flow_01sthfa_di" bpmnElement="Flow_01sthfa">
        <di:waypoint x="-40" y="655"/>
        <di:waypoint x="-40" y="190"/>
        <di:waypoint x="-10" y="190"/>
      </bpmndi:BPMNEdge>
      <bpmndi:BPMNEdge id="Flow_0do48qb_di" bpmnElement="Flow_0do48qb">
        <di:waypoint x="-15" y="680"/>
        <di:waypoint x="110" y="680"/>
      </bpmndi:BPMNEdge>
      <bpmndi:BPMNEdge id="Flow_038tjmc_di" bpmnElement="Flow_038tjmc">
        <di:waypoint x="210" y="660"/>
        <di:waypoint x="400" y="660"/>
        <di:waypoint x="400" y="565"/>
      </bpmndi:BPMNEdge>
      <bpmndi:BPMNEdge id="Flow_1ht9f3r_di" bpmnElement="Flow_1ht9f3r">
        <di:waypoint x="210" y="540"/>
        <di:waypoint x="375" y="540"/>
      </bpmndi:BPMNEdge>
      <bpmndi:BPMNEdge id="Flow_0xe3sxa_di" bpmnElement="Flow_0xe3sxa">
        <di:waypoint x="-10" y="385"/>
        <di:waypoint x="-10" y="253"/>
        <di:waypoint x="40" y="253"/>
        <di:waypoint x="40" y="200"/>
      </bpmndi:BPMNEdge>
      <bpmndi:BPMNEdge id="Flow_1whwj6f_di" bpmnElement="Flow_1whwj6f">
        <di:waypoint x="210" y="960"/>
        <di:waypoint x="555" y="960"/>
      </bpmndi:BPMNEdge>
      <bpmndi:BPMNEdge id="Flow_1xjvt5f_di" bpmnElement="Flow_1xjvt5f">
        <di:waypoint x="-219" y="176"/>
        <di:waypoint x="-219" y="960"/>
        <di:waypoint x="110" y="960"/>
        <bpmndi:BPMNLabel>
          <dc:Bounds x="-262" y="903" width="43" height="14"/>
        </bpmndi:BPMNLabel>
      </bpmndi:BPMNEdge>
      <bpmndi:BPMNEdge id="Flow_07mrsr3_di" bpmnElement="Flow_07mrsr3">
        <di:waypoint x="-210" y="185"/>
        <di:waypoint x="-210" y="820"/>
        <di:waypoint x="-125" y="820"/>
        <bpmndi:BPMNLabel>
          <dc:Bounds x="-206" y="743" width="32" height="14"/>
        </bpmndi:BPMNLabel>
      </bpmndi:BPMNEdge>
      <bpmndi:BPMNEdge id="Flow_0bpwmpv_di" bpmnElement="Flow_0bpwmpv">
        <di:waypoint x="-20" y="425"/>
        <di:waypoint x="-20" y="660"/>
        <di:waypoint x="110" y="660"/>
        <bpmndi:BPMNLabel>
          <dc:Bounds x="-36" y="456" width="63" height="27"/>
        </bpmndi:BPMNLabel>
      </bpmndi:BPMNEdge>
      <bpmndi:BPMNEdge id="Flow_18e6zzv_di" bpmnElement="Flow_18e6zzv">
        <di:waypoint x="-190" y="165"/>
        <di:waypoint x="-190" y="680"/>
        <di:waypoint x="-65" y="680"/>
        <bpmndi:BPMNLabel>
          <dc:Bounds x="-181" y="465" width="13" height="14"/>
        </bpmndi:BPMNLabel>
      </bpmndi:BPMNEdge>
      <bpmndi:BPMNEdge id="Flow_1j29s8z_di" bpmnElement="Flow_1j29s8z">
        <di:waypoint x="-10" y="435"/>
        <di:waypoint x="-10" y="540"/>
        <di:waypoint x="110" y="540"/>
      </bpmndi:BPMNEdge>
      <bpmndi:BPMNEdge id="Flow_09dlqe0_di" bpmnElement="Flow_09dlqe0">
        <di:waypoint x="15" y="410"/>
        <di:waypoint x="110" y="410"/>
      </bpmndi:BPMNEdge>
      <bpmndi:BPMNEdge id="Flow_108c8s2_di" bpmnElement="Flow_108c8s2">
        <di:waypoint x="-200" y="175"/>
        <di:waypoint x="-200" y="410"/>
        <di:waypoint x="-35" y="410"/>
        <bpmndi:BPMNLabel>
          <dc:Bounds x="-146" y="393" width="13" height="14"/>
        </bpmndi:BPMNLabel>
      </bpmndi:BPMNEdge>
      <bpmndi:BPMNEdge id="Flow_0apf0b2_di" bpmnElement="Flow_0apf0b2">
        <di:waypoint x="-200" y="145"/>
        <di:waypoint x="-200" y="50"/>
        <di:waypoint x="510" y="50"/>
        <di:waypoint x="510" y="120"/>
        <bpmndi:BPMNLabel>
          <dc:Bounds x="-47" y="33" width="13" height="14"/>
        </bpmndi:BPMNLabel>
      </bpmndi:BPMNEdge>
      <bpmndi:BPMNEdge id="Flow_1njhc90_di" bpmnElement="Flow_1njhc90">
        <di:waypoint x="220" y="-120"/>
        <di:waypoint x="530" y="-120"/>
        <di:waypoint x="530" y="120"/>
      </bpmndi:BPMNEdge>
      <bpmndi:BPMNEdge id="Flow_12f2ci7_di" bpmnElement="Flow_12f2ci7">
        <di:waypoint x="-210" y="135"/>
        <di:waypoint x="-210" y="-120"/>
        <di:waypoint x="120" y="-120"/>
        <bpmndi:BPMNLabel>
          <dc:Bounds x="-226" y="-17" width="13" height="14"/>
        </bpmndi:BPMNLabel>
      </bpmndi:BPMNEdge>
      <bpmndi:BPMNEdge id="Flow_1f6psgz_di" bpmnElement="Flow_1f6psgz">
        <di:waypoint x="1210" y="520"/>
        <di:waypoint x="1311" y="520"/>
        <di:waypoint x="1311" y="60"/>
        <di:waypoint x="1412" y="60"/>
      </bpmndi:BPMNEdge>
      <bpmndi:BPMNEdge id="Flow_1s57mi5_di" bpmnElement="Flow_1s57mi5">
        <di:waypoint x="1160" y="85"/>
        <di:waypoint x="1160" y="385"/>
        <bpmndi:BPMNLabel>
          <dc:Bounds x="1097" y="313" width="49" height="14"/>
        </bpmndi:BPMNLabel>
      </bpmndi:BPMNEdge>
      <bpmndi:BPMNEdge id="Flow_0mc28v2_di" bpmnElement="Flow_0mc28v2">
        <di:waypoint x="1185" y="60"/>
        <di:waypoint x="1412" y="60"/>
        <bpmndi:BPMNLabel>
          <dc:Bounds x="1275" y="42" width="48" height="14"/>
        </bpmndi:BPMNLabel>
      </bpmndi:BPMNEdge>
      <bpmndi:BPMNEdge id="Flow_023lp7w_di" bpmnElement="Flow_023lp7w">
        <di:waypoint x="1030" y="60"/>
        <di:waypoint x="1135" y="60"/>
      </bpmndi:BPMNEdge>
      <bpmndi:BPMNEdge id="Flow_0guyhz0_di" bpmnElement="Flow_0guyhz0">
        <di:waypoint x="680" y="135"/>
        <di:waypoint x="680" y="40"/>
        <di:waypoint x="930" y="40"/>
        <bpmndi:BPMNLabel>
          <dc:Bounds x="684" y="85" width="52" height="14"/>
        </bpmndi:BPMNLabel>
      </bpmndi:BPMNEdge>
      <bpmndi:BPMNEdge id="Flow_00x2dug_di" bpmnElement="Flow_00x2dug">
        <di:waypoint x="850" y="135"/>
        <di:waypoint x="850" y="80"/>
        <di:waypoint x="930" y="80"/>
      </bpmndi:BPMNEdge>
      <bpmndi:BPMNEdge id="Flow_1fpzsvl_di" bpmnElement="Flow_1fpzsvl">
        <di:waypoint x="875" y="160"/>
        <di:waypoint x="930" y="160"/>
      </bpmndi:BPMNEdge>
      <bpmndi:BPMNEdge id="Flow_1fsymzi_di" bpmnElement="Flow_1fsymzi">
        <di:waypoint x="705" y="160"/>
        <di:waypoint x="825" y="160"/>
        <bpmndi:BPMNLabel>
          <dc:Bounds x="757" y="176" width="25" height="14"/>
        </bpmndi:BPMNLabel>
      </bpmndi:BPMNEdge>
      <bpmndi:BPMNEdge id="Flow_1lirddv_di" bpmnElement="Flow_1lirddv">
        <di:waypoint x="560" y="160"/>
        <di:waypoint x="655" y="160"/>
      </bpmndi:BPMNEdge>
      <bpmndi:BPMNEdge id="Flow_1gizoc3_di" bpmnElement="Flow_1gizoc3">
        <di:waypoint x="-185" y="160"/>
        <di:waypoint x="-10" y="160"/>
        <bpmndi:BPMNLabel>
          <dc:Bounds x="-133" y="133" width="46" height="14"/>
        </bpmndi:BPMNLabel>
      </bpmndi:BPMNEdge>
      <bpmndi:BPMNEdge id="Flow_0zs5807_di" bpmnElement="Flow_0zs5807">
        <di:waypoint x="-360" y="160"/>
        <di:waypoint x="-235" y="160"/>
      </bpmndi:BPMNEdge>
      <bpmndi:BPMNEdge id="Flow_0igrfix_di" bpmnElement="Flow_0igrfix">
        <di:waypoint x="-512" y="160"/>
        <di:waypoint x="-460" y="160"/>
      </bpmndi:BPMNEdge>
      <bpmndi:BPMNShape id="_BPMNShape_StartEvent_2" bpmnElement="StartEvent_1">
        <dc:Bounds x="-548" y="142" width="36" height="36"/>
      </bpmndi:BPMNShape>
      <bpmndi:BPMNShape id="Activity_0sb0yqx_di" bpmnElement="Activity_0sb0yqx">
        <dc:Bounds x="-460" y="120" width="100" height="80"/>
      </bpmndi:BPMNShape>
      <bpmndi:BPMNShape id="Gateway_0tvgllm_di" bpmnElement="Gateway_0tvgllm" isMarkerVisible="true">
        <dc:Bounds x="-235" y="135" width="50" height="50"/>
        <bpmndi:BPMNLabel>
          <dc:Bounds x="-276" y="133" width="52" height="14"/>
        </bpmndi:BPMNLabel>
      </bpmndi:BPMNShape>
      <bpmndi:BPMNShape id="Activity_14epkdl_di" bpmnElement="Activity_14epkdl">
        <dc:Bounds x="-10" y="120" width="100" height="80"/>
      </bpmndi:BPMNShape>
      <bpmndi:BPMNShape id="Activity_0p9sebb_di" bpmnElement="Activity_0p9sebb">
        <dc:Bounds x="460" y="120" width="100" height="80"/>
      </bpmndi:BPMNShape>
      <bpmndi:BPMNShape id="Gateway_0ywg2j3_di" bpmnElement="Gateway_0ywg2j3" isMarkerVisible="true">
        <dc:Bounds x="655" y="135" width="50" height="50"/>
        <bpmndi:BPMNLabel>
          <dc:Bounds x="655" y="272" width="52" height="14"/>
        </bpmndi:BPMNLabel>
      </bpmndi:BPMNShape>
      <bpmndi:BPMNShape id="Activity_04tax00_di" bpmnElement="Activity_04tax00">
        <dc:Bounds x="930" y="20" width="100" height="80"/>
      </bpmndi:BPMNShape>
      <bpmndi:BPMNShape id="Activity_11xep6a_di" bpmnElement="Activity_11xep6a">
        <dc:Bounds x="930" y="120" width="100" height="80"/>
      </bpmndi:BPMNShape>
      <bpmndi:BPMNShape id="Gateway_1r8lg0v_di" bpmnElement="Gateway_0mxpdju">
        <dc:Bounds x="825" y="135" width="50" height="50"/>
      </bpmndi:BPMNShape>
      <bpmndi:BPMNShape id="Gateway_1uhqq21_di" bpmnElement="Gateway_1uhqq21" isMarkerVisible="true">
        <dc:Bounds x="1135" y="35" width="50" height="50"/>
        <bpmndi:BPMNLabel>
          <dc:Bounds x="1134" y="11" width="52" height="14"/>
        </bpmndi:BPMNLabel>
      </bpmndi:BPMNShape>
      <bpmndi:BPMNShape id="Activity_1k8lvaa_di" bpmnElement="Activity_1k8lvaa">
        <dc:Bounds x="1110" y="480" width="100" height="80"/>
      </bpmndi:BPMNShape>
      <bpmndi:BPMNShape id="Activity_0458ikb_di" bpmnElement="Activity_0458ikb">
        <dc:Bounds x="120" y="-160" width="100" height="80"/>
      </bpmndi:BPMNShape>
      <bpmndi:BPMNShape id="Activity_0oqgmei_di" bpmnElement="Activity_0oqgmei">
        <dc:Bounds x="110" y="370" width="100" height="80"/>
      </bpmndi:BPMNShape>
      <bpmndi:BPMNShape id="Gateway_1wh4goz_di" bpmnElement="Gateway_1x0ueyb">
        <dc:Bounds x="-35" y="385" width="50" height="50"/>
      </bpmndi:BPMNShape>
      <bpmndi:BPMNShape id="Activity_02yfx4t_di" bpmnElement="Activity_02yfx4t">
        <dc:Bounds x="110" y="500" width="100" height="80"/>
      </bpmndi:BPMNShape>
      <bpmndi:BPMNShape id="Activity_0fl2sv3_di" bpmnElement="Activity_0fl2sv3">
        <dc:Bounds x="110" y="620" width="100" height="80"/>
      </bpmndi:BPMNShape>
      <bpmndi:BPMNShape id="Activity_0t1bzbc_di" bpmnElement="Activity_0t1bzbc">
        <dc:Bounds x="110" y="780" width="100" height="80"/>
      </bpmndi:BPMNShape>
      <bpmndi:BPMNShape id="Activity_1rbnzux_di" bpmnElement="Activity_1rbnzux">
        <dc:Bounds x="110" y="920" width="100" height="80"/>
      </bpmndi:BPMNShape>
      <bpmndi:BPMNShape id="Gateway_10a1ld6_di" bpmnElement="Gateway_10a1ld6" isMarkerVisible="true">
        <dc:Bounds x="555" y="935" width="50" height="50"/>
        <bpmndi:BPMNLabel>
          <dc:Bounds x="554" y="992" width="52" height="14"/>
        </bpmndi:BPMNLabel>
      </bpmndi:BPMNShape>
      <bpmndi:BPMNShape id="Gateway_0nnesmw_di" bpmnElement="Gateway_15q9h2z">
        <dc:Bounds x="-65" y="655" width="50" height="50"/>
      </bpmndi:BPMNShape>
      <bpmndi:BPMNShape id="Gateway_17rezkk_di" bpmnElement="Gateway_09gtfox">
        <dc:Bounds x="-125" y="795" width="50" height="50"/>
      </bpmndi:BPMNShape>
      <bpmndi:BPMNShape id="Event_1qkgj8k_di" bpmnElement="Event_1bbr7mf">
        <dc:Bounds x="1412" y="42" width="36" height="36"/>
      </bpmndi:BPMNShape>
      <bpmndi:BPMNShape id="Event_1ko3dqf_di" bpmnElement="Event_1ko3dqf">
        <dc:Bounds x="262" y="392" width="36" height="36"/>
      </bpmndi:BPMNShape>
      <bpmndi:BPMNShape id="Event_175sg02_di" bpmnElement="Event_175sg02">
        <dc:Bounds x="1052" y="142" width="36" height="36"/>
      </bpmndi:BPMNShape>
      <bpmndi:BPMNShape id="Gateway_1qu6tdo_di" bpmnElement="Gateway_1ga5844">
        <dc:Bounds x="375" y="515" width="50" height="50"/>
      </bpmndi:BPMNShape>
      <bpmndi:BPMNShape id="Gateway_1q5gj6d_di" bpmnElement="Gateway_071w3zw">
        <dc:Bounds x="1135" y="385" width="50" height="50"/>
      </bpmndi:BPMNShape>
      <bpmndi:BPMNShape id="Gateway_1x8ec1q_di" bpmnElement="Gateway_1x8ec1q" isMarkerVisible="true">
        <dc:Bounds x="185" y="135" width="50" height="50"/>
      </bpmndi:BPMNShape>
      <bpmndi:BPMNShape id="Gateway_0as8rvp_di" bpmnElement="Gateway_03ntenx">
        <dc:Bounds x="375" y="135" width="50" height="50"/>
      </bpmndi:BPMNShape>
    </bpmndi:BPMNPlane>
  </bpmndi:BPMNDiagram>
</bpmn2:definitions>