<?xml version="1.0" encoding="UTF-8"?><bpmn2:definitions xmlns:bpmn2="http://www.omg.org/spec/BPMN/20100524/MODEL" xmlns:bpmndi="http://www.omg.org/spec/BPMN/20100524/DI" xmlns:camunda="http://camunda.org/schema/1.0/bpmn" xmlns:dc="http://www.omg.org/spec/DD/20100524/DC" xmlns:di="http://www.omg.org/spec/DD/20100524/DI" xmlns:xsi="http://www.w3.org/2001/XMLSchema-instance" expressionLanguage="http://www.w3.org/1999/XPath" id="sample-diagram" targetNamespace="http://bpmn.io/schema/bpmn" typeLanguage="http://www.w3.org/2001/XMLSchema" xsi:schemaLocation="http://www.omg.org/spec/BPMN/20100524/MODEL BPMN20.xsd">
  <bpmn2:process id="WSJobInitMTFinal693_Copy" isClosed="true" isExecutable="true" name="WS_JobInit_MTFinal" processType="None">
    <bpmn2:extensionElements>
      <camunda:properties>
        <camunda:property name="workOrderIDPrefix" value="WS"/>
      </camunda:properties>
    </bpmn2:extensionElements>
    <bpmn2:startEvent id="StartEvent_1" isInterrupting="true" parallelMultiple="false">
      <bpmn2:outgoing>Flow_0eqlal8</bpmn2:outgoing>
    </bpmn2:startEvent>
    <bpmn2:userTask completionQuantity="1" id="Activity_1cdp3gs" implementation="##unspecified" isForCompensation="false" name="Provide Job Data(PACE data publication)" startQuantity="1">
      <bpmn2:incoming>Flow_0eqlal8</bpmn2:incoming>
      <bpmn2:outgoing>Flow_1ckl1ei</bpmn2:outgoing>
    </bpmn2:userTask>
    <bpmn2:sequenceFlow id="Flow_0eqlal8" sourceRef="StartEvent_1" targetRef="Activity_1cdp3gs"/>
    <bpmn2:endEvent id="Event_07lymml">
      <bpmn2:incoming>Flow_1ckl1ei</bpmn2:incoming>
    </bpmn2:endEvent>
    <bpmn2:sequenceFlow id="Flow_1ckl1ei" sourceRef="Activity_1cdp3gs" targetRef="Event_07lymml"/>
  </bpmn2:process>
  <bpmndi:BPMNDiagram id="BPMNDiagram_1">
    <bpmndi:BPMNPlane bpmnElement="WSJobInitMTFinal693_Copy" id="BPMNPlane_1">
      <bpmndi:BPMNEdge bpmnElement="Flow_1ckl1ei" id="Flow_1ckl1ei_di">
        <di:waypoint x="240" y="258"/>
        <di:waypoint x="362" y="258"/>
      </bpmndi:BPMNEdge>
      <bpmndi:BPMNEdge bpmnElement="Flow_0eqlal8" id="Flow_0eqlal8_di">
        <di:waypoint x="18" y="258"/>
        <di:waypoint x="140" y="258"/>
      </bpmndi:BPMNEdge>
      <bpmndi:BPMNShape bpmnElement="StartEvent_1" id="_BPMNShape_StartEvent_2">
        <dc:Bounds height="36" width="36" x="-18" y="240"/>
      </bpmndi:BPMNShape>
      <bpmndi:BPMNShape bpmnElement="Activity_1cdp3gs" id="Activity_1cdp3gs_di">
        <dc:Bounds height="80" width="100" x="140" y="218"/>
      </bpmndi:BPMNShape>
      <bpmndi:BPMNShape bpmnElement="Event_07lymml" id="Event_07lymml_di">
        <dc:Bounds height="36" width="36" x="362" y="240"/>
      </bpmndi:BPMNShape>
    </bpmndi:BPMNPlane>
  </bpmndi:BPMNDiagram>
</bpmn2:definitions>
