<?xml version="1.0" encoding="UTF-8"?><bpmn2:definitions xmlns:bpmn2="http://www.omg.org/spec/BPMN/20100524/MODEL" xmlns:bpmndi="http://www.omg.org/spec/BPMN/20100524/DI" xmlns:camunda="http://camunda.org/schema/1.0/bpmn" xmlns:dc="http://www.omg.org/spec/DD/20100524/DC" xmlns:di="http://www.omg.org/spec/DD/20100524/DI" xmlns:xsi="http://www.w3.org/2001/XMLSchema-instance" id="sample-diagram" targetNamespace="http://bpmn.io/schema/bpmn" xsi:schemaLocation="http://www.omg.org/spec/BPMN/20100524/MODEL BPMN20.xsd">
  <bpmn2:process id="Process_1_422581" name="WS_RealEstate_MTFinal" processType="None" isClosed="true" isExecutable="true">
    <bpmn2:extensionElements>
      <camunda:properties>
        <camunda:property name="workOrderIDPrefix" value="WS"/>
      </camunda:properties>
    </bpmn2:extensionElements>
    <bpmn2:startEvent id="StartEvent_1">
      <bpmn2:outgoing>Flow_1gv11if</bpmn2:outgoing>
    </bpmn2:startEvent>
    <bpmn2:userTask id="Activity_0mg7x1w" name="Select Job Scope" implementation="##unspecified">
      <bpmn2:extensionElements>
        <camunda:formData>
          <camunda:formField id="Scope_Variable" type="string"/>
        </camunda:formData>
        <camunda:properties>
          <camunda:property name="viewName" value="ws_realestate_scopeselection"/>
          <camunda:property name="displayViewName" value="WS_RealEstate_ScopeSelection"/>
          <camunda:property name="contextJson" value="{&quot;Scope_Variable&quot;:&quot;SiteCustomField-siteDropDown3&quot;}"/>
        </camunda:properties>
      </bpmn2:extensionElements>
      <bpmn2:incoming>Flow_1gv11if</bpmn2:incoming>
      <bpmn2:outgoing>Flow_1i5knrq</bpmn2:outgoing>
    </bpmn2:userTask>
    <bpmn2:sequenceFlow id="Flow_1gv11if" sourceRef="StartEvent_1" targetRef="Activity_0mg7x1w"/>
    <bpmn2:sequenceFlow id="Flow_1i5knrq" sourceRef="Activity_0mg7x1w" targetRef="Gateway_1i1wyze"/>
    <bpmn2:sequenceFlow id="Flow_14ko9hv" name="1, 5, 2, 3, or 4" sourceRef="Gateway_1i1wyze" targetRef="Gateway_17rwnt6">
      <bpmn2:conditionExpression xsi:type="bpmn2:tFormalExpression">${(Scope_Variable == "NSB") || (Scope_Variable == "CBAND") || (Scope_Variable == "LTE 1C" )|| (Scope_Variable == "LTE 2C" )|| (Scope_Variable == "LTE BWE")}</bpmn2:conditionExpression>
    </bpmn2:sequenceFlow>
    <bpmn2:parallelGateway id="Gateway_17rwnt6">
      <bpmn2:incoming>Flow_14ko9hv</bpmn2:incoming>
      <bpmn2:outgoing>Flow_0f0aa4f</bpmn2:outgoing>
      <bpmn2:outgoing>Flow_07me52u</bpmn2:outgoing>
      <bpmn2:outgoing>Flow_0skt7sh</bpmn2:outgoing>
    </bpmn2:parallelGateway>
    <bpmn2:userTask id="Activity_0pj2rbz" name="RE005 Submit Zoning" implementation="##unspecified">
      <bpmn2:incoming>Flow_0f0aa4f</bpmn2:incoming>
      <bpmn2:incoming>Flow_1cpe1rw</bpmn2:incoming>
      <bpmn2:outgoing>Flow_1fp88mi</bpmn2:outgoing>
    </bpmn2:userTask>
    <bpmn2:sequenceFlow id="Flow_0f0aa4f" sourceRef="Gateway_17rwnt6" targetRef="Activity_0pj2rbz"/>
    <bpmn2:userTask id="Activity_0ke56zz" name="RE066 Complete Zoning Application" implementation="##unspecified">
      <bpmn2:incoming>Flow_1fp88mi</bpmn2:incoming>
      <bpmn2:outgoing>Flow_0zrvpw8</bpmn2:outgoing>
    </bpmn2:userTask>
    <bpmn2:sequenceFlow id="Flow_1fp88mi" sourceRef="Activity_0pj2rbz" targetRef="Activity_0ke56zz"/>
    <bpmn2:userTask id="Activity_1pc1c99" name="RE030 Receive Zoning Approval" implementation="##unspecified">
      <bpmn2:incoming>Flow_0zrvpw8</bpmn2:incoming>
      <bpmn2:outgoing>Flow_0hpdcqv</bpmn2:outgoing>
    </bpmn2:userTask>
    <bpmn2:sequenceFlow id="Flow_0zrvpw8" sourceRef="Activity_0ke56zz" targetRef="Activity_1pc1c99"/>
    <bpmn2:exclusiveGateway id="Gateway_0d8d30i">
      <bpmn2:incoming>Flow_1cdx6kd</bpmn2:incoming>
      <bpmn2:outgoing>Flow_1bhsh3e</bpmn2:outgoing>
      <bpmn2:outgoing>Flow_1t83owk</bpmn2:outgoing>
    </bpmn2:exclusiveGateway>
    <bpmn2:userTask id="Activity_1q7x70b" name="RE057 Conduct  TARP Review" implementation="##unspecified">
      <bpmn2:incoming>Flow_1bhsh3e</bpmn2:incoming>
      <bpmn2:outgoing>Flow_167jrw8</bpmn2:outgoing>
    </bpmn2:userTask>
    <bpmn2:sequenceFlow id="Flow_1bhsh3e" name="Failed" sourceRef="Gateway_0d8d30i" targetRef="Activity_1q7x70b">
      <bpmn2:conditionExpression xsi:type="bpmn2:tFormalExpression">${Structural_Analysis == "Fail"}</bpmn2:conditionExpression>
    </bpmn2:sequenceFlow>
    <bpmn2:exclusiveGateway id="Gateway_0yu3eei">
      <bpmn2:incoming>Flow_167jrw8</bpmn2:incoming>
      <bpmn2:incoming>Flow_1t83owk</bpmn2:incoming>
      <bpmn2:outgoing>Flow_1ugdp1d</bpmn2:outgoing>
      <bpmn2:outgoing>Flow_1o9z5gw</bpmn2:outgoing>
      <bpmn2:outgoing>Flow_0a3mj9u</bpmn2:outgoing>
    </bpmn2:exclusiveGateway>
    <bpmn2:sequenceFlow id="Flow_167jrw8" sourceRef="Activity_1q7x70b" targetRef="Gateway_0yu3eei"/>
    <bpmn2:userTask id="Activity_0pqqvac" name="RE001 Submit Building Permit" implementation="##unspecified">
      <bpmn2:incoming>Flow_1ugdp1d</bpmn2:incoming>
      <bpmn2:incoming>Flow_0glh050</bpmn2:incoming>
      <bpmn2:incoming>Flow_0y2nvz7</bpmn2:incoming>
      <bpmn2:outgoing>Flow_1ee9jv6</bpmn2:outgoing>
    </bpmn2:userTask>
    <bpmn2:sequenceFlow id="Flow_1ugdp1d" name="6, 7, 2, or 4" sourceRef="Gateway_0yu3eei" targetRef="Activity_0pqqvac">
      <bpmn2:conditionExpression xsi:type="bpmn2:tFormalExpression">${Scope_Variable == "CRAN Build" || Scope_Variable == "CRAN Buy" || Scope_Variable == "LTE 1C" || Scope_Variable == "LTE BWE"}</bpmn2:conditionExpression>
    </bpmn2:sequenceFlow>
    <bpmn2:userTask id="Activity_1qgxufl" name="RE031 Receive Building Permit" implementation="##unspecified">
      <bpmn2:incoming>Flow_1ee9jv6</bpmn2:incoming>
      <bpmn2:outgoing>Flow_1ys34r5</bpmn2:outgoing>
    </bpmn2:userTask>
    <bpmn2:sequenceFlow id="Flow_1ee9jv6" sourceRef="Activity_0pqqvac" targetRef="Activity_1qgxufl"/>
    <bpmn2:userTask id="Activity_0738zyl" name="Send Message - Start Const-2 (CI025)" implementation="##unspecified">
      <bpmn2:incoming>Flow_1k2vzwj</bpmn2:incoming>
      <bpmn2:outgoing>Flow_1qpgehy</bpmn2:outgoing>
    </bpmn2:userTask>
    <bpmn2:sequenceFlow id="Flow_1k2vzwj" sourceRef="Gateway_1jx0tzv" targetRef="Activity_0738zyl"/>
    <bpmn2:sequenceFlow id="Flow_1ys34r5" sourceRef="Activity_1qgxufl" targetRef="Gateway_1jx0tzv"/>
    <bpmn2:parallelGateway id="Gateway_0ohkf5d">
      <bpmn2:incoming>Flow_1tlupq4</bpmn2:incoming>
      <bpmn2:incoming>Flow_08jsfxg</bpmn2:incoming>
      <bpmn2:incoming>Flow_0r2sd8g</bpmn2:incoming>
      <bpmn2:outgoing>Flow_0ufyliw</bpmn2:outgoing>
    </bpmn2:parallelGateway>
    <bpmn2:userTask id="Activity_0q3v9gx" name="RE007 Submit Co-Location Application to" implementation="##unspecified">
      <bpmn2:incoming>Flow_07me52u</bpmn2:incoming>
      <bpmn2:incoming>Flow_0x5ohxh</bpmn2:incoming>
      <bpmn2:outgoing>Flow_1eccm64</bpmn2:outgoing>
    </bpmn2:userTask>
    <bpmn2:sequenceFlow id="Flow_07me52u" sourceRef="Gateway_17rwnt6" targetRef="Activity_0q3v9gx"/>
    <bpmn2:sequenceFlow id="Flow_1eccm64" sourceRef="Activity_0q3v9gx" targetRef="Gateway_12b5sjl"/>
    <bpmn2:userTask id="Activity_1g5zjme" name="RE103 Request Draft Lease from Tower Owner" implementation="##unspecified">
      <bpmn2:incoming>Flow_0fmi8e8</bpmn2:incoming>
      <bpmn2:incoming>Flow_1yra50x</bpmn2:incoming>
      <bpmn2:outgoing>Flow_0s2ppyo</bpmn2:outgoing>
    </bpmn2:userTask>
    <bpmn2:sequenceFlow id="Flow_0fmi8e8" name="5, 2, 3, or 4" sourceRef="Gateway_12b5sjl" targetRef="Activity_1g5zjme">
      <bpmn2:conditionExpression xsi:type="bpmn2:tFormalExpression">${Scope_Variable == "CBAND"  || Scope_Variable == "LTE 1C" || Scope_Variable == "LTE 2C" || Scope_Variable == "LTE BWE"}</bpmn2:conditionExpression>
    </bpmn2:sequenceFlow>
    <bpmn2:sequenceFlow id="Flow_1yra50x" sourceRef="Gateway_0u0zoo3" targetRef="Activity_1g5zjme"/>
    <bpmn2:exclusiveGateway id="Gateway_1ssfkl1">
      <bpmn2:incoming>Flow_0s2ppyo</bpmn2:incoming>
      <bpmn2:outgoing>Flow_0gi039m</bpmn2:outgoing>
      <bpmn2:outgoing>Flow_0j80cd2</bpmn2:outgoing>
    </bpmn2:exclusiveGateway>
    <bpmn2:sequenceFlow id="Flow_0s2ppyo" sourceRef="Activity_1g5zjme" targetRef="Gateway_1ssfkl1"/>
    <bpmn2:userTask id="Activity_19e3u19" name="RE015 Receive Sign Leasing Agreement" implementation="##unspecified">
      <bpmn2:incoming>Flow_0gi039m</bpmn2:incoming>
      <bpmn2:incoming>Flow_0xh69vd</bpmn2:incoming>
      <bpmn2:incoming>Flow_05aqvwa</bpmn2:incoming>
      <bpmn2:outgoing>Flow_1tlupq4</bpmn2:outgoing>
    </bpmn2:userTask>
    <bpmn2:sequenceFlow id="Flow_0gi039m" name="5, 2, 3, or 4" sourceRef="Gateway_1ssfkl1" targetRef="Activity_19e3u19">
      <bpmn2:conditionExpression xsi:type="bpmn2:tFormalExpression">${Scope_Variable == "CBAND" || Scope_Variable == "LTE 1C" || Scope_Variable == "LTE 2C" || Scope_Variable == "LTE BWE"}</bpmn2:conditionExpression>
    </bpmn2:sequenceFlow>
    <bpmn2:sequenceFlow id="Flow_1tlupq4" sourceRef="Activity_19e3u19" targetRef="Gateway_0ohkf5d"/>
    <bpmn2:sequenceFlow id="Flow_0xh69vd" name="6 or 7" sourceRef="Gateway_12b5sjl" targetRef="Activity_19e3u19">
      <bpmn2:conditionExpression xsi:type="bpmn2:tFormalExpression">${Scope_Variable == "CRAN Build" || Scope_Variable == "CRAN Buy"}</bpmn2:conditionExpression>
    </bpmn2:sequenceFlow>
    <bpmn2:exclusiveGateway id="Gateway_1lojugg" default="Flow_0t1vvpq">
      <bpmn2:incoming>Flow_0skt7sh</bpmn2:incoming>
      <bpmn2:outgoing>Flow_1cxm7ud</bpmn2:outgoing>
      <bpmn2:outgoing>Flow_061lq2e</bpmn2:outgoing>
      <bpmn2:outgoing>Flow_0t1vvpq</bpmn2:outgoing>
    </bpmn2:exclusiveGateway>
    <bpmn2:sequenceFlow id="Flow_0skt7sh" sourceRef="Gateway_17rwnt6" targetRef="Gateway_1lojugg"/>
    <bpmn2:userTask id="Activity_1i6t3fm" name="RE056 Request CNTP" implementation="##unspecified">
      <bpmn2:incoming>Flow_1cxm7ud</bpmn2:incoming>
      <bpmn2:incoming>Flow_12a02qz</bpmn2:incoming>
      <bpmn2:outgoing>Flow_0vaxzp7</bpmn2:outgoing>
    </bpmn2:userTask>
    <bpmn2:sequenceFlow id="Flow_1cxm7ud" name="1, 2, or 4" sourceRef="Gateway_1lojugg" targetRef="Activity_1i6t3fm">
      <bpmn2:conditionExpression xsi:type="bpmn2:tFormalExpression">${Scope_Variable == "NSB" || Scope_Variable == "LTE 1C" || Scope_Variable == "LTE BWE"}</bpmn2:conditionExpression>
    </bpmn2:sequenceFlow>
    <bpmn2:userTask id="Activity_0acbd68" name="Wait for - Const  Comp-2 (SS107)" implementation="##unspecified">
      <bpmn2:incoming>Flow_061lq2e</bpmn2:incoming>
      <bpmn2:outgoing>Flow_12a02qz</bpmn2:outgoing>
    </bpmn2:userTask>
    <bpmn2:sequenceFlow id="Flow_061lq2e" name="5 or 3" sourceRef="Gateway_1lojugg" targetRef="Activity_0acbd68">
      <bpmn2:conditionExpression xsi:type="bpmn2:tFormalExpression">${Scope_Variable == "CBAND" || Scope_Variable == "LTE 2C" }</bpmn2:conditionExpression>
    </bpmn2:sequenceFlow>
    <bpmn2:exclusiveGateway id="Gateway_00ltztz">
      <bpmn2:incoming>Flow_0vaxzp7</bpmn2:incoming>
      <bpmn2:incoming>Flow_0t1vvpq</bpmn2:incoming>
      <bpmn2:outgoing>Flow_1gzt0so</bpmn2:outgoing>
      <bpmn2:outgoing>Flow_0pv6m5z</bpmn2:outgoing>
    </bpmn2:exclusiveGateway>
    <bpmn2:sequenceFlow id="Flow_0vaxzp7" sourceRef="Activity_1i6t3fm" targetRef="Gateway_00ltztz"/>
    <bpmn2:userTask id="Activity_1k9443z" name="RE032 Receive CNTP Approval" implementation="##unspecified">
      <bpmn2:incoming>Flow_1gzt0so</bpmn2:incoming>
      <bpmn2:outgoing>Flow_0w6ozuq</bpmn2:outgoing>
    </bpmn2:userTask>
    <bpmn2:sequenceFlow id="Flow_1gzt0so" name="1, 3, 4, 5, 6, or 7" sourceRef="Gateway_00ltztz" targetRef="Activity_1k9443z">
      <bpmn2:conditionExpression xsi:type="bpmn2:tFormalExpression">${Scope_Variable == "NSB" || Scope_Variable == "CRAN Build" || Scope_Variable == "CRAN Buy" || Scope_Variable == "CBAND" || Scope_Variable == "LTE 2C" || Scope_Variable == "LTE BWE"}</bpmn2:conditionExpression>
    </bpmn2:sequenceFlow>
    <bpmn2:userTask id="Activity_0zs6tl7" name="Send Message - Start Const-1 (CI025)" implementation="##unspecified">
      <bpmn2:incoming>Flow_10ptu6m</bpmn2:incoming>
      <bpmn2:outgoing>Flow_1itjbwc</bpmn2:outgoing>
    </bpmn2:userTask>
    <bpmn2:sequenceFlow id="Flow_0w6ozuq" sourceRef="Activity_1k9443z" targetRef="Gateway_1oqofvo"/>
    <bpmn2:sequenceFlow id="Flow_0pv6m5z" name="2" sourceRef="Gateway_00ltztz" targetRef="Gateway_18hj2iz">
      <bpmn2:conditionExpression xsi:type="bpmn2:tFormalExpression">${Scope_Variable == "LTE 1C" }</bpmn2:conditionExpression>
    </bpmn2:sequenceFlow>
    <bpmn2:sequenceFlow id="Flow_12a02qz" name="Completed" sourceRef="Activity_0acbd68" targetRef="Activity_1i6t3fm"/>
    <bpmn2:userTask id="Activity_0km8uka" name="Wait for - Const  Comp-3 (SS107)" implementation="##unspecified">
      <bpmn2:incoming>Flow_0fra44b</bpmn2:incoming>
      <bpmn2:outgoing>Flow_0cscbqc</bpmn2:outgoing>
    </bpmn2:userTask>
    <bpmn2:sequenceFlow id="Flow_0fra44b" name="6 or 7" sourceRef="Gateway_1i1wyze" targetRef="Activity_0km8uka">
      <bpmn2:conditionExpression xsi:type="bpmn2:tFormalExpression">${(Scope_Variable == "CRAN Build" )|| (Scope_Variable == "CRAN Buy")}</bpmn2:conditionExpression>
    </bpmn2:sequenceFlow>
    <bpmn2:sequenceFlow id="Flow_0cscbqc" sourceRef="Activity_0km8uka" targetRef="Gateway_0iypoho"/>
    <bpmn2:parallelGateway id="Gateway_0iypoho">
      <bpmn2:incoming>Flow_0cscbqc</bpmn2:incoming>
      <bpmn2:outgoing>Flow_1cpe1rw</bpmn2:outgoing>
      <bpmn2:outgoing>Flow_0x5ohxh</bpmn2:outgoing>
      <bpmn2:outgoing>Flow_04jsmuv</bpmn2:outgoing>
    </bpmn2:parallelGateway>
    <bpmn2:sequenceFlow id="Flow_1cpe1rw" name="Completed" sourceRef="Gateway_0iypoho" targetRef="Activity_0pj2rbz"/>
    <bpmn2:sequenceFlow id="Flow_0x5ohxh" name="Completed" sourceRef="Gateway_0iypoho" targetRef="Activity_0q3v9gx"/>
    <bpmn2:userTask id="Activity_1l36hd2" name="RE068 Complete Tower Modification Construction" implementation="##unspecified">
      <bpmn2:incoming>Flow_04jsmuv</bpmn2:incoming>
      <bpmn2:outgoing>Flow_18jvy53</bpmn2:outgoing>
    </bpmn2:userTask>
    <bpmn2:sequenceFlow id="Flow_04jsmuv" sourceRef="Gateway_0iypoho" targetRef="Activity_1l36hd2"/>
    <bpmn2:sequenceFlow id="Flow_0931f11" name="1" sourceRef="Gateway_1i1wyze" targetRef="Gateway_072ekn9">
      <bpmn2:conditionExpression xsi:type="bpmn2:tFormalExpression">${Scope_Variable == "NSB"}</bpmn2:conditionExpression>
    </bpmn2:sequenceFlow>
    <bpmn2:parallelGateway id="Gateway_072ekn9">
      <bpmn2:incoming>Flow_0931f11</bpmn2:incoming>
      <bpmn2:outgoing>Flow_0m7viv1</bpmn2:outgoing>
      <bpmn2:outgoing>Flow_0ll61lh</bpmn2:outgoing>
    </bpmn2:parallelGateway>
    <bpmn2:userTask id="Activity_179kurc" name="RE081 Complete Transport Contract" implementation="##unspecified">
      <bpmn2:incoming>Flow_0m7viv1</bpmn2:incoming>
      <bpmn2:outgoing>Flow_0ypa8bx</bpmn2:outgoing>
    </bpmn2:userTask>
    <bpmn2:sequenceFlow id="Flow_0m7viv1" sourceRef="Gateway_072ekn9" targetRef="Activity_179kurc"/>
    <bpmn2:endEvent id="Event_16cvyju">
      <bpmn2:incoming>Flow_0ypa8bx</bpmn2:incoming>
    </bpmn2:endEvent>
    <bpmn2:sequenceFlow id="Flow_0ypa8bx" sourceRef="Activity_179kurc" targetRef="Event_16cvyju"/>
    <bpmn2:userTask id="Activity_1nleps4" name="RE027 Notify EH&amp;S" implementation="##unspecified">
      <bpmn2:incoming>Flow_0ll61lh</bpmn2:incoming>
      <bpmn2:outgoing>Flow_1gftt9h</bpmn2:outgoing>
    </bpmn2:userTask>
    <bpmn2:sequenceFlow id="Flow_0ll61lh" sourceRef="Gateway_072ekn9" targetRef="Activity_1nleps4"/>
    <bpmn2:userTask id="Activity_012o36e" name="RE028 Receive EH&amp;S Approval" implementation="##unspecified">
      <bpmn2:incoming>Flow_1gftt9h</bpmn2:incoming>
      <bpmn2:outgoing>Flow_1jm2sph</bpmn2:outgoing>
    </bpmn2:userTask>
    <bpmn2:sequenceFlow id="Flow_1gftt9h" sourceRef="Activity_1nleps4" targetRef="Activity_012o36e"/>
    <bpmn2:userTask id="Activity_0cfk9q6" name="Send Message - Order EH&amp;S  (CI093)" implementation="##unspecified">
      <bpmn2:incoming>Flow_1jm2sph</bpmn2:incoming>
      <bpmn2:outgoing>Flow_1yq6j1u</bpmn2:outgoing>
    </bpmn2:userTask>
    <bpmn2:sequenceFlow id="Flow_1jm2sph" sourceRef="Activity_012o36e" targetRef="Activity_0cfk9q6"/>
    <bpmn2:exclusiveGateway id="Gateway_1bp8fvz">
      <bpmn2:incoming>Flow_0ufyliw</bpmn2:incoming>
      <bpmn2:outgoing>Flow_0x4bkxi</bpmn2:outgoing>
      <bpmn2:outgoing>Flow_0ncrb8p</bpmn2:outgoing>
    </bpmn2:exclusiveGateway>
    <bpmn2:sequenceFlow id="Flow_0ufyliw" sourceRef="Gateway_0ohkf5d" targetRef="Gateway_1bp8fvz"/>
    <bpmn2:userTask id="Activity_0qtve2q" name="RE020 Complete Site Acquisition" implementation="##unspecified">
      <bpmn2:incoming>Flow_0x4bkxi</bpmn2:incoming>
      <bpmn2:incoming>Flow_0w6ppu7</bpmn2:incoming>
      <bpmn2:outgoing>Flow_0u9dr7h</bpmn2:outgoing>
    </bpmn2:userTask>
    <bpmn2:sequenceFlow id="Flow_0x4bkxi" name="1, 4, 6, or 7" sourceRef="Gateway_1bp8fvz" targetRef="Activity_0qtve2q">
      <bpmn2:conditionExpression xsi:type="bpmn2:tFormalExpression">${Scope_Variable == "NSB" || Scope_Variable == "CRAN Build" || Scope_Variable == "CRAN Buy" || Scope_Variable == "LTE BWE"}</bpmn2:conditionExpression>
    </bpmn2:sequenceFlow>
    <bpmn2:userTask id="Activity_1vf2llw" name="Send Message RBS Date Entered (CI004)" implementation="##unspecified">
      <bpmn2:incoming>Flow_0ncrb8p</bpmn2:incoming>
      <bpmn2:outgoing>Flow_0w6ppu7</bpmn2:outgoing>
    </bpmn2:userTask>
    <bpmn2:sequenceFlow id="Flow_0ncrb8p" name="5, 2, or 3" sourceRef="Gateway_1bp8fvz" targetRef="Activity_1vf2llw">
      <bpmn2:conditionExpression xsi:type="bpmn2:tFormalExpression">${Scope_Variable == "CBAND" || Scope_Variable == "LTE 1C" || Scope_Variable == "LTE 2C" }</bpmn2:conditionExpression>
    </bpmn2:sequenceFlow>
    <bpmn2:sequenceFlow id="Flow_0w6ppu7" sourceRef="Activity_1vf2llw" targetRef="Activity_0qtve2q"/>
    <bpmn2:userTask id="Activity_0xwkzkg" name="RE097 Complete Site Acq Package" implementation="##unspecified">
      <bpmn2:incoming>Flow_04pvs00</bpmn2:incoming>
      <bpmn2:incoming>Flow_0qf6evi</bpmn2:incoming>
      <bpmn2:outgoing>Flow_1ij18rv</bpmn2:outgoing>
    </bpmn2:userTask>
    <bpmn2:sequenceFlow id="Flow_0u9dr7h" sourceRef="Activity_0qtve2q" targetRef="Gateway_0fytm35"/>
    <bpmn2:userTask id="Activity_03eskav" name="RE060 Provide Final Site Acq Acceptance" implementation="##unspecified">
      <bpmn2:incoming>Flow_1ij18rv</bpmn2:incoming>
      <bpmn2:outgoing>Flow_1pfg3yz</bpmn2:outgoing>
    </bpmn2:userTask>
    <bpmn2:sequenceFlow id="Flow_1ij18rv" sourceRef="Activity_0xwkzkg" targetRef="Activity_03eskav"/>
    <bpmn2:exclusiveGateway id="Gateway_071ns53" default="Flow_0xo919m">
      <bpmn2:incoming>Flow_1pfg3yz</bpmn2:incoming>
      <bpmn2:outgoing>Flow_17fybwz</bpmn2:outgoing>
      <bpmn2:outgoing>Flow_0xo919m</bpmn2:outgoing>
    </bpmn2:exclusiveGateway>
    <bpmn2:sequenceFlow id="Flow_1pfg3yz" sourceRef="Activity_03eskav" targetRef="Gateway_071ns53"/>
    <bpmn2:userTask id="Activity_0azrmla" name="Send Message - Complete 3rd Party (CI153)" implementation="##unspecified">
      <bpmn2:incoming>Flow_17fybwz</bpmn2:incoming>
      <bpmn2:outgoing>Flow_003xufg</bpmn2:outgoing>
    </bpmn2:userTask>
    <bpmn2:sequenceFlow id="Flow_17fybwz" name="6 or 7" sourceRef="Gateway_071ns53" targetRef="Activity_0azrmla">
      <bpmn2:conditionExpression xsi:type="bpmn2:tFormalExpression">${Scope_Variable == "CRAN Build" || Scope_Variable == "CRAN Buy"}</bpmn2:conditionExpression>
    </bpmn2:sequenceFlow>
    <bpmn2:userTask id="Activity_0514uvt" name="Wait for - Site Audit Uploaded TFN? (SS005)" implementation="##unspecified">
      <bpmn2:incoming>Flow_0j80cd2</bpmn2:incoming>
      <bpmn2:outgoing>Flow_05aqvwa</bpmn2:outgoing>
    </bpmn2:userTask>
    <bpmn2:sequenceFlow id="Flow_0j80cd2" name="1" sourceRef="Gateway_1ssfkl1" targetRef="Activity_0514uvt">
      <bpmn2:conditionExpression xsi:type="bpmn2:tFormalExpression">${Scope_Variable == "NSB"}</bpmn2:conditionExpression>
    </bpmn2:sequenceFlow>
    <bpmn2:sequenceFlow id="Flow_05aqvwa" sourceRef="Activity_0514uvt" targetRef="Activity_19e3u19"/>
    <bpmn2:userTask id="Activity_0icaicq" name="Wait for Const Drawings -1 (SS107)" implementation="##unspecified">
      <bpmn2:incoming>Flow_1o9z5gw</bpmn2:incoming>
      <bpmn2:outgoing>Flow_0glh050</bpmn2:outgoing>
    </bpmn2:userTask>
    <bpmn2:sequenceFlow id="Flow_1o9z5gw" name="5 or 3" sourceRef="Gateway_0yu3eei" targetRef="Activity_0icaicq">
      <bpmn2:conditionExpression xsi:type="bpmn2:tFormalExpression">${Scope_Variable == "CBAND" || Scope_Variable == "LTE 2C"}</bpmn2:conditionExpression>
    </bpmn2:sequenceFlow>
    <bpmn2:sequenceFlow id="Flow_0glh050" sourceRef="Activity_0icaicq" targetRef="Activity_0pqqvac"/>
    <bpmn2:sequenceFlow id="Flow_1t83owk" name="Passed" sourceRef="Gateway_0d8d30i" targetRef="Gateway_0yu3eei">
      <bpmn2:conditionExpression xsi:type="bpmn2:tFormalExpression">${Structural_Analysis == "Pass"}</bpmn2:conditionExpression>
    </bpmn2:sequenceFlow>
    <bpmn2:endEvent id="Event_1xl7cqq">
      <bpmn2:incoming>Flow_1yq6j1u</bpmn2:incoming>
    </bpmn2:endEvent>
    <bpmn2:sequenceFlow id="Flow_1yq6j1u" sourceRef="Activity_0cfk9q6" targetRef="Event_1xl7cqq"/>
    <bpmn2:endEvent id="Event_01gk19v">
      <bpmn2:incoming>Flow_1itjbwc</bpmn2:incoming>
    </bpmn2:endEvent>
    <bpmn2:sequenceFlow id="Flow_1itjbwc" sourceRef="Activity_0zs6tl7" targetRef="Event_01gk19v"/>
    <bpmn2:endEvent id="Event_15lfqy5">
      <bpmn2:incoming>Flow_1qpgehy</bpmn2:incoming>
    </bpmn2:endEvent>
    <bpmn2:sequenceFlow id="Flow_1qpgehy" sourceRef="Activity_0738zyl" targetRef="Event_15lfqy5"/>
    <bpmn2:userTask id="Activity_0u2vief" name="Structural Analysis Result" implementation="##unspecified">
      <bpmn2:extensionElements>
        <camunda:formData>
          <camunda:formField id="Structural_Analysis" type="string"/>
        </camunda:formData>
      </bpmn2:extensionElements>
      <bpmn2:incoming>Flow_1rmmlru</bpmn2:incoming>
      <bpmn2:incoming>Flow_0h6zzfl</bpmn2:incoming>
      <bpmn2:outgoing>Flow_1cdx6kd</bpmn2:outgoing>
    </bpmn2:userTask>
    <bpmn2:sequenceFlow id="Flow_1cdx6kd" sourceRef="Activity_0u2vief" targetRef="Gateway_0d8d30i"/>
    <bpmn2:sequenceFlow id="Flow_0t1vvpq" sourceRef="Gateway_1lojugg" targetRef="Gateway_00ltztz"/>
    <bpmn2:sequenceFlow id="Flow_0a3mj9u" name="1" sourceRef="Gateway_0yu3eei" targetRef="Gateway_0u0zoo3">
      <bpmn2:conditionExpression xsi:type="bpmn2:tFormalExpression">${Scope_Variable == "NSB"}</bpmn2:conditionExpression>
    </bpmn2:sequenceFlow>
    <bpmn2:parallelGateway id="Gateway_0u0zoo3">
      <bpmn2:incoming>Flow_0a3mj9u</bpmn2:incoming>
      <bpmn2:outgoing>Flow_1yra50x</bpmn2:outgoing>
      <bpmn2:outgoing>Flow_0y2nvz7</bpmn2:outgoing>
    </bpmn2:parallelGateway>
    <bpmn2:sequenceFlow id="Flow_0y2nvz7" sourceRef="Gateway_0u0zoo3" targetRef="Activity_0pqqvac"/>
    <bpmn2:userTask id="Activity_0v75p6h" name="Send Message - Site and/or Shelter RFE (CI060)" implementation="##unspecified">
      <bpmn2:incoming>Flow_18jvy53</bpmn2:incoming>
      <bpmn2:outgoing>Flow_1bsww54</bpmn2:outgoing>
    </bpmn2:userTask>
    <bpmn2:sequenceFlow id="Flow_18jvy53" sourceRef="Activity_1l36hd2" targetRef="Activity_0v75p6h"/>
    <bpmn2:endEvent id="Event_0x74buy">
      <bpmn2:incoming>Flow_1bsww54</bpmn2:incoming>
    </bpmn2:endEvent>
    <bpmn2:sequenceFlow id="Flow_1bsww54" sourceRef="Activity_0v75p6h" targetRef="Event_0x74buy"/>
    <bpmn2:sequenceFlow id="Flow_0xo919m" name="Default" sourceRef="Gateway_071ns53" targetRef="Event_1smoysn"/>
    <bpmn2:sequenceFlow id="Flow_003xufg" sourceRef="Activity_0azrmla" targetRef="Event_1smoysn"/>
    <bpmn2:exclusiveGateway id="Gateway_0fytm35" default="Flow_04pvs00">
      <bpmn2:incoming>Flow_0u9dr7h</bpmn2:incoming>
      <bpmn2:outgoing>Flow_04pvs00</bpmn2:outgoing>
      <bpmn2:outgoing>Flow_1mb23ou</bpmn2:outgoing>
    </bpmn2:exclusiveGateway>
    <bpmn2:sequenceFlow id="Flow_04pvs00" sourceRef="Gateway_0fytm35" targetRef="Activity_0xwkzkg"/>
    <bpmn2:userTask id="Activity_1ve7vyi" name="Send Message - Call Out Tower (CI065)" implementation="##unspecified">
      <bpmn2:incoming>Flow_1mb23ou</bpmn2:incoming>
      <bpmn2:outgoing>Flow_0qf6evi</bpmn2:outgoing>
    </bpmn2:userTask>
    <bpmn2:sequenceFlow id="Flow_1mb23ou" name="1" sourceRef="Gateway_0fytm35" targetRef="Activity_1ve7vyi">
      <bpmn2:conditionExpression xsi:type="bpmn2:tFormalExpression">${Scope_Variable == "NSB"}</bpmn2:conditionExpression>
    </bpmn2:sequenceFlow>
    <bpmn2:sequenceFlow id="Flow_0qf6evi" sourceRef="Activity_1ve7vyi" targetRef="Activity_0xwkzkg"/>
    <bpmn2:endEvent id="Event_1smoysn">
      <bpmn2:incoming>Flow_0xo919m</bpmn2:incoming>
      <bpmn2:incoming>Flow_003xufg</bpmn2:incoming>
      <bpmn2:terminateEventDefinition id="TerminateEventDefinition_1d18xqn"/>
    </bpmn2:endEvent>
    <bpmn2:sequenceFlow id="Flow_08jsfxg" sourceRef="Gateway_1jx0tzv" targetRef="Gateway_0ohkf5d"/>
    <bpmn2:parallelGateway id="Gateway_1jx0tzv">
      <bpmn2:incoming>Flow_1ys34r5</bpmn2:incoming>
      <bpmn2:outgoing>Flow_08jsfxg</bpmn2:outgoing>
      <bpmn2:outgoing>Flow_1k2vzwj</bpmn2:outgoing>
    </bpmn2:parallelGateway>
    <bpmn2:sequenceFlow id="Flow_06wvrvu" sourceRef="Gateway_1oqofvo" targetRef="Gateway_18hj2iz"/>
    <bpmn2:parallelGateway id="Gateway_1oqofvo">
      <bpmn2:incoming>Flow_0w6ozuq</bpmn2:incoming>
      <bpmn2:outgoing>Flow_06wvrvu</bpmn2:outgoing>
      <bpmn2:outgoing>Flow_10ptu6m</bpmn2:outgoing>
    </bpmn2:parallelGateway>
    <bpmn2:sequenceFlow id="Flow_10ptu6m" sourceRef="Gateway_1oqofvo" targetRef="Activity_0zs6tl7"/>
    <bpmn2:inclusiveGateway id="Gateway_1i1wyze">
      <bpmn2:incoming>Flow_1i5knrq</bpmn2:incoming>
      <bpmn2:outgoing>Flow_14ko9hv</bpmn2:outgoing>
      <bpmn2:outgoing>Flow_0fra44b</bpmn2:outgoing>
      <bpmn2:outgoing>Flow_0931f11</bpmn2:outgoing>
    </bpmn2:inclusiveGateway>
    <bpmn2:exclusiveGateway id="Gateway_12b5sjl">
      <bpmn2:incoming>Flow_1eccm64</bpmn2:incoming>
      <bpmn2:outgoing>Flow_0fmi8e8</bpmn2:outgoing>
      <bpmn2:outgoing>Flow_0xh69vd</bpmn2:outgoing>
      <bpmn2:outgoing>Flow_09r8fmw</bpmn2:outgoing>
    </bpmn2:exclusiveGateway>
    <bpmn2:inclusiveGateway id="Gateway_18hj2iz">
      <bpmn2:incoming>Flow_0pv6m5z</bpmn2:incoming>
      <bpmn2:incoming>Flow_06wvrvu</bpmn2:incoming>
      <bpmn2:outgoing>Flow_0r2sd8g</bpmn2:outgoing>
    </bpmn2:inclusiveGateway>
    <bpmn2:sequenceFlow id="Flow_0r2sd8g" sourceRef="Gateway_18hj2iz" targetRef="Gateway_0ohkf5d"/>
    <bpmn2:exclusiveGateway id="Gateway_1t8zll1" default="Flow_1c3ny2u">
      <bpmn2:incoming>Flow_1u01l31</bpmn2:incoming>
      <bpmn2:outgoing>Flow_0h6zzfl</bpmn2:outgoing>
      <bpmn2:outgoing>Flow_1c3ny2u</bpmn2:outgoing>
    </bpmn2:exclusiveGateway>
    <bpmn2:sequenceFlow id="Flow_09r8fmw" name="1" sourceRef="Gateway_12b5sjl" targetRef="Gateway_0f1b8ba">
      <bpmn2:conditionExpression xsi:type="bpmn2:tFormalExpression">${Scope_Variable == "NSB"}</bpmn2:conditionExpression>
    </bpmn2:sequenceFlow>
    <bpmn2:sequenceFlow id="Flow_0h6zzfl" name="2,3,4,5, 6, 7" sourceRef="Gateway_1t8zll1" targetRef="Activity_0u2vief">
      <bpmn2:conditionExpression xsi:type="bpmn2:tFormalExpression">${(Scope_Variable =="CBAND") || (Scope_Variable == "LTE 1C" ) || (Scope_Variable == "LTE 2C" ) || (Scope_Variable == "LTE BWE") || (Scope_Variable == "CRAN Build" ) || (Scope_Variable == "CRAN Buy")}</bpmn2:conditionExpression>
    </bpmn2:sequenceFlow>
    <bpmn2:parallelGateway id="Gateway_0f1b8ba">
      <bpmn2:incoming>Flow_09r8fmw</bpmn2:incoming>
      <bpmn2:incoming>Flow_0thocra</bpmn2:incoming>
      <bpmn2:outgoing>Flow_1rmmlru</bpmn2:outgoing>
    </bpmn2:parallelGateway>
    <bpmn2:sequenceFlow id="Flow_1rmmlru" sourceRef="Gateway_0f1b8ba" targetRef="Activity_0u2vief"/>
    <bpmn2:endEvent id="Event_05ldmw0">
      <bpmn2:incoming>Flow_1c3ny2u</bpmn2:incoming>
    </bpmn2:endEvent>
    <bpmn2:sequenceFlow id="Flow_1c3ny2u" sourceRef="Gateway_1t8zll1" targetRef="Event_05ldmw0"/>
    <bpmn2:inclusiveGateway id="Gateway_0wa6peh">
      <bpmn2:incoming>Flow_0hpdcqv</bpmn2:incoming>
      <bpmn2:outgoing>Flow_0thocra</bpmn2:outgoing>
      <bpmn2:outgoing>Flow_1u01l31</bpmn2:outgoing>
    </bpmn2:inclusiveGateway>
    <bpmn2:sequenceFlow id="Flow_0thocra" sourceRef="Gateway_0wa6peh" targetRef="Gateway_0f1b8ba"/>
    <bpmn2:sequenceFlow id="Flow_0hpdcqv" sourceRef="Activity_1pc1c99" targetRef="Gateway_0wa6peh"/>
    <bpmn2:sequenceFlow id="Flow_1u01l31" sourceRef="Gateway_0wa6peh" targetRef="Gateway_1t8zll1"/>
    <bpmn2:textAnnotation id="TextAnnotation_1jj398t">
      <bpmn2:text>Structural Analysis Complete?</bpmn2:text>
    </bpmn2:textAnnotation>
    <bpmn2:association id="Association_0dp1lb3" associationDirection="None" sourceRef="Gateway_0d8d30i" targetRef="TextAnnotation_1jj398t"/>
  </bpmn2:process>
  <bpmndi:BPMNDiagram id="BPMNDiagram_1">
    <bpmndi:BPMNPlane id="BPMNPlane_1" bpmnElement="Process_1_422581">
      <bpmndi:BPMNEdge id="Flow_1u01l31_di" bpmnElement="Flow_1u01l31">
        <di:waypoint x="410" y="65"/>
        <di:waypoint x="410" y="110"/>
        <di:waypoint x="590" y="110"/>
        <di:waypoint x="590" y="-35"/>
      </bpmndi:BPMNEdge>
      <bpmndi:BPMNEdge id="Flow_0hpdcqv_di" bpmnElement="Flow_0hpdcqv">
        <di:waypoint x="430" y="-60"/>
        <di:waypoint x="460" y="-60"/>
        <di:waypoint x="460" y="-10"/>
        <di:waypoint x="330" y="-10"/>
        <di:waypoint x="330" y="40"/>
        <di:waypoint x="385" y="40"/>
      </bpmndi:BPMNEdge>
      <bpmndi:BPMNEdge id="Flow_0thocra_di" bpmnElement="Flow_0thocra">
        <di:waypoint x="435" y="40"/>
        <di:waypoint x="480" y="40"/>
        <di:waypoint x="480" y="-60"/>
        <di:waypoint x="505" y="-60"/>
      </bpmndi:BPMNEdge>
      <bpmndi:BPMNEdge id="Flow_1c3ny2u_di" bpmnElement="Flow_1c3ny2u">
        <di:waypoint x="590" y="-85"/>
        <di:waypoint x="590" y="-142"/>
      </bpmndi:BPMNEdge>
      <bpmndi:BPMNEdge id="Flow_1rmmlru_di" bpmnElement="Flow_1rmmlru">
        <di:waypoint x="530" y="-85"/>
        <di:waypoint x="530" y="-190"/>
        <di:waypoint x="700" y="-190"/>
        <di:waypoint x="700" y="-100"/>
      </bpmndi:BPMNEdge>
      <bpmndi:BPMNEdge id="Flow_0h6zzfl_di" bpmnElement="Flow_0h6zzfl">
        <di:waypoint x="615" y="-60"/>
        <di:waypoint x="650" y="-60"/>
        <bpmndi:BPMNLabel>
          <dc:Bounds x="600" y="-37" width="59" height="14"/>
        </bpmndi:BPMNLabel>
      </bpmndi:BPMNEdge>
      <bpmndi:BPMNEdge id="Flow_09r8fmw_di" bpmnElement="Flow_09r8fmw">
        <di:waypoint x="360" y="225"/>
        <di:waypoint x="360" y="80"/>
        <di:waypoint x="530" y="80"/>
        <di:waypoint x="530" y="-35"/>
        <bpmndi:BPMNLabel>
          <dc:Bounds x="381" y="142" width="7" height="14"/>
        </bpmndi:BPMNLabel>
      </bpmndi:BPMNEdge>
      <bpmndi:BPMNEdge id="Flow_0r2sd8g_di" bpmnElement="Flow_0r2sd8g">
        <di:waypoint x="1480" y="465"/>
        <di:waypoint x="1480" y="275"/>
      </bpmndi:BPMNEdge>
      <bpmndi:BPMNEdge id="Flow_10ptu6m_di" bpmnElement="Flow_10ptu6m">
        <di:waypoint x="1260" y="645"/>
        <di:waypoint x="1260" y="710"/>
      </bpmndi:BPMNEdge>
      <bpmndi:BPMNEdge id="Flow_06wvrvu_di" bpmnElement="Flow_06wvrvu">
        <di:waypoint x="1285" y="620"/>
        <di:waypoint x="1480" y="620"/>
        <di:waypoint x="1480" y="515"/>
      </bpmndi:BPMNEdge>
      <bpmndi:BPMNEdge id="Flow_08jsfxg_di" bpmnElement="Flow_08jsfxg">
        <di:waypoint x="1480" y="145"/>
        <di:waypoint x="1480" y="225"/>
      </bpmndi:BPMNEdge>
      <bpmndi:BPMNEdge id="Flow_0qf6evi_di" bpmnElement="Flow_0qf6evi">
        <di:waypoint x="1930" y="20"/>
        <di:waypoint x="2000" y="20"/>
        <di:waypoint x="2000" y="210"/>
      </bpmndi:BPMNEdge>
      <bpmndi:BPMNEdge id="Flow_1mb23ou_di" bpmnElement="Flow_1mb23ou">
        <di:waypoint x="1880" y="225"/>
        <di:waypoint x="1880" y="60"/>
        <bpmndi:BPMNLabel>
          <dc:Bounds x="1896" y="193" width="7" height="14"/>
        </bpmndi:BPMNLabel>
      </bpmndi:BPMNEdge>
      <bpmndi:BPMNEdge id="Flow_04pvs00_di" bpmnElement="Flow_04pvs00">
        <di:waypoint x="1905" y="250"/>
        <di:waypoint x="1950" y="250"/>
      </bpmndi:BPMNEdge>
      <bpmndi:BPMNEdge id="Flow_003xufg_di" bpmnElement="Flow_003xufg">
        <di:waypoint x="2280" y="40"/>
        <di:waypoint x="2360" y="40"/>
        <di:waypoint x="2360" y="232"/>
      </bpmndi:BPMNEdge>
      <bpmndi:BPMNEdge id="Flow_0xo919m_di" bpmnElement="Flow_0xo919m">
        <di:waypoint x="2255" y="250"/>
        <di:waypoint x="2342" y="250"/>
        <bpmndi:BPMNLabel>
          <dc:Bounds x="2281" y="232" width="36" height="14"/>
        </bpmndi:BPMNLabel>
      </bpmndi:BPMNEdge>
      <bpmndi:BPMNEdge id="Flow_1bsww54_di" bpmnElement="Flow_1bsww54">
        <di:waypoint x="350" y="750"/>
        <di:waypoint x="382" y="750"/>
      </bpmndi:BPMNEdge>
      <bpmndi:BPMNEdge id="Flow_18jvy53_di" bpmnElement="Flow_18jvy53">
        <di:waypoint x="220" y="750"/>
        <di:waypoint x="250" y="750"/>
      </bpmndi:BPMNEdge>
      <bpmndi:BPMNEdge id="Flow_0y2nvz7_di" bpmnElement="Flow_0y2nvz7">
        <di:waypoint x="1030" y="95"/>
        <di:waypoint x="1030" y="-30"/>
        <di:waypoint x="1210" y="-30"/>
      </bpmndi:BPMNEdge>
      <bpmndi:BPMNEdge id="Flow_0a3mj9u_di" bpmnElement="Flow_0a3mj9u">
        <di:waypoint x="960" y="-35"/>
        <di:waypoint x="960" y="120"/>
        <di:waypoint x="1005" y="120"/>
        <bpmndi:BPMNLabel>
          <dc:Bounds x="972" y="0" width="7" height="14"/>
        </bpmndi:BPMNLabel>
      </bpmndi:BPMNEdge>
      <bpmndi:BPMNEdge id="Flow_0t1vvpq_di" bpmnElement="Flow_0t1vvpq">
        <di:waypoint x="190" y="465"/>
        <di:waypoint x="190" y="400"/>
        <di:waypoint x="920" y="400"/>
        <di:waypoint x="920" y="465"/>
      </bpmndi:BPMNEdge>
      <bpmndi:BPMNEdge id="Flow_1cdx6kd_di" bpmnElement="Flow_1cdx6kd">
        <di:waypoint x="750" y="-60"/>
        <di:waypoint x="775" y="-60"/>
      </bpmndi:BPMNEdge>
      <bpmndi:BPMNEdge id="Flow_1qpgehy_di" bpmnElement="Flow_1qpgehy">
        <di:waypoint x="1730" y="-130"/>
        <di:waypoint x="1782" y="-130"/>
      </bpmndi:BPMNEdge>
      <bpmndi:BPMNEdge id="Flow_1itjbwc_di" bpmnElement="Flow_1itjbwc">
        <di:waypoint x="1310" y="750"/>
        <di:waypoint x="1442" y="750"/>
      </bpmndi:BPMNEdge>
      <bpmndi:BPMNEdge id="Flow_1yq6j1u_di" bpmnElement="Flow_1yq6j1u">
        <di:waypoint x="300" y="990"/>
        <di:waypoint x="342" y="990"/>
      </bpmndi:BPMNEdge>
      <bpmndi:BPMNEdge id="Flow_1t83owk_di" bpmnElement="Flow_1t83owk">
        <di:waypoint x="825" y="-60"/>
        <di:waypoint x="935" y="-60"/>
        <bpmndi:BPMNLabel>
          <dc:Bounds x="841" y="-78" width="37" height="14"/>
        </bpmndi:BPMNLabel>
      </bpmndi:BPMNEdge>
      <bpmndi:BPMNEdge id="Flow_0glh050_di" bpmnElement="Flow_0glh050">
        <di:waypoint x="1260" y="-220"/>
        <di:waypoint x="1260" y="-100"/>
      </bpmndi:BPMNEdge>
      <bpmndi:BPMNEdge id="Flow_1o9z5gw_di" bpmnElement="Flow_1o9z5gw">
        <di:waypoint x="960" y="-85"/>
        <di:waypoint x="960" y="-260"/>
        <di:waypoint x="1210" y="-260"/>
        <bpmndi:BPMNLabel>
          <dc:Bounds x="975" y="-175" width="29" height="14"/>
        </bpmndi:BPMNLabel>
      </bpmndi:BPMNEdge>
      <bpmndi:BPMNEdge id="Flow_05aqvwa_di" bpmnElement="Flow_05aqvwa">
        <di:waypoint x="1310" y="150"/>
        <di:waypoint x="1360" y="150"/>
        <di:waypoint x="1360" y="210"/>
      </bpmndi:BPMNEdge>
      <bpmndi:BPMNEdge id="Flow_0j80cd2_di" bpmnElement="Flow_0j80cd2">
        <di:waypoint x="1150" y="225"/>
        <di:waypoint x="1150" y="150"/>
        <di:waypoint x="1210" y="150"/>
        <bpmndi:BPMNLabel>
          <dc:Bounds x="1162" y="185" width="7" height="14"/>
        </bpmndi:BPMNLabel>
      </bpmndi:BPMNEdge>
      <bpmndi:BPMNEdge id="Flow_17fybwz_di" bpmnElement="Flow_17fybwz">
        <di:waypoint x="2230" y="225"/>
        <di:waypoint x="2230" y="80"/>
        <bpmndi:BPMNLabel>
          <dc:Bounds x="2235" y="173" width="29" height="14"/>
        </bpmndi:BPMNLabel>
      </bpmndi:BPMNEdge>
      <bpmndi:BPMNEdge id="Flow_1pfg3yz_di" bpmnElement="Flow_1pfg3yz">
        <di:waypoint x="2180" y="250"/>
        <di:waypoint x="2205" y="250"/>
      </bpmndi:BPMNEdge>
      <bpmndi:BPMNEdge id="Flow_1ij18rv_di" bpmnElement="Flow_1ij18rv">
        <di:waypoint x="2050" y="250"/>
        <di:waypoint x="2080" y="250"/>
      </bpmndi:BPMNEdge>
      <bpmndi:BPMNEdge id="Flow_0u9dr7h_di" bpmnElement="Flow_0u9dr7h">
        <di:waypoint x="1820" y="250"/>
        <di:waypoint x="1855" y="250"/>
      </bpmndi:BPMNEdge>
      <bpmndi:BPMNEdge id="Flow_0w6ppu7_di" bpmnElement="Flow_0w6ppu7">
        <di:waypoint x="1740" y="20"/>
        <di:waypoint x="1770" y="20"/>
        <di:waypoint x="1770" y="210"/>
      </bpmndi:BPMNEdge>
      <bpmndi:BPMNEdge id="Flow_0ncrb8p_di" bpmnElement="Flow_0ncrb8p">
        <di:waypoint x="1590" y="225"/>
        <di:waypoint x="1590" y="20"/>
        <di:waypoint x="1640" y="20"/>
        <bpmndi:BPMNLabel>
          <dc:Bounds x="1598" y="153" width="44" height="14"/>
        </bpmndi:BPMNLabel>
      </bpmndi:BPMNEdge>
      <bpmndi:BPMNEdge id="Flow_0x4bkxi_di" bpmnElement="Flow_0x4bkxi">
        <di:waypoint x="1615" y="250"/>
        <di:waypoint x="1720" y="250"/>
        <bpmndi:BPMNLabel>
          <dc:Bounds x="1642" y="222" width="56" height="14"/>
        </bpmndi:BPMNLabel>
      </bpmndi:BPMNEdge>
      <bpmndi:BPMNEdge id="Flow_0ufyliw_di" bpmnElement="Flow_0ufyliw">
        <di:waypoint x="1505" y="250"/>
        <di:waypoint x="1565" y="250"/>
      </bpmndi:BPMNEdge>
      <bpmndi:BPMNEdge id="Flow_1jm2sph_di" bpmnElement="Flow_1jm2sph">
        <di:waypoint x="170" y="990"/>
        <di:waypoint x="200" y="990"/>
      </bpmndi:BPMNEdge>
      <bpmndi:BPMNEdge id="Flow_1gftt9h_di" bpmnElement="Flow_1gftt9h">
        <di:waypoint x="40" y="990"/>
        <di:waypoint x="70" y="990"/>
      </bpmndi:BPMNEdge>
      <bpmndi:BPMNEdge id="Flow_0ll61lh_di" bpmnElement="Flow_0ll61lh">
        <di:waypoint x="-160" y="885"/>
        <di:waypoint x="-160" y="990"/>
        <di:waypoint x="-60" y="990"/>
      </bpmndi:BPMNEdge>
      <bpmndi:BPMNEdge id="Flow_0ypa8bx_di" bpmnElement="Flow_0ypa8bx">
        <di:waypoint x="40" y="860"/>
        <di:waypoint x="132" y="860"/>
      </bpmndi:BPMNEdge>
      <bpmndi:BPMNEdge id="Flow_0m7viv1_di" bpmnElement="Flow_0m7viv1">
        <di:waypoint x="-135" y="860"/>
        <di:waypoint x="-60" y="860"/>
      </bpmndi:BPMNEdge>
      <bpmndi:BPMNEdge id="Flow_0931f11_di" bpmnElement="Flow_0931f11">
        <di:waypoint x="-240" y="225"/>
        <di:waypoint x="-240" y="860"/>
        <di:waypoint x="-185" y="860"/>
        <bpmndi:BPMNLabel>
          <dc:Bounds x="-224" y="843" width="7" height="14"/>
        </bpmndi:BPMNLabel>
      </bpmndi:BPMNEdge>
      <bpmndi:BPMNEdge id="Flow_04jsmuv_di" bpmnElement="Flow_04jsmuv">
        <di:waypoint x="40" y="705"/>
        <di:waypoint x="40" y="750"/>
        <di:waypoint x="120" y="750"/>
      </bpmndi:BPMNEdge>
      <bpmndi:BPMNEdge id="Flow_0x5ohxh_di" bpmnElement="Flow_0x5ohxh">
        <di:waypoint x="65" y="680"/>
        <di:waypoint x="90" y="680"/>
        <di:waypoint x="90" y="270"/>
        <di:waypoint x="140" y="270"/>
        <bpmndi:BPMNLabel>
          <dc:Bounds x="93" y="663" width="54" height="14"/>
        </bpmndi:BPMNLabel>
      </bpmndi:BPMNEdge>
      <bpmndi:BPMNEdge id="Flow_1cpe1rw_di" bpmnElement="Flow_1cpe1rw">
        <di:waypoint x="40" y="655"/>
        <di:waypoint x="40" y="-40"/>
        <di:waypoint x="80" y="-40"/>
        <bpmndi:BPMNLabel>
          <dc:Bounds x="-37" y="613" width="54" height="14"/>
        </bpmndi:BPMNLabel>
      </bpmndi:BPMNEdge>
      <bpmndi:BPMNEdge id="Flow_0cscbqc_di" bpmnElement="Flow_0cscbqc">
        <di:waypoint x="-30" y="680"/>
        <di:waypoint x="15" y="680"/>
      </bpmndi:BPMNEdge>
      <bpmndi:BPMNEdge id="Flow_0fra44b_di" bpmnElement="Flow_0fra44b">
        <di:waypoint x="-215" y="200"/>
        <di:waypoint x="-190" y="200"/>
        <di:waypoint x="-190" y="680"/>
        <di:waypoint x="-130" y="680"/>
        <bpmndi:BPMNLabel>
          <dc:Bounds x="-183" y="663" width="29" height="14"/>
        </bpmndi:BPMNLabel>
      </bpmndi:BPMNEdge>
      <bpmndi:BPMNEdge id="Flow_12a02qz_di" bpmnElement="Flow_12a02qz">
        <di:waypoint x="380" y="620"/>
        <di:waypoint x="460" y="620"/>
        <di:waypoint x="460" y="530"/>
        <bpmndi:BPMNLabel>
          <dc:Bounds x="393" y="602" width="54" height="14"/>
        </bpmndi:BPMNLabel>
      </bpmndi:BPMNEdge>
      <bpmndi:BPMNEdge id="Flow_0pv6m5z_di" bpmnElement="Flow_0pv6m5z">
        <di:waypoint x="945" y="490"/>
        <di:waypoint x="1455" y="490"/>
        <bpmndi:BPMNLabel>
          <dc:Bounds x="956" y="472" width="7" height="14"/>
        </bpmndi:BPMNLabel>
      </bpmndi:BPMNEdge>
      <bpmndi:BPMNEdge id="Flow_0w6ozuq_di" bpmnElement="Flow_0w6ozuq">
        <di:waypoint x="1180" y="620"/>
        <di:waypoint x="1235" y="620"/>
      </bpmndi:BPMNEdge>
      <bpmndi:BPMNEdge id="Flow_1gzt0so_di" bpmnElement="Flow_1gzt0so">
        <di:waypoint x="920" y="515"/>
        <di:waypoint x="920" y="620"/>
        <di:waypoint x="1080" y="620"/>
        <bpmndi:BPMNLabel>
          <dc:Bounds x="880" y="551" width="81" height="14"/>
        </bpmndi:BPMNLabel>
      </bpmndi:BPMNEdge>
      <bpmndi:BPMNEdge id="Flow_0vaxzp7_di" bpmnElement="Flow_0vaxzp7">
        <di:waypoint x="510" y="490"/>
        <di:waypoint x="895" y="490"/>
      </bpmndi:BPMNEdge>
      <bpmndi:BPMNEdge id="Flow_061lq2e_di" bpmnElement="Flow_061lq2e">
        <di:waypoint x="190" y="515"/>
        <di:waypoint x="190" y="620"/>
        <di:waypoint x="280" y="620"/>
        <bpmndi:BPMNLabel>
          <dc:Bounds x="205" y="564" width="29" height="14"/>
        </bpmndi:BPMNLabel>
      </bpmndi:BPMNEdge>
      <bpmndi:BPMNEdge id="Flow_1cxm7ud_di" bpmnElement="Flow_1cxm7ud">
        <di:waypoint x="215" y="490"/>
        <di:waypoint x="410" y="490"/>
        <bpmndi:BPMNLabel>
          <dc:Bounds x="268" y="472" width="44" height="14"/>
        </bpmndi:BPMNLabel>
      </bpmndi:BPMNEdge>
      <bpmndi:BPMNEdge id="Flow_0skt7sh_di" bpmnElement="Flow_0skt7sh">
        <di:waypoint x="-80" y="-35"/>
        <di:waypoint x="-80" y="490"/>
        <di:waypoint x="165" y="490"/>
      </bpmndi:BPMNEdge>
      <bpmndi:BPMNEdge id="Flow_0xh69vd_di" bpmnElement="Flow_0xh69vd">
        <di:waypoint x="360" y="275"/>
        <di:waypoint x="360" y="350"/>
        <di:waypoint x="1360" y="350"/>
        <di:waypoint x="1360" y="290"/>
        <bpmndi:BPMNLabel>
          <dc:Bounds x="429" y="333" width="29" height="14"/>
        </bpmndi:BPMNLabel>
      </bpmndi:BPMNEdge>
      <bpmndi:BPMNEdge id="Flow_1tlupq4_di" bpmnElement="Flow_1tlupq4">
        <di:waypoint x="1410" y="250"/>
        <di:waypoint x="1455" y="250"/>
      </bpmndi:BPMNEdge>
      <bpmndi:BPMNEdge id="Flow_0gi039m_di" bpmnElement="Flow_0gi039m">
        <di:waypoint x="1175" y="250"/>
        <di:waypoint x="1310" y="250"/>
        <bpmndi:BPMNLabel>
          <dc:Bounds x="1216" y="232" width="56" height="14"/>
        </bpmndi:BPMNLabel>
      </bpmndi:BPMNEdge>
      <bpmndi:BPMNEdge id="Flow_0s2ppyo_di" bpmnElement="Flow_0s2ppyo">
        <di:waypoint x="1080" y="250"/>
        <di:waypoint x="1125" y="250"/>
      </bpmndi:BPMNEdge>
      <bpmndi:BPMNEdge id="Flow_1yra50x_di" bpmnElement="Flow_1yra50x">
        <di:waypoint x="1030" y="145"/>
        <di:waypoint x="1030" y="210"/>
        <bpmndi:BPMNLabel>
          <dc:Bounds x="913" y="83" width="24" height="14"/>
        </bpmndi:BPMNLabel>
      </bpmndi:BPMNEdge>
      <bpmndi:BPMNEdge id="Flow_0fmi8e8_di" bpmnElement="Flow_0fmi8e8">
        <di:waypoint x="385" y="250"/>
        <di:waypoint x="980" y="250"/>
        <bpmndi:BPMNLabel>
          <dc:Bounds x="407" y="210" width="56" height="14"/>
        </bpmndi:BPMNLabel>
      </bpmndi:BPMNEdge>
      <bpmndi:BPMNEdge id="Flow_1eccm64_di" bpmnElement="Flow_1eccm64">
        <di:waypoint x="240" y="250"/>
        <di:waypoint x="335" y="250"/>
      </bpmndi:BPMNEdge>
      <bpmndi:BPMNEdge id="Flow_07me52u_di" bpmnElement="Flow_07me52u">
        <di:waypoint x="-105" y="-60"/>
        <di:waypoint x="-140" y="-60"/>
        <di:waypoint x="-140" y="250"/>
        <di:waypoint x="140" y="250"/>
      </bpmndi:BPMNEdge>
      <bpmndi:BPMNEdge id="Flow_1ys34r5_di" bpmnElement="Flow_1ys34r5">
        <di:waypoint x="1480" y="-20"/>
        <di:waypoint x="1480" y="95"/>
      </bpmndi:BPMNEdge>
      <bpmndi:BPMNEdge id="Flow_1k2vzwj_di" bpmnElement="Flow_1k2vzwj">
        <di:waypoint x="1505" y="120"/>
        <di:waypoint x="1570" y="120"/>
        <di:waypoint x="1570" y="-130"/>
        <di:waypoint x="1630" y="-130"/>
      </bpmndi:BPMNEdge>
      <bpmndi:BPMNEdge id="Flow_1ee9jv6_di" bpmnElement="Flow_1ee9jv6">
        <di:waypoint x="1310" y="-60"/>
        <di:waypoint x="1430" y="-60"/>
      </bpmndi:BPMNEdge>
      <bpmndi:BPMNEdge id="Flow_1ugdp1d_di" bpmnElement="Flow_1ugdp1d">
        <di:waypoint x="985" y="-60"/>
        <di:waypoint x="1210" y="-60"/>
        <bpmndi:BPMNLabel>
          <dc:Bounds x="1072" y="-78" width="56" height="14"/>
        </bpmndi:BPMNLabel>
      </bpmndi:BPMNEdge>
      <bpmndi:BPMNEdge id="Flow_167jrw8_di" bpmnElement="Flow_167jrw8">
        <di:waypoint x="850" y="-220"/>
        <di:waypoint x="950" y="-220"/>
        <di:waypoint x="950" y="-75"/>
      </bpmndi:BPMNEdge>
      <bpmndi:BPMNEdge id="Flow_1bhsh3e_di" bpmnElement="Flow_1bhsh3e">
        <di:waypoint x="800" y="-85"/>
        <di:waypoint x="800" y="-180"/>
        <bpmndi:BPMNLabel>
          <dc:Bounds x="815" y="-135" width="31" height="14"/>
        </bpmndi:BPMNLabel>
      </bpmndi:BPMNEdge>
      <bpmndi:BPMNEdge id="Flow_0zrvpw8_di" bpmnElement="Flow_0zrvpw8">
        <di:waypoint x="310" y="-60"/>
        <di:waypoint x="330" y="-60"/>
      </bpmndi:BPMNEdge>
      <bpmndi:BPMNEdge id="Flow_1fp88mi_di" bpmnElement="Flow_1fp88mi">
        <di:waypoint x="180" y="-60"/>
        <di:waypoint x="210" y="-60"/>
      </bpmndi:BPMNEdge>
      <bpmndi:BPMNEdge id="Flow_0f0aa4f_di" bpmnElement="Flow_0f0aa4f">
        <di:waypoint x="-55" y="-60"/>
        <di:waypoint x="80" y="-60"/>
      </bpmndi:BPMNEdge>
      <bpmndi:BPMNEdge id="Flow_14ko9hv_di" bpmnElement="Flow_14ko9hv">
        <di:waypoint x="-240" y="175"/>
        <di:waypoint x="-240" y="-110"/>
        <di:waypoint x="-80" y="-110"/>
        <di:waypoint x="-80" y="-85"/>
        <bpmndi:BPMNLabel>
          <dc:Bounds x="-258" y="79" width="69" height="14"/>
        </bpmndi:BPMNLabel>
      </bpmndi:BPMNEdge>
      <bpmndi:BPMNEdge id="Flow_1i5knrq_di" bpmnElement="Flow_1i5knrq">
        <di:waypoint x="-300" y="200"/>
        <di:waypoint x="-265" y="200"/>
      </bpmndi:BPMNEdge>
      <bpmndi:BPMNEdge id="Flow_1gv11if_di" bpmnElement="Flow_1gv11if">
        <di:waypoint x="-432" y="200"/>
        <di:waypoint x="-400" y="200"/>
      </bpmndi:BPMNEdge>
      <bpmndi:BPMNShape id="_BPMNShape_StartEvent_2" bpmnElement="StartEvent_1">
        <dc:Bounds x="-468" y="182" width="36" height="36"/>
      </bpmndi:BPMNShape>
      <bpmndi:BPMNShape id="Activity_0mg7x1w_di" bpmnElement="Activity_0mg7x1w">
        <dc:Bounds x="-400" y="160" width="100" height="80"/>
      </bpmndi:BPMNShape>
      <bpmndi:BPMNShape id="Gateway_0q74nyz_di" bpmnElement="Gateway_17rwnt6">
        <dc:Bounds x="-105" y="-85" width="50" height="50"/>
      </bpmndi:BPMNShape>
      <bpmndi:BPMNShape id="Activity_0pj2rbz_di" bpmnElement="Activity_0pj2rbz">
        <dc:Bounds x="80" y="-100" width="100" height="80"/>
      </bpmndi:BPMNShape>
      <bpmndi:BPMNShape id="Activity_0ke56zz_di" bpmnElement="Activity_0ke56zz">
        <dc:Bounds x="210" y="-100" width="100" height="80"/>
      </bpmndi:BPMNShape>
      <bpmndi:BPMNShape id="Activity_1pc1c99_di" bpmnElement="Activity_1pc1c99">
        <dc:Bounds x="330" y="-100" width="100" height="80"/>
      </bpmndi:BPMNShape>
      <bpmndi:BPMNShape id="Gateway_0d8d30i_di" bpmnElement="Gateway_0d8d30i" isMarkerVisible="true">
        <dc:Bounds x="775" y="-85" width="50" height="50"/>
      </bpmndi:BPMNShape>
      <bpmndi:BPMNShape id="Activity_1q7x70b_di" bpmnElement="Activity_1q7x70b">
        <dc:Bounds x="750" y="-260" width="100" height="80"/>
      </bpmndi:BPMNShape>
      <bpmndi:BPMNShape id="Gateway_0yu3eei_di" bpmnElement="Gateway_0yu3eei" isMarkerVisible="true">
        <dc:Bounds x="935" y="-85" width="50" height="50"/>
      </bpmndi:BPMNShape>
      <bpmndi:BPMNShape id="Activity_0pqqvac_di" bpmnElement="Activity_0pqqvac">
        <dc:Bounds x="1210" y="-100" width="100" height="80"/>
      </bpmndi:BPMNShape>
      <bpmndi:BPMNShape id="Activity_1qgxufl_di" bpmnElement="Activity_1qgxufl">
        <dc:Bounds x="1430" y="-100" width="100" height="80"/>
      </bpmndi:BPMNShape>
      <bpmndi:BPMNShape id="Activity_0738zyl_di" bpmnElement="Activity_0738zyl">
        <dc:Bounds x="1630" y="-170" width="100" height="80"/>
      </bpmndi:BPMNShape>
      <bpmndi:BPMNShape id="Gateway_0lai89f_di" bpmnElement="Gateway_0ohkf5d">
        <dc:Bounds x="1455" y="225" width="50" height="50"/>
      </bpmndi:BPMNShape>
      <bpmndi:BPMNShape id="Activity_0q3v9gx_di" bpmnElement="Activity_0q3v9gx">
        <dc:Bounds x="140" y="210" width="100" height="80"/>
      </bpmndi:BPMNShape>
      <bpmndi:BPMNShape id="Activity_1g5zjme_di" bpmnElement="Activity_1g5zjme">
        <dc:Bounds x="980" y="210" width="100" height="80"/>
      </bpmndi:BPMNShape>
      <bpmndi:BPMNShape id="Gateway_1ssfkl1_di" bpmnElement="Gateway_1ssfkl1" isMarkerVisible="true">
        <dc:Bounds x="1125" y="225" width="50" height="50"/>
      </bpmndi:BPMNShape>
      <bpmndi:BPMNShape id="Activity_19e3u19_di" bpmnElement="Activity_19e3u19">
        <dc:Bounds x="1310" y="210" width="100" height="80"/>
      </bpmndi:BPMNShape>
      <bpmndi:BPMNShape id="Gateway_1lojugg_di" bpmnElement="Gateway_1lojugg" isMarkerVisible="true">
        <dc:Bounds x="165" y="465" width="50" height="50"/>
      </bpmndi:BPMNShape>
      <bpmndi:BPMNShape id="Activity_1i6t3fm_di" bpmnElement="Activity_1i6t3fm">
        <dc:Bounds x="410" y="450" width="100" height="80"/>
      </bpmndi:BPMNShape>
      <bpmndi:BPMNShape id="Activity_0acbd68_di" bpmnElement="Activity_0acbd68">
        <dc:Bounds x="280" y="580" width="100" height="80"/>
      </bpmndi:BPMNShape>
      <bpmndi:BPMNShape id="Gateway_00ltztz_di" bpmnElement="Gateway_00ltztz" isMarkerVisible="true">
        <dc:Bounds x="895" y="465" width="50" height="50"/>
      </bpmndi:BPMNShape>
      <bpmndi:BPMNShape id="Activity_1k9443z_di" bpmnElement="Activity_1k9443z">
        <dc:Bounds x="1080" y="580" width="100" height="80"/>
      </bpmndi:BPMNShape>
      <bpmndi:BPMNShape id="Activity_0zs6tl7_di" bpmnElement="Activity_0zs6tl7">
        <dc:Bounds x="1210" y="710" width="100" height="80"/>
      </bpmndi:BPMNShape>
      <bpmndi:BPMNShape id="Activity_0km8uka_di" bpmnElement="Activity_0km8uka">
        <dc:Bounds x="-130" y="640" width="100" height="80"/>
      </bpmndi:BPMNShape>
      <bpmndi:BPMNShape id="Gateway_0btukb1_di" bpmnElement="Gateway_0iypoho">
        <dc:Bounds x="15" y="655" width="50" height="50"/>
      </bpmndi:BPMNShape>
      <bpmndi:BPMNShape id="Activity_1l36hd2_di" bpmnElement="Activity_1l36hd2">
        <dc:Bounds x="120" y="710" width="100" height="80"/>
      </bpmndi:BPMNShape>
      <bpmndi:BPMNShape id="Gateway_1cnt916_di" bpmnElement="Gateway_072ekn9">
        <dc:Bounds x="-185" y="835" width="50" height="50"/>
      </bpmndi:BPMNShape>
      <bpmndi:BPMNShape id="Activity_179kurc_di" bpmnElement="Activity_179kurc">
        <dc:Bounds x="-60" y="820" width="100" height="80"/>
      </bpmndi:BPMNShape>
      <bpmndi:BPMNShape id="Event_16cvyju_di" bpmnElement="Event_16cvyju">
        <dc:Bounds x="132" y="842" width="36" height="36"/>
      </bpmndi:BPMNShape>
      <bpmndi:BPMNShape id="Activity_1nleps4_di" bpmnElement="Activity_1nleps4">
        <dc:Bounds x="-60" y="950" width="100" height="80"/>
      </bpmndi:BPMNShape>
      <bpmndi:BPMNShape id="Activity_012o36e_di" bpmnElement="Activity_012o36e">
        <dc:Bounds x="70" y="950" width="100" height="80"/>
      </bpmndi:BPMNShape>
      <bpmndi:BPMNShape id="Activity_0cfk9q6_di" bpmnElement="Activity_0cfk9q6">
        <dc:Bounds x="200" y="950" width="100" height="80"/>
      </bpmndi:BPMNShape>
      <bpmndi:BPMNShape id="Gateway_1bp8fvz_di" bpmnElement="Gateway_1bp8fvz" isMarkerVisible="true">
        <dc:Bounds x="1565" y="225" width="50" height="50"/>
      </bpmndi:BPMNShape>
      <bpmndi:BPMNShape id="Activity_0qtve2q_di" bpmnElement="Activity_0qtve2q">
        <dc:Bounds x="1720" y="210" width="100" height="80"/>
      </bpmndi:BPMNShape>
      <bpmndi:BPMNShape id="Activity_1vf2llw_di" bpmnElement="Activity_1vf2llw">
        <dc:Bounds x="1640" y="-20" width="100" height="80"/>
      </bpmndi:BPMNShape>
      <bpmndi:BPMNShape id="Activity_0xwkzkg_di" bpmnElement="Activity_0xwkzkg">
        <dc:Bounds x="1950" y="210" width="100" height="80"/>
      </bpmndi:BPMNShape>
      <bpmndi:BPMNShape id="Activity_03eskav_di" bpmnElement="Activity_03eskav">
        <dc:Bounds x="2080" y="210" width="100" height="80"/>
      </bpmndi:BPMNShape>
      <bpmndi:BPMNShape id="Gateway_071ns53_di" bpmnElement="Gateway_071ns53" isMarkerVisible="true">
        <dc:Bounds x="2205" y="225" width="50" height="50"/>
      </bpmndi:BPMNShape>
      <bpmndi:BPMNShape id="Activity_0azrmla_di" bpmnElement="Activity_0azrmla">
        <dc:Bounds x="2180" y="0" width="100" height="80"/>
      </bpmndi:BPMNShape>
      <bpmndi:BPMNShape id="Activity_0514uvt_di" bpmnElement="Activity_0514uvt">
        <dc:Bounds x="1210" y="110" width="100" height="80"/>
      </bpmndi:BPMNShape>
      <bpmndi:BPMNShape id="Activity_0icaicq_di" bpmnElement="Activity_0icaicq">
        <dc:Bounds x="1210" y="-300" width="100" height="80"/>
      </bpmndi:BPMNShape>
      <bpmndi:BPMNShape id="Event_1xl7cqq_di" bpmnElement="Event_1xl7cqq">
        <dc:Bounds x="342" y="972" width="36" height="36"/>
      </bpmndi:BPMNShape>
      <bpmndi:BPMNShape id="Event_01gk19v_di" bpmnElement="Event_01gk19v">
        <dc:Bounds x="1442" y="732" width="36" height="36"/>
      </bpmndi:BPMNShape>
      <bpmndi:BPMNShape id="Event_15lfqy5_di" bpmnElement="Event_15lfqy5">
        <dc:Bounds x="1782" y="-148" width="36" height="36"/>
      </bpmndi:BPMNShape>
      <bpmndi:BPMNShape id="Activity_0u2vief_di" bpmnElement="Activity_0u2vief">
        <dc:Bounds x="650" y="-100" width="100" height="80"/>
      </bpmndi:BPMNShape>
      <bpmndi:BPMNShape id="Gateway_09h0x3e_di" bpmnElement="Gateway_0u0zoo3">
        <dc:Bounds x="1005" y="95" width="50" height="50"/>
      </bpmndi:BPMNShape>
      <bpmndi:BPMNShape id="Activity_0v75p6h_di" bpmnElement="Activity_0v75p6h">
        <dc:Bounds x="250" y="710" width="100" height="80"/>
      </bpmndi:BPMNShape>
      <bpmndi:BPMNShape id="Event_0x74buy_di" bpmnElement="Event_0x74buy">
        <dc:Bounds x="382" y="732" width="36" height="36"/>
      </bpmndi:BPMNShape>
      <bpmndi:BPMNShape id="Gateway_0fytm35_di" bpmnElement="Gateway_0fytm35" isMarkerVisible="true">
        <dc:Bounds x="1855" y="225" width="50" height="50"/>
      </bpmndi:BPMNShape>
      <bpmndi:BPMNShape id="Activity_1ve7vyi_di" bpmnElement="Activity_1ve7vyi">
        <dc:Bounds x="1830" y="-20" width="100" height="80"/>
      </bpmndi:BPMNShape>
      <bpmndi:BPMNShape id="Event_0awlcwo_di" bpmnElement="Event_1smoysn">
        <dc:Bounds x="2342" y="232" width="36" height="36"/>
      </bpmndi:BPMNShape>
      <bpmndi:BPMNShape id="Gateway_1f2s1s1_di" bpmnElement="Gateway_1jx0tzv">
        <dc:Bounds x="1455" y="95" width="50" height="50"/>
      </bpmndi:BPMNShape>
      <bpmndi:BPMNShape id="Gateway_1oyxdus_di" bpmnElement="Gateway_1oqofvo">
        <dc:Bounds x="1235" y="595" width="50" height="50"/>
      </bpmndi:BPMNShape>
      <bpmndi:BPMNShape id="Gateway_12jb1oe_di" bpmnElement="Gateway_1i1wyze">
        <dc:Bounds x="-265" y="175" width="50" height="50"/>
      </bpmndi:BPMNShape>
      <bpmndi:BPMNShape id="Gateway_19krgei_di" bpmnElement="Gateway_12b5sjl" isMarkerVisible="true">
        <dc:Bounds x="335" y="225" width="50" height="50"/>
      </bpmndi:BPMNShape>
      <bpmndi:BPMNShape id="Gateway_1rz0wdr_di" bpmnElement="Gateway_18hj2iz">
        <dc:Bounds x="1455" y="465" width="50" height="50"/>
      </bpmndi:BPMNShape>
      <bpmndi:BPMNShape id="Gateway_09l6s8v_di" bpmnElement="Gateway_1t8zll1" isMarkerVisible="true">
        <dc:Bounds x="565" y="-85" width="50" height="50"/>
      </bpmndi:BPMNShape>
      <bpmndi:BPMNShape id="Gateway_0s2pfq3_di" bpmnElement="Gateway_0f1b8ba">
        <dc:Bounds x="505" y="-85" width="50" height="50"/>
      </bpmndi:BPMNShape>
      <bpmndi:BPMNShape id="Event_05ldmw0_di" bpmnElement="Event_05ldmw0">
        <dc:Bounds x="572" y="-178" width="36" height="36"/>
      </bpmndi:BPMNShape>
      <bpmndi:BPMNShape id="Gateway_1kzi4jt_di" bpmnElement="Gateway_0wa6peh">
        <dc:Bounds x="385" y="15" width="50" height="50"/>
      </bpmndi:BPMNShape>
      <bpmndi:BPMNShape id="TextAnnotation_1jj398t_di" bpmnElement="TextAnnotation_1jj398t">
        <dc:Bounds x="830" y="-8" width="100" height="135"/>
      </bpmndi:BPMNShape>
      <bpmndi:BPMNEdge id="Association_0dp1lb3_di" bpmnElement="Association_0dp1lb3">
        <di:waypoint x="814" y="-49"/>
        <di:waypoint x="862" y="-8"/>
      </bpmndi:BPMNEdge>
    </bpmndi:BPMNPlane>
  </bpmndi:BPMNDiagram>
</bpmn2:definitions>