<?xml version="1.0" encoding="UTF-8"?><bpmn2:definitions xmlns:bpmn2="http://www.omg.org/spec/BPMN/20100524/MODEL" xmlns:bpmndi="http://www.omg.org/spec/BPMN/20100524/DI" xmlns:camunda="http://camunda.org/schema/1.0/bpmn" xmlns:dc="http://www.omg.org/spec/DD/20100524/DC" xmlns:di="http://www.omg.org/spec/DD/20100524/DI" xmlns:xsi="http://www.w3.org/2001/XMLSchema-instance" id="sample-diagram" targetNamespace="http://bpmn.io/schema/bpmn" xsi:schemaLocation="http://www.omg.org/spec/BPMN/20100524/MODEL BPMN20.xsd">
  <bpmn2:process id="WSSiteScopeMTFinal123_Copy" name="WS_SiteScope_MTFinal" processType="None" isClosed="true" isExecutable="true">
    <bpmn2:extensionElements>
      <camunda:properties>
        <camunda:property name="workOrderIDPrefix" value="WS"/>
      </camunda:properties>
    </bpmn2:extensionElements>
    <bpmn2:startEvent id="StartEvent_1">
      <bpmn2:outgoing>Flow_0t42v24</bpmn2:outgoing>
    </bpmn2:startEvent>
    <bpmn2:sequenceFlow id="Flow_0t42v24" name="Job Initiation Ends" sourceRef="StartEvent_1" targetRef="Activity_13ska1a"/>
    <bpmn2:sequenceFlow id="Flow_1w2wsn5" sourceRef="Activity_1r0xegg" targetRef="Gateway_0dzzfuf"/>
    <bpmn2:userTask id="Activity_1qesyna" name="SS076 Market Baseline" implementation="##unspecified">
      <bpmn2:incoming>Flow_0jyi6t3</bpmn2:incoming>
      <bpmn2:outgoing>Flow_0vyu2ra</bpmn2:outgoing>
    </bpmn2:userTask>
    <bpmn2:sequenceFlow id="Flow_0jyi6t3" name="2,3,4,5,6,7,8" sourceRef="Gateway_0dzzfuf" targetRef="Activity_1qesyna">
      <bpmn2:conditionExpression xsi:type="bpmn2:tFormalExpression">${SelectScope=="LTE 1C" || SelectScope=="LTE 2C" || SelectScope=="LTE BWE" || SelectScope=="CBAND" || SelectScope=="CRAN Build" || SelectScope=="CRAN Buy" || SelectScope=="Software Carrier"}</bpmn2:conditionExpression>
    </bpmn2:sequenceFlow>
    <bpmn2:sequenceFlow id="Flow_0vyu2ra" sourceRef="Activity_1qesyna" targetRef="Gateway_1kshyrv"/>
    <bpmn2:userTask id="Activity_0djsefe" name="SS099         Order Mount S.A" implementation="##unspecified">
      <bpmn2:incoming>Flow_1xo3ttq</bpmn2:incoming>
      <bpmn2:incoming>Flow_0ibux0d</bpmn2:incoming>
      <bpmn2:outgoing>Flow_1ena26l</bpmn2:outgoing>
    </bpmn2:userTask>
    <bpmn2:userTask id="Activity_0x6vz6l" name="SS100 Receive Mount Mod S.A" implementation="##unspecified">
      <bpmn2:incoming>Flow_1ena26l</bpmn2:incoming>
      <bpmn2:outgoing>Flow_06ejuqn</bpmn2:outgoing>
    </bpmn2:userTask>
    <bpmn2:sequenceFlow id="Flow_1ena26l" sourceRef="Activity_0djsefe" targetRef="Activity_0x6vz6l"/>
    <bpmn2:sequenceFlow id="Flow_06ejuqn" sourceRef="Activity_0x6vz6l" targetRef="Activity_01ossx6"/>
    <bpmn2:userTask id="Activity_0ggecpx" name="SS102 Conduct TARP Mount Review" implementation="##unspecified">
      <bpmn2:incoming>Flow_04497v0</bpmn2:incoming>
      <bpmn2:outgoing>Flow_03mxse3</bpmn2:outgoing>
    </bpmn2:userTask>
    <bpmn2:sequenceFlow id="Flow_03mxse3" sourceRef="Activity_0ggecpx" targetRef="Gateway_0immg4a"/>
    <bpmn2:userTask id="Activity_11k57w0" name="SS020 Construction Ready" implementation="##unspecified">
      <bpmn2:incoming>Flow_0sbguev</bpmn2:incoming>
      <bpmn2:incoming>Flow_0damta5</bpmn2:incoming>
      <bpmn2:incoming>Flow_0yfvms4</bpmn2:incoming>
      <bpmn2:outgoing>Flow_0rkc1a9</bpmn2:outgoing>
    </bpmn2:userTask>
    <bpmn2:sequenceFlow id="Flow_1t3uq0v" name="CBAND, LTE 1C, LTE 2C, LTE BWE" sourceRef="Gateway_0immg4a" targetRef="Activity_0vxirg7">
      <bpmn2:conditionExpression xsi:type="bpmn2:tFormalExpression">${SelectScope == "CBAND" || SelectScope == "LTE 1C" || SelectScope == "LTE 2C" || SelectScope == "LTE BWE"}</bpmn2:conditionExpression>
    </bpmn2:sequenceFlow>
    <bpmn2:sequenceFlow id="Flow_0rkc1a9" sourceRef="Activity_11k57w0" targetRef="Gateway_12ast2m"/>
    <bpmn2:exclusiveGateway id="Gateway_0dzzfuf" name="Job Scope">
      <bpmn2:incoming>Flow_1w2wsn5</bpmn2:incoming>
      <bpmn2:outgoing>Flow_0jyi6t3</bpmn2:outgoing>
      <bpmn2:outgoing>Flow_1iade0r</bpmn2:outgoing>
    </bpmn2:exclusiveGateway>
    <bpmn2:exclusiveGateway id="Gateway_0immg4a" name="Job Scope">
      <bpmn2:incoming>Flow_03mxse3</bpmn2:incoming>
      <bpmn2:outgoing>Flow_1t3uq0v</bpmn2:outgoing>
      <bpmn2:outgoing>Flow_05kjh6y</bpmn2:outgoing>
    </bpmn2:exclusiveGateway>
    <bpmn2:userTask id="Activity_0ycn462" name="SS022 Handoff to Civil Vendor" implementation="##unspecified">
      <bpmn2:incoming>Flow_1iade0r</bpmn2:incoming>
      <bpmn2:incoming>Flow_1jzcolu</bpmn2:incoming>
      <bpmn2:outgoing>Flow_0ffmgw1</bpmn2:outgoing>
    </bpmn2:userTask>
    <bpmn2:sequenceFlow id="Flow_1iade0r" name="NSB" sourceRef="Gateway_0dzzfuf" targetRef="Activity_0ycn462">
      <bpmn2:conditionExpression xsi:type="bpmn2:tFormalExpression">${SelectScope=="NSB"}</bpmn2:conditionExpression>
    </bpmn2:sequenceFlow>
    <bpmn2:sequenceFlow id="Flow_1jzcolu" name="CRAN Build, CRAN Buy" sourceRef="Gateway_1kshyrv" targetRef="Activity_0ycn462">
      <bpmn2:conditionExpression xsi:type="bpmn2:tFormalExpression">${SelectScope == "CRAN Build" || SelectScope == "CRAN Buy"}</bpmn2:conditionExpression>
    </bpmn2:sequenceFlow>
    <bpmn2:userTask id="Activity_133m63s" name="SS097 Submit to NAM" implementation="##unspecified">
      <bpmn2:incoming>Flow_09itwfy</bpmn2:incoming>
      <bpmn2:outgoing>Flow_01zb5xk</bpmn2:outgoing>
    </bpmn2:userTask>
    <bpmn2:sequenceFlow id="Flow_1r5e1oz" name="CRAN Buy" sourceRef="Gateway_1kshyrv" targetRef="Gateway_00tq2io">
      <bpmn2:conditionExpression xsi:type="bpmn2:tFormalExpression">${SelectScope == "CRAN Buy"}</bpmn2:conditionExpression>
    </bpmn2:sequenceFlow>
    <bpmn2:exclusiveGateway id="Gateway_0sawxie" name="Job Scope">
      <bpmn2:incoming>Flow_1bhmh60</bpmn2:incoming>
      <bpmn2:outgoing>Flow_1bppmqa</bpmn2:outgoing>
      <bpmn2:outgoing>Flow_0rdpwhb</bpmn2:outgoing>
    </bpmn2:exclusiveGateway>
    <bpmn2:sequenceFlow id="Flow_0ffmgw1" sourceRef="Activity_0ycn462" targetRef="Gateway_1964d7i"/>
    <bpmn2:userTask id="Activity_0r1m4zt" name="SS004 Completed Site Audit" implementation="##unspecified">
      <bpmn2:incoming>Flow_14aod4w</bpmn2:incoming>
      <bpmn2:outgoing>Flow_0th99hp</bpmn2:outgoing>
    </bpmn2:userTask>
    <bpmn2:sequenceFlow id="Flow_1bppmqa" name="NSB" sourceRef="Gateway_0sawxie" targetRef="Gateway_0wem36c">
      <bpmn2:conditionExpression xsi:type="bpmn2:tFormalExpression">${SelectScope=="NSB"}</bpmn2:conditionExpression>
    </bpmn2:sequenceFlow>
    <bpmn2:userTask id="Activity_0y8ig7t" name="SS005 Upload Site Audit to File Net" implementation="##unspecified">
      <bpmn2:incoming>Flow_0th99hp</bpmn2:incoming>
      <bpmn2:outgoing>Flow_1mji9z1</bpmn2:outgoing>
    </bpmn2:userTask>
    <bpmn2:sequenceFlow id="Flow_0th99hp" sourceRef="Activity_0r1m4zt" targetRef="Activity_0y8ig7t"/>
    <bpmn2:userTask id="Activity_1u84u2z" name="SS011 Conduct Design Visit" implementation="##unspecified">
      <bpmn2:incoming>Flow_1v9m0w3</bpmn2:incoming>
      <bpmn2:outgoing>Flow_00h3jmo</bpmn2:outgoing>
    </bpmn2:userTask>
    <bpmn2:userTask id="Activity_1yghlm7" name="SS096 Confirm MAA or Other Multi-Structure" implementation="##unspecified">
      <bpmn2:incoming>Flow_0zndn2u</bpmn2:incoming>
      <bpmn2:outgoing>Flow_0yfdts2</bpmn2:outgoing>
    </bpmn2:userTask>
    <bpmn2:sequenceFlow id="Flow_0rdpwhb" name="CRAN Build, CRAN Buy" sourceRef="Gateway_0sawxie" targetRef="Gateway_0v17reo">
      <bpmn2:conditionExpression xsi:type="bpmn2:tFormalExpression">${SelectScope == "CRAN Build" || SelectScope == "CRAN Buy"}</bpmn2:conditionExpression>
    </bpmn2:sequenceFlow>
    <bpmn2:userTask id="Activity_1adqlgz" name="SS007 Order Structural Analysis" implementation="##unspecified">
      <bpmn2:extensionElements>
        <camunda:formData>
          <camunda:formField id="SA" type="boolean"/>
        </camunda:formData>
      </bpmn2:extensionElements>
      <bpmn2:incoming>Flow_00h3jmo</bpmn2:incoming>
      <bpmn2:incoming>Flow_1vwdgec</bpmn2:incoming>
      <bpmn2:incoming>Flow_0790j5n</bpmn2:incoming>
      <bpmn2:outgoing>Flow_0t0dbmd</bpmn2:outgoing>
    </bpmn2:userTask>
    <bpmn2:sequenceFlow id="Flow_00h3jmo" sourceRef="Activity_1u84u2z" targetRef="Activity_1adqlgz"/>
    <bpmn2:userTask id="Activity_13fs7ar" name="SS071 Structural Analysis passes" implementation="##unspecified">
      <bpmn2:incoming>Flow_0ge3yv2</bpmn2:incoming>
      <bpmn2:incoming>Flow_0zfxu97</bpmn2:incoming>
      <bpmn2:incoming>Flow_16bty4j</bpmn2:incoming>
      <bpmn2:outgoing>Flow_0m10cv4</bpmn2:outgoing>
    </bpmn2:userTask>
    <bpmn2:exclusiveGateway id="Gateway_1u8bnin" name="Job Scope">
      <bpmn2:incoming>Flow_1wbh6gh</bpmn2:incoming>
      <bpmn2:outgoing>Flow_06ztnim</bpmn2:outgoing>
      <bpmn2:outgoing>Flow_0zfxu97</bpmn2:outgoing>
    </bpmn2:exclusiveGateway>
    <bpmn2:sequenceFlow id="Flow_06ztnim" name="NSB, CBAND, LTE 1C, LTE 2C, LTE BWE" sourceRef="Gateway_1u8bnin" targetRef="Activity_1qgc3iu">
      <bpmn2:conditionExpression xsi:type="bpmn2:tFormalExpression">${SelectScope == "NSB" || SelectScope == "CBAND" || SelectScope == "LTE 1C" || SelectScope == "LTE 2C" || SelectScope == "LTE BWE"}</bpmn2:conditionExpression>
    </bpmn2:sequenceFlow>
    <bpmn2:userTask id="Activity_0u4rn5s" name="SS103 Structural Analysis Fail" implementation="##unspecified">
      <bpmn2:incoming>Flow_0n5ubz6</bpmn2:incoming>
      <bpmn2:outgoing>Flow_1wbh6gh</bpmn2:outgoing>
    </bpmn2:userTask>
    <bpmn2:userTask id="Activity_1qgc3iu" name="RE057 Conduct TARP Review" implementation="##unspecified">
      <bpmn2:incoming>Flow_06ztnim</bpmn2:incoming>
      <bpmn2:outgoing>Flow_0ge3yv2</bpmn2:outgoing>
    </bpmn2:userTask>
    <bpmn2:userTask id="Activity_109lug5" name="SS098 Select NAM Supplier" implementation="##unspecified">
      <bpmn2:incoming>Flow_0sdiw9w</bpmn2:incoming>
      <bpmn2:outgoing>Flow_1kfpagr</bpmn2:outgoing>
    </bpmn2:userTask>
    <bpmn2:sequenceFlow id="Flow_0sdiw9w" name="CRAN Buy" sourceRef="Gateway_00tq2io" targetRef="Activity_109lug5"/>
    <bpmn2:sequenceFlow id="Flow_1kfpagr" sourceRef="Activity_109lug5" targetRef="Event_06mf1ji"/>
    <bpmn2:sequenceFlow id="Flow_1mji9z1" sourceRef="Activity_0y8ig7t" targetRef="Event_1p3cyys"/>
    <bpmn2:userTask id="Activity_13ska1a" name="Wait for Job Initiation End" implementation="##unspecified">
      <bpmn2:incoming>Flow_0t42v24</bpmn2:incoming>
      <bpmn2:outgoing>Flow_1x3titl</bpmn2:outgoing>
    </bpmn2:userTask>
    <bpmn2:sequenceFlow id="Flow_1x3titl" sourceRef="Activity_13ska1a" targetRef="Activity_1r0xegg"/>
    <bpmn2:endEvent id="Event_1p3cyys">
      <bpmn2:incoming>Flow_1mji9z1</bpmn2:incoming>
    </bpmn2:endEvent>
    <bpmn2:sequenceFlow id="Flow_09itwfy" name="CRAN Buy" sourceRef="Gateway_00tq2io" targetRef="Activity_133m63s"/>
    <bpmn2:parallelGateway id="Gateway_00tq2io">
      <bpmn2:incoming>Flow_1r5e1oz</bpmn2:incoming>
      <bpmn2:outgoing>Flow_09itwfy</bpmn2:outgoing>
      <bpmn2:outgoing>Flow_0sdiw9w</bpmn2:outgoing>
    </bpmn2:parallelGateway>
    <bpmn2:endEvent id="Event_06mf1ji">
      <bpmn2:incoming>Flow_1kfpagr</bpmn2:incoming>
    </bpmn2:endEvent>
    <bpmn2:exclusiveGateway id="Gateway_1964d7i" name="Job Scope">
      <bpmn2:incoming>Flow_0ffmgw1</bpmn2:incoming>
      <bpmn2:outgoing>Flow_1x7ni9o</bpmn2:outgoing>
      <bpmn2:outgoing>Flow_1j4ri03</bpmn2:outgoing>
    </bpmn2:exclusiveGateway>
    <bpmn2:sequenceFlow id="Flow_1x7ni9o" name="NSB" sourceRef="Gateway_1964d7i" targetRef="Activity_12pbhfy">
      <bpmn2:conditionExpression xsi:type="bpmn2:tFormalExpression">${SelectScope=="NSB"}</bpmn2:conditionExpression>
    </bpmn2:sequenceFlow>
    <bpmn2:userTask id="Activity_12pbhfy" name="SS055 Submit All Candidates to RF" implementation="##unspecified">
      <bpmn2:incoming>Flow_1x7ni9o</bpmn2:incoming>
      <bpmn2:outgoing>Flow_0aotdb8</bpmn2:outgoing>
    </bpmn2:userTask>
    <bpmn2:sequenceFlow id="Flow_1bhmh60" sourceRef="Activity_19rvrhd" targetRef="Gateway_0sawxie"/>
    <bpmn2:userTask id="Activity_0u431yw" name="SS074  Select Primary Candidate" implementation="##unspecified">
      <bpmn2:incoming>Flow_0aotdb8</bpmn2:incoming>
      <bpmn2:outgoing>Flow_12e89n9</bpmn2:outgoing>
    </bpmn2:userTask>
    <bpmn2:sequenceFlow id="Flow_0aotdb8" sourceRef="Activity_12pbhfy" targetRef="Activity_0u431yw"/>
    <bpmn2:userTask id="Activity_19rvrhd" name="SS010 Approve Primary Candidate" implementation="##unspecified">
      <bpmn2:incoming>Flow_12e89n9</bpmn2:incoming>
      <bpmn2:incoming>Flow_1j4ri03</bpmn2:incoming>
      <bpmn2:outgoing>Flow_1bhmh60</bpmn2:outgoing>
    </bpmn2:userTask>
    <bpmn2:sequenceFlow id="Flow_12e89n9" sourceRef="Activity_0u431yw" targetRef="Activity_19rvrhd"/>
    <bpmn2:sequenceFlow id="Flow_1j4ri03" name="CRAN Build, CRAN Buy" sourceRef="Gateway_1964d7i" targetRef="Activity_19rvrhd">
      <bpmn2:conditionExpression xsi:type="bpmn2:tFormalExpression">${SelectScope == "CRAN Build" || SelectScope == "CRAN Buy"}</bpmn2:conditionExpression>
    </bpmn2:sequenceFlow>
    <bpmn2:sequenceFlow id="Flow_14aod4w" name="NSB" sourceRef="Gateway_0wem36c" targetRef="Activity_0r1m4zt"/>
    <bpmn2:parallelGateway id="Gateway_0wem36c">
      <bpmn2:incoming>Flow_1bppmqa</bpmn2:incoming>
      <bpmn2:outgoing>Flow_14aod4w</bpmn2:outgoing>
      <bpmn2:outgoing>Flow_0ibux0d</bpmn2:outgoing>
      <bpmn2:outgoing>Flow_1vwdgec</bpmn2:outgoing>
    </bpmn2:parallelGateway>
    <bpmn2:sequenceFlow id="Flow_1v9m0w3" name="CRAN Build, CRAN Buy" sourceRef="Gateway_0v17reo" targetRef="Activity_1u84u2z"/>
    <bpmn2:parallelGateway id="Gateway_0v17reo">
      <bpmn2:incoming>Flow_0rdpwhb</bpmn2:incoming>
      <bpmn2:outgoing>Flow_1v9m0w3</bpmn2:outgoing>
      <bpmn2:outgoing>Flow_0zndn2u</bpmn2:outgoing>
      <bpmn2:outgoing>Flow_0yfvms4</bpmn2:outgoing>
    </bpmn2:parallelGateway>
    <bpmn2:sequenceFlow id="Flow_0zndn2u" name="CRAN Build, CRAN Buy" sourceRef="Gateway_0v17reo" targetRef="Activity_1yghlm7"/>
    <bpmn2:userTask id="Activity_0vxirg7" name="SS014 Site Scoping D.C" implementation="##unspecified">
      <bpmn2:incoming>Flow_1t3uq0v</bpmn2:incoming>
      <bpmn2:incoming>Flow_1l2qvmz</bpmn2:incoming>
      <bpmn2:outgoing>Flow_0sbguev</bpmn2:outgoing>
    </bpmn2:userTask>
    <bpmn2:sequenceFlow id="Flow_0sbguev" sourceRef="Activity_0vxirg7" targetRef="Activity_11k57w0"/>
    <bpmn2:sequenceFlow id="Flow_0damta5" name="Software Carrier" sourceRef="Gateway_1kshyrv" targetRef="Activity_11k57w0">
      <bpmn2:conditionExpression xsi:type="bpmn2:tFormalExpression">${SelectScope == "Software Carrier"}</bpmn2:conditionExpression>
    </bpmn2:sequenceFlow>
    <bpmn2:exclusiveGateway id="Gateway_12ast2m" name="Job Scope">
      <bpmn2:incoming>Flow_0rkc1a9</bpmn2:incoming>
      <bpmn2:outgoing>Flow_16tv404</bpmn2:outgoing>
      <bpmn2:outgoing>Flow_1xrbweb</bpmn2:outgoing>
      <bpmn2:outgoing>Flow_1446tbt</bpmn2:outgoing>
      <bpmn2:outgoing>Flow_1jvgvxg</bpmn2:outgoing>
    </bpmn2:exclusiveGateway>
    <bpmn2:userTask id="Activity_0ciiwu4" name="SS023 Upload Site Information" implementation="##unspecified">
      <bpmn2:incoming>Flow_16tv404</bpmn2:incoming>
      <bpmn2:outgoing>Flow_08nbp3w</bpmn2:outgoing>
    </bpmn2:userTask>
    <bpmn2:sequenceFlow id="Flow_16tv404" name="CRAN Build, CRAN Buy" sourceRef="Gateway_12ast2m" targetRef="Activity_0ciiwu4">
      <bpmn2:conditionExpression xsi:type="bpmn2:tFormalExpression">${SelectScope == "CRAN Build" || SelectScope == "CRAN Buy"}</bpmn2:conditionExpression>
    </bpmn2:sequenceFlow>
    <bpmn2:exclusiveGateway id="Gateway_0mariek" name="Job Scope" default="Flow_1vbewn4">
      <bpmn2:incoming>Flow_07z9hld</bpmn2:incoming>
      <bpmn2:outgoing>Flow_0tfi96i</bpmn2:outgoing>
      <bpmn2:outgoing>Flow_1vbewn4</bpmn2:outgoing>
    </bpmn2:exclusiveGateway>
    <bpmn2:sequenceFlow id="Flow_0t0dbmd" sourceRef="Activity_1adqlgz" targetRef="Gateway_0vbv9mm"/>
    <bpmn2:userTask id="Activity_0cj4o1m" name="SS107 Construction Drawings" implementation="##unspecified">
      <bpmn2:incoming>Flow_0tfi96i</bpmn2:incoming>
      <bpmn2:outgoing>Flow_1v8rmns</bpmn2:outgoing>
    </bpmn2:userTask>
    <bpmn2:sequenceFlow id="Flow_0tfi96i" name="LTE 2C, CBAND" sourceRef="Gateway_0mariek" targetRef="Activity_0cj4o1m">
      <bpmn2:conditionExpression xsi:type="bpmn2:tFormalExpression">${SelectScope == "CBAND" || SelectScope == "LTE 2C"}</bpmn2:conditionExpression>
    </bpmn2:sequenceFlow>
    <bpmn2:sequenceFlow id="Flow_1xrbweb" name="Software Carrier" sourceRef="Gateway_12ast2m" targetRef="Event_0h30193">
      <bpmn2:conditionExpression xsi:type="bpmn2:tFormalExpression">${SelectScope == "Software Carrier"}</bpmn2:conditionExpression>
    </bpmn2:sequenceFlow>
    <bpmn2:endEvent id="Event_16gl4wq">
      <bpmn2:incoming>Flow_01zb5xk</bpmn2:incoming>
    </bpmn2:endEvent>
    <bpmn2:sequenceFlow id="Flow_01zb5xk" sourceRef="Activity_133m63s" targetRef="Event_16gl4wq"/>
    <bpmn2:endEvent id="Event_1vnx3o1">
      <bpmn2:incoming>Flow_0yfdts2</bpmn2:incoming>
    </bpmn2:endEvent>
    <bpmn2:sequenceFlow id="Flow_0yfdts2" sourceRef="Activity_1yghlm7" targetRef="Event_1vnx3o1"/>
    <bpmn2:sequenceFlow id="Flow_0ge3yv2" sourceRef="Activity_1qgc3iu" targetRef="Activity_13fs7ar"/>
    <bpmn2:sequenceFlow id="Flow_0zfxu97" name="CRAN Build, CRAN Buy" sourceRef="Gateway_1u8bnin" targetRef="Activity_13fs7ar">
      <bpmn2:conditionExpression xsi:type="bpmn2:tFormalExpression">${SelectScope == "CRAN Build" || SelectScope == "CRAN Buy"}</bpmn2:conditionExpression>
    </bpmn2:sequenceFlow>
    <bpmn2:endEvent id="Event_17ldbd2">
      <bpmn2:incoming>Flow_1vbewn4</bpmn2:incoming>
    </bpmn2:endEvent>
    <bpmn2:sequenceFlow id="Flow_1vbewn4" sourceRef="Gateway_0mariek" targetRef="Event_17ldbd2"/>
    <bpmn2:userTask id="Activity_1r0xegg" name="Select Job Scope" implementation="##unspecified">
      <bpmn2:extensionElements>
        <camunda:formData>
          <camunda:formField id="SelectScope" type="string"/>
        </camunda:formData>
      </bpmn2:extensionElements>
      <bpmn2:incoming>Flow_1x3titl</bpmn2:incoming>
      <bpmn2:outgoing>Flow_1w2wsn5</bpmn2:outgoing>
    </bpmn2:userTask>
    <bpmn2:userTask id="Activity_01ossx6" name="SS101  Receive Mount Mod S.D" implementation="##unspecified">
      <bpmn2:incoming>Flow_06ejuqn</bpmn2:incoming>
      <bpmn2:outgoing>Flow_04497v0</bpmn2:outgoing>
    </bpmn2:userTask>
    <bpmn2:sequenceFlow id="Flow_04497v0" sourceRef="Activity_01ossx6" targetRef="Activity_0ggecpx"/>
    <bpmn2:sequenceFlow id="Flow_0ibux0d" name="NSB" sourceRef="Gateway_0wem36c" targetRef="Activity_0djsefe"/>
    <bpmn2:sequenceFlow id="Flow_1xo3ttq" name="CBAND, LTE 1C, LTE 2C, LTE BWE" sourceRef="Gateway_1kshyrv" targetRef="Activity_0djsefe">
      <bpmn2:conditionExpression xsi:type="bpmn2:tFormalExpression">${SelectScope == "LTE 1C" || SelectScope == "LTE 2C" || SelectScope == "LTE BWE" || SelectScope == "CBAND"}</bpmn2:conditionExpression>
    </bpmn2:sequenceFlow>
    <bpmn2:sequenceFlow id="Flow_0yfvms4" sourceRef="Gateway_0v17reo" targetRef="Activity_11k57w0"/>
    <bpmn2:sequenceFlow id="Flow_07z9hld" sourceRef="Gateway_0vbv9mm" targetRef="Gateway_0mariek"/>
    <bpmn2:parallelGateway id="Gateway_0vbv9mm">
      <bpmn2:incoming>Flow_0t0dbmd</bpmn2:incoming>
      <bpmn2:outgoing>Flow_07z9hld</bpmn2:outgoing>
      <bpmn2:outgoing>Flow_0gs75zs</bpmn2:outgoing>
    </bpmn2:parallelGateway>
    <bpmn2:sequenceFlow id="Flow_0gs75zs" sourceRef="Gateway_0vbv9mm" targetRef="Gateway_118fsqh"/>
    <bpmn2:sequenceFlow id="Flow_1446tbt" name="CBAND, LTE 1C, LTE 2C, LTE BWE" sourceRef="Gateway_12ast2m" targetRef="Gateway_11g0stp">
      <bpmn2:conditionExpression xsi:type="bpmn2:tFormalExpression">${SelectScope == "LTE 1C" || SelectScope == "LTE 2C" || SelectScope == "LTE BWE" || SelectScope == "CBAND"}</bpmn2:conditionExpression>
    </bpmn2:sequenceFlow>
    <bpmn2:sequenceFlow id="Flow_1vwdgec" name="NSB" sourceRef="Gateway_0wem36c" targetRef="Activity_1adqlgz"/>
    <bpmn2:task id="Activity_10xkdko" name="Wait for RE030 Zoning Approved">
      <bpmn2:incoming>Flow_05kjh6y</bpmn2:incoming>
      <bpmn2:outgoing>Flow_1l2qvmz</bpmn2:outgoing>
    </bpmn2:task>
    <bpmn2:sequenceFlow id="Flow_05kjh6y" name="NSB" sourceRef="Gateway_0immg4a" targetRef="Activity_10xkdko">
      <bpmn2:conditionExpression xsi:type="bpmn2:tFormalExpression">${SelectScope == "NSB"}</bpmn2:conditionExpression>
    </bpmn2:sequenceFlow>
    <bpmn2:sequenceFlow id="Flow_1l2qvmz" sourceRef="Activity_10xkdko" targetRef="Activity_0vxirg7"/>
    <bpmn2:userTask id="Activity_0k98nqm" name="Start Construction Flow">
      <bpmn2:incoming>Flow_1lkkzes</bpmn2:incoming>
      <bpmn2:incoming>Flow_0punezh</bpmn2:incoming>
      <bpmn2:outgoing>Flow_0x0jiz8</bpmn2:outgoing>
    </bpmn2:userTask>
    <bpmn2:sequenceFlow id="Flow_1lkkzes" sourceRef="Activity_0mezvz9" targetRef="Activity_0k98nqm"/>
    <bpmn2:userTask id="Activity_0mezvz9" name="Start Integration Flow">
      <bpmn2:incoming>Flow_1jvgvxg</bpmn2:incoming>
      <bpmn2:outgoing>Flow_1lkkzes</bpmn2:outgoing>
    </bpmn2:userTask>
    <bpmn2:sequenceFlow id="Flow_0790j5n" sourceRef="Gateway_11g0stp" targetRef="Activity_1adqlgz"/>
    <bpmn2:parallelGateway id="Gateway_11g0stp">
      <bpmn2:incoming>Flow_1446tbt</bpmn2:incoming>
      <bpmn2:outgoing>Flow_0790j5n</bpmn2:outgoing>
      <bpmn2:outgoing>Flow_0punezh</bpmn2:outgoing>
    </bpmn2:parallelGateway>
    <bpmn2:sequenceFlow id="Flow_0punezh" sourceRef="Gateway_11g0stp" targetRef="Activity_0k98nqm"/>
    <bpmn2:sequenceFlow id="Flow_1jvgvxg" name="NSB" sourceRef="Gateway_12ast2m" targetRef="Activity_0mezvz9">
      <bpmn2:conditionExpression xsi:type="bpmn2:tFormalExpression">${SelectScope == "NSB"}</bpmn2:conditionExpression>
    </bpmn2:sequenceFlow>
    <bpmn2:exclusiveGateway id="Gateway_118fsqh">
      <bpmn2:incoming>Flow_0gs75zs</bpmn2:incoming>
      <bpmn2:outgoing>Flow_0n5ubz6</bpmn2:outgoing>
      <bpmn2:outgoing>Flow_16bty4j</bpmn2:outgoing>
    </bpmn2:exclusiveGateway>
    <bpmn2:sequenceFlow id="Flow_0n5ubz6" name="Fail" sourceRef="Gateway_118fsqh" targetRef="Activity_0u4rn5s">
      <bpmn2:conditionExpression xsi:type="bpmn2:tFormalExpression">${SA == false}</bpmn2:conditionExpression>
    </bpmn2:sequenceFlow>
    <bpmn2:sequenceFlow id="Flow_16bty4j" name="Pass" sourceRef="Gateway_118fsqh" targetRef="Activity_13fs7ar">
      <bpmn2:conditionExpression xsi:type="bpmn2:tFormalExpression">${SA == true}</bpmn2:conditionExpression>
    </bpmn2:sequenceFlow>
    <bpmn2:sequenceFlow id="Flow_1wbh6gh" sourceRef="Activity_0u4rn5s" targetRef="Gateway_1u8bnin"/>
    <bpmn2:inclusiveGateway id="Gateway_1kshyrv" name="Job Scope">
      <bpmn2:incoming>Flow_0vyu2ra</bpmn2:incoming>
      <bpmn2:outgoing>Flow_1jzcolu</bpmn2:outgoing>
      <bpmn2:outgoing>Flow_1r5e1oz</bpmn2:outgoing>
      <bpmn2:outgoing>Flow_0damta5</bpmn2:outgoing>
      <bpmn2:outgoing>Flow_1xo3ttq</bpmn2:outgoing>
      <bpmn2:outgoing>Flow_1t4iu3v</bpmn2:outgoing>
    </bpmn2:inclusiveGateway>
    <bpmn2:sequenceFlow id="Flow_1t4iu3v" name="CBAND, Software Carrier" sourceRef="Gateway_1kshyrv" targetRef="Activity_1ktznak">
      <bpmn2:conditionExpression xsi:type="bpmn2:tFormalExpression">${SelectScope == "Software Carrier" || SelectScope == "CBAND"}</bpmn2:conditionExpression>
    </bpmn2:sequenceFlow>
    <bpmn2:userTask id="Activity_1ktznak" name="Start Integration Flow-1">
      <bpmn2:incoming>Flow_1t4iu3v</bpmn2:incoming>
      <bpmn2:outgoing>Flow_1jtksg2</bpmn2:outgoing>
    </bpmn2:userTask>
    <bpmn2:endEvent id="Event_0honga2">
      <bpmn2:incoming>Flow_1jtksg2</bpmn2:incoming>
    </bpmn2:endEvent>
    <bpmn2:sequenceFlow id="Flow_1jtksg2" sourceRef="Activity_1ktznak" targetRef="Event_0honga2"/>
    <bpmn2:endEvent id="Event_0neat7r">
      <bpmn2:incoming>Flow_1v8rmns</bpmn2:incoming>
    </bpmn2:endEvent>
    <bpmn2:sequenceFlow id="Flow_1v8rmns" sourceRef="Activity_0cj4o1m" targetRef="Event_0neat7r"/>
    <bpmn2:sequenceFlow id="Flow_0m10cv4" sourceRef="Activity_13fs7ar" targetRef="Gateway_1o0pbvm"/>
    <bpmn2:sequenceFlow id="Flow_00uck57" sourceRef="Gateway_1o0pbvm" targetRef="Event_0bk4dl7"/>
    <bpmn2:sequenceFlow id="Flow_0x0jiz8" sourceRef="Activity_0k98nqm" targetRef="Gateway_0ked52m"/>
    <bpmn2:endEvent id="Event_0bk4dl7">
      <bpmn2:incoming>Flow_00uck57</bpmn2:incoming>
      <bpmn2:terminateEventDefinition id="TerminateEventDefinition_1r30fj4"/>
    </bpmn2:endEvent>
    <bpmn2:endEvent id="Event_0h30193">
      <bpmn2:incoming>Flow_1xrbweb</bpmn2:incoming>
      <bpmn2:terminateEventDefinition id="TerminateEventDefinition_0nc4okx"/>
    </bpmn2:endEvent>
    <bpmn2:parallelGateway id="Gateway_1o0pbvm">
      <bpmn2:incoming>Flow_0m10cv4</bpmn2:incoming>
      <bpmn2:incoming>Flow_1gqz9rw</bpmn2:incoming>
      <bpmn2:outgoing>Flow_00uck57</bpmn2:outgoing>
    </bpmn2:parallelGateway>
    <bpmn2:inclusiveGateway id="Gateway_0ked52m">
      <bpmn2:incoming>Flow_08nbp3w</bpmn2:incoming>
      <bpmn2:incoming>Flow_0x0jiz8</bpmn2:incoming>
      <bpmn2:outgoing>Flow_1gqz9rw</bpmn2:outgoing>
    </bpmn2:inclusiveGateway>
    <bpmn2:sequenceFlow id="Flow_08nbp3w" sourceRef="Activity_0ciiwu4" targetRef="Gateway_0ked52m"/>
    <bpmn2:sequenceFlow id="Flow_1gqz9rw" sourceRef="Gateway_0ked52m" targetRef="Gateway_1o0pbvm"/>
  </bpmn2:process>
  <bpmndi:BPMNDiagram id="BPMNDiagram_1">
    <bpmndi:BPMNPlane id="BPMNPlane_1" bpmnElement="WSSiteScopeMTFinal123_Copy">
      <bpmndi:BPMNEdge id="Flow_0x0jiz8_di" bpmnElement="Flow_0x0jiz8">
        <di:waypoint x="2500" y="-100"/>
        <di:waypoint x="2520" y="-100"/>
        <di:waypoint x="2520" y="480"/>
        <di:waypoint x="2435" y="480"/>
      </bpmndi:BPMNEdge>
      <bpmndi:BPMNEdge id="Flow_00uck57_di" bpmnElement="Flow_00uck57">
        <di:waypoint x="2435" y="720"/>
        <di:waypoint x="2532" y="720"/>
      </bpmndi:BPMNEdge>
      <bpmndi:BPMNEdge id="Flow_0m10cv4_di" bpmnElement="Flow_0m10cv4">
        <di:waypoint x="2170" y="720"/>
        <di:waypoint x="2385" y="720"/>
      </bpmndi:BPMNEdge>
      <bpmndi:BPMNEdge id="Flow_1v8rmns_di" bpmnElement="Flow_1v8rmns">
        <di:waypoint x="1750" y="1060"/>
        <di:waypoint x="1962" y="1060"/>
      </bpmndi:BPMNEdge>
      <bpmndi:BPMNEdge id="Flow_1jtksg2_di" bpmnElement="Flow_1jtksg2">
        <di:waypoint x="460" y="180"/>
        <di:waypoint x="552" y="180"/>
      </bpmndi:BPMNEdge>
      <bpmndi:BPMNEdge id="Flow_1t4iu3v_di" bpmnElement="Flow_1t4iu3v">
        <di:waypoint x="130" y="75"/>
        <di:waypoint x="130" y="180"/>
        <di:waypoint x="360" y="180"/>
        <bpmndi:BPMNLabel>
          <dc:Bounds x="185" y="146" width="89" height="27"/>
        </bpmndi:BPMNLabel>
      </bpmndi:BPMNEdge>
      <bpmndi:BPMNEdge id="Flow_1wbh6gh_di" bpmnElement="Flow_1wbh6gh">
        <di:waypoint x="1460" y="720"/>
        <di:waypoint x="1585" y="720"/>
      </bpmndi:BPMNEdge>
      <bpmndi:BPMNEdge id="Flow_16bty4j_di" bpmnElement="Flow_16bty4j">
        <di:waypoint x="1350" y="865"/>
        <di:waypoint x="1350" y="890"/>
        <di:waypoint x="2120" y="890"/>
        <di:waypoint x="2120" y="760"/>
        <bpmndi:BPMNLabel>
          <dc:Bounds x="1723" y="872" width="25" height="14"/>
        </bpmndi:BPMNLabel>
      </bpmndi:BPMNEdge>
      <bpmndi:BPMNEdge id="Flow_0n5ubz6_di" bpmnElement="Flow_0n5ubz6">
        <di:waypoint x="1375" y="840"/>
        <di:waypoint x="1410" y="840"/>
        <di:waypoint x="1410" y="760"/>
        <bpmndi:BPMNLabel>
          <dc:Bounds x="1384" y="822" width="18" height="14"/>
        </bpmndi:BPMNLabel>
      </bpmndi:BPMNEdge>
      <bpmndi:BPMNEdge id="Flow_1jvgvxg_di" bpmnElement="Flow_1jvgvxg">
        <di:waypoint x="2120" y="35"/>
        <di:waypoint x="2120" y="-100"/>
        <di:waypoint x="2210" y="-100"/>
        <bpmndi:BPMNLabel>
          <dc:Bounds x="2124" y="-35" width="23" height="14"/>
        </bpmndi:BPMNLabel>
      </bpmndi:BPMNEdge>
      <bpmndi:BPMNEdge id="Flow_0punezh_di" bpmnElement="Flow_0punezh">
        <di:waypoint x="2145" y="330"/>
        <di:waypoint x="2450" y="330"/>
        <di:waypoint x="2450" y="-60"/>
      </bpmndi:BPMNEdge>
      <bpmndi:BPMNEdge id="Flow_0790j5n_di" bpmnElement="Flow_0790j5n">
        <di:waypoint x="2120" y="355"/>
        <di:waypoint x="2120" y="540"/>
        <di:waypoint x="1450" y="540"/>
        <di:waypoint x="1450" y="660"/>
        <di:waypoint x="1280" y="660"/>
        <di:waypoint x="1280" y="690"/>
      </bpmndi:BPMNEdge>
      <bpmndi:BPMNEdge id="Flow_1lkkzes_di" bpmnElement="Flow_1lkkzes">
        <di:waypoint x="2310" y="-100"/>
        <di:waypoint x="2400" y="-100"/>
      </bpmndi:BPMNEdge>
      <bpmndi:BPMNEdge id="Flow_1l2qvmz_di" bpmnElement="Flow_1l2qvmz">
        <di:waypoint x="1660" y="350"/>
        <di:waypoint x="1810" y="350"/>
        <di:waypoint x="1810" y="100"/>
      </bpmndi:BPMNEdge>
      <bpmndi:BPMNEdge id="Flow_05kjh6y_di" bpmnElement="Flow_05kjh6y">
        <di:waypoint x="1610" y="85"/>
        <di:waypoint x="1610" y="310"/>
        <bpmndi:BPMNLabel>
          <dc:Bounds x="1614" y="260" width="23" height="14"/>
        </bpmndi:BPMNLabel>
      </bpmndi:BPMNEdge>
      <bpmndi:BPMNEdge id="Flow_1vwdgec_di" bpmnElement="Flow_1vwdgec">
        <di:waypoint x="950" y="585"/>
        <di:waypoint x="950" y="660"/>
        <di:waypoint x="1250" y="660"/>
        <di:waypoint x="1250" y="690"/>
        <bpmndi:BPMNLabel>
          <dc:Bounds x="1002" y="673" width="23" height="14"/>
        </bpmndi:BPMNLabel>
      </bpmndi:BPMNEdge>
      <bpmndi:BPMNEdge id="Flow_1446tbt_di" bpmnElement="Flow_1446tbt">
        <di:waypoint x="2120" y="85"/>
        <di:waypoint x="2120" y="305"/>
        <bpmndi:BPMNLabel>
          <dc:Bounds x="2048" y="230" width="85" height="40"/>
        </bpmndi:BPMNLabel>
      </bpmndi:BPMNEdge>
      <bpmndi:BPMNEdge id="Flow_0gs75zs_di" bpmnElement="Flow_0gs75zs">
        <di:waypoint x="1285" y="840"/>
        <di:waypoint x="1325" y="840"/>
      </bpmndi:BPMNEdge>
      <bpmndi:BPMNEdge id="Flow_07z9hld_di" bpmnElement="Flow_07z9hld">
        <di:waypoint x="1260" y="865"/>
        <di:waypoint x="1260" y="1035"/>
      </bpmndi:BPMNEdge>
      <bpmndi:BPMNEdge id="Flow_0yfvms4_di" bpmnElement="Flow_0yfvms4">
        <di:waypoint x="825" y="720"/>
        <di:waypoint x="800" y="720"/>
        <di:waypoint x="800" y="790"/>
        <di:waypoint x="1990" y="790"/>
        <di:waypoint x="1990" y="100"/>
        <bpmndi:BPMNLabel>
          <dc:Bounds x="874" y="1136" width="62" height="27"/>
        </bpmndi:BPMNLabel>
      </bpmndi:BPMNEdge>
      <bpmndi:BPMNEdge id="Flow_1xo3ttq_di" bpmnElement="Flow_1xo3ttq">
        <di:waypoint x="145" y="60"/>
        <di:waypoint x="900" y="60"/>
        <bpmndi:BPMNLabel>
          <dc:Bounds x="197" y="70" width="85" height="40"/>
        </bpmndi:BPMNLabel>
      </bpmndi:BPMNEdge>
      <bpmndi:BPMNEdge id="Flow_0ibux0d_di" bpmnElement="Flow_0ibux0d">
        <di:waypoint x="950" y="535"/>
        <di:waypoint x="950" y="100"/>
        <bpmndi:BPMNLabel>
          <dc:Bounds x="969" y="500" width="23" height="14"/>
        </bpmndi:BPMNLabel>
      </bpmndi:BPMNEdge>
      <bpmndi:BPMNEdge id="Flow_04497v0_di" bpmnElement="Flow_04497v0">
        <di:waypoint x="1300" y="60"/>
        <di:waypoint x="1360" y="60"/>
      </bpmndi:BPMNEdge>
      <bpmndi:BPMNEdge id="Flow_1vbewn4_di" bpmnElement="Flow_1vbewn4">
        <di:waypoint x="1260" y="1085"/>
        <di:waypoint x="1260" y="1122"/>
      </bpmndi:BPMNEdge>
      <bpmndi:BPMNEdge id="Flow_0zfxu97_di" bpmnElement="Flow_0zfxu97">
        <di:waypoint x="1610" y="695"/>
        <di:waypoint x="1610" y="620"/>
        <di:waypoint x="2120" y="620"/>
        <di:waypoint x="2120" y="680"/>
        <bpmndi:BPMNLabel>
          <dc:Bounds x="1834" y="588" width="62" height="27"/>
        </bpmndi:BPMNLabel>
      </bpmndi:BPMNEdge>
      <bpmndi:BPMNEdge id="Flow_0ge3yv2_di" bpmnElement="Flow_0ge3yv2">
        <di:waypoint x="1860" y="720"/>
        <di:waypoint x="2070" y="720"/>
      </bpmndi:BPMNEdge>
      <bpmndi:BPMNEdge id="Flow_0yfdts2_di" bpmnElement="Flow_0yfdts2">
        <di:waypoint x="1070" y="1070"/>
        <di:waypoint x="1112" y="1070"/>
      </bpmndi:BPMNEdge>
      <bpmndi:BPMNEdge id="Flow_01zb5xk_di" bpmnElement="Flow_01zb5xk">
        <di:waypoint x="460" y="320"/>
        <di:waypoint x="532" y="320"/>
      </bpmndi:BPMNEdge>
      <bpmndi:BPMNEdge id="Flow_1xrbweb_di" bpmnElement="Flow_1xrbweb">
        <di:waypoint x="2120" y="35"/>
        <di:waypoint x="2120" y="10"/>
        <di:waypoint x="2362" y="10"/>
        <bpmndi:BPMNLabel>
          <dc:Bounds x="2148" y="23" width="82" height="14"/>
        </bpmndi:BPMNLabel>
      </bpmndi:BPMNEdge>
      <bpmndi:BPMNEdge id="Flow_0tfi96i_di" bpmnElement="Flow_0tfi96i">
        <di:waypoint x="1285" y="1060"/>
        <di:waypoint x="1650" y="1060"/>
        <bpmndi:BPMNLabel>
          <dc:Bounds x="1298" y="1073" width="82" height="14"/>
        </bpmndi:BPMNLabel>
      </bpmndi:BPMNEdge>
      <bpmndi:BPMNEdge id="Flow_0t0dbmd_di" bpmnElement="Flow_0t0dbmd">
        <di:waypoint x="1260" y="770"/>
        <di:waypoint x="1260" y="815"/>
      </bpmndi:BPMNEdge>
      <bpmndi:BPMNEdge id="Flow_16tv404_di" bpmnElement="Flow_16tv404">
        <di:waypoint x="2145" y="60"/>
        <di:waypoint x="2270" y="60"/>
        <di:waypoint x="2270" y="410"/>
        <bpmndi:BPMNLabel>
          <dc:Bounds x="2179" y="76" width="62" height="27"/>
        </bpmndi:BPMNLabel>
      </bpmndi:BPMNEdge>
      <bpmndi:BPMNEdge id="Flow_0damta5_di" bpmnElement="Flow_0damta5">
        <di:waypoint x="120" y="35"/>
        <di:waypoint x="120" y="-90"/>
        <di:waypoint x="1970" y="-90"/>
        <di:waypoint x="1970" y="20"/>
        <bpmndi:BPMNLabel>
          <dc:Bounds x="199" y="-67" width="82" height="14"/>
        </bpmndi:BPMNLabel>
      </bpmndi:BPMNEdge>
      <bpmndi:BPMNEdge id="Flow_0sbguev_di" bpmnElement="Flow_0sbguev">
        <di:waypoint x="1860" y="60"/>
        <di:waypoint x="1920" y="60"/>
      </bpmndi:BPMNEdge>
      <bpmndi:BPMNEdge id="Flow_0zndn2u_di" bpmnElement="Flow_0zndn2u">
        <di:waypoint x="850" y="745"/>
        <di:waypoint x="850" y="1070"/>
        <di:waypoint x="970" y="1070"/>
        <bpmndi:BPMNLabel>
          <dc:Bounds x="886" y="1076" width="62" height="27"/>
        </bpmndi:BPMNLabel>
      </bpmndi:BPMNEdge>
      <bpmndi:BPMNEdge id="Flow_1v9m0w3_di" bpmnElement="Flow_1v9m0w3">
        <di:waypoint x="875" y="720"/>
        <di:waypoint x="970" y="720"/>
        <bpmndi:BPMNLabel>
          <dc:Bounds x="883" y="736" width="62" height="27"/>
        </bpmndi:BPMNLabel>
      </bpmndi:BPMNEdge>
      <bpmndi:BPMNEdge id="Flow_14aod4w_di" bpmnElement="Flow_14aod4w">
        <di:waypoint x="975" y="560"/>
        <di:waypoint x="1050" y="560"/>
        <bpmndi:BPMNLabel>
          <dc:Bounds x="999" y="573" width="23" height="14"/>
        </bpmndi:BPMNLabel>
      </bpmndi:BPMNEdge>
      <bpmndi:BPMNEdge id="Flow_1j4ri03_di" bpmnElement="Flow_1j4ri03">
        <di:waypoint x="240" y="535"/>
        <di:waypoint x="240" y="490"/>
        <di:waypoint x="720" y="490"/>
        <di:waypoint x="720" y="520"/>
        <bpmndi:BPMNLabel>
          <dc:Bounds x="450" y="493" width="62" height="27"/>
        </bpmndi:BPMNLabel>
      </bpmndi:BPMNEdge>
      <bpmndi:BPMNEdge id="Flow_12e89n9_di" bpmnElement="Flow_12e89n9">
        <di:waypoint x="600" y="560"/>
        <di:waypoint x="670" y="560"/>
      </bpmndi:BPMNEdge>
      <bpmndi:BPMNEdge id="Flow_0aotdb8_di" bpmnElement="Flow_0aotdb8">
        <di:waypoint x="410" y="560"/>
        <di:waypoint x="500" y="560"/>
      </bpmndi:BPMNEdge>
      <bpmndi:BPMNEdge id="Flow_1bhmh60_di" bpmnElement="Flow_1bhmh60">
        <di:waypoint x="770" y="560"/>
        <di:waypoint x="825" y="560"/>
      </bpmndi:BPMNEdge>
      <bpmndi:BPMNEdge id="Flow_1x7ni9o_di" bpmnElement="Flow_1x7ni9o">
        <di:waypoint x="265" y="560"/>
        <di:waypoint x="310" y="560"/>
        <bpmndi:BPMNLabel>
          <dc:Bounds x="277" y="573" width="23" height="14"/>
        </bpmndi:BPMNLabel>
      </bpmndi:BPMNEdge>
      <bpmndi:BPMNEdge id="Flow_09itwfy_di" bpmnElement="Flow_09itwfy">
        <di:waypoint x="295" y="320"/>
        <di:waypoint x="360" y="320"/>
        <bpmndi:BPMNLabel>
          <dc:Bounds x="292" y="333" width="54" height="14"/>
        </bpmndi:BPMNLabel>
      </bpmndi:BPMNEdge>
      <bpmndi:BPMNEdge id="Flow_1x3titl_di" bpmnElement="Flow_1x3titl">
        <di:waypoint x="-260" y="560"/>
        <di:waypoint x="-190" y="560"/>
      </bpmndi:BPMNEdge>
      <bpmndi:BPMNEdge id="Flow_1mji9z1_di" bpmnElement="Flow_1mji9z1">
        <di:waypoint x="1300" y="560"/>
        <di:waypoint x="1392" y="560"/>
      </bpmndi:BPMNEdge>
      <bpmndi:BPMNEdge id="Flow_1kfpagr_di" bpmnElement="Flow_1kfpagr">
        <di:waypoint x="460" y="430"/>
        <di:waypoint x="532" y="430"/>
      </bpmndi:BPMNEdge>
      <bpmndi:BPMNEdge id="Flow_0sdiw9w_di" bpmnElement="Flow_0sdiw9w">
        <di:waypoint x="270" y="345"/>
        <di:waypoint x="270" y="430"/>
        <di:waypoint x="360" y="430"/>
        <bpmndi:BPMNLabel>
          <dc:Bounds x="292" y="443" width="54" height="14"/>
        </bpmndi:BPMNLabel>
      </bpmndi:BPMNEdge>
      <bpmndi:BPMNEdge id="Flow_06ztnim_di" bpmnElement="Flow_06ztnim">
        <di:waypoint x="1635" y="720"/>
        <di:waypoint x="1760" y="720"/>
        <bpmndi:BPMNLabel>
          <dc:Bounds x="1648" y="720" width="83" height="40"/>
        </bpmndi:BPMNLabel>
      </bpmndi:BPMNEdge>
      <bpmndi:BPMNEdge id="Flow_00h3jmo_di" bpmnElement="Flow_00h3jmo">
        <di:waypoint x="1070" y="730"/>
        <di:waypoint x="1210" y="730"/>
      </bpmndi:BPMNEdge>
      <bpmndi:BPMNEdge id="Flow_0rdpwhb_di" bpmnElement="Flow_0rdpwhb">
        <di:waypoint x="850" y="585"/>
        <di:waypoint x="850" y="695"/>
        <bpmndi:BPMNLabel>
          <dc:Bounds x="789" y="594" width="62" height="27"/>
        </bpmndi:BPMNLabel>
      </bpmndi:BPMNEdge>
      <bpmndi:BPMNEdge id="Flow_0th99hp_di" bpmnElement="Flow_0th99hp">
        <di:waypoint x="1150" y="560"/>
        <di:waypoint x="1200" y="560"/>
      </bpmndi:BPMNEdge>
      <bpmndi:BPMNEdge id="Flow_1bppmqa_di" bpmnElement="Flow_1bppmqa">
        <di:waypoint x="875" y="560"/>
        <di:waypoint x="925" y="560"/>
        <bpmndi:BPMNLabel>
          <dc:Bounds x="896" y="573" width="23" height="14"/>
        </bpmndi:BPMNLabel>
      </bpmndi:BPMNEdge>
      <bpmndi:BPMNEdge id="Flow_0ffmgw1_di" bpmnElement="Flow_0ffmgw1">
        <di:waypoint x="160" y="560"/>
        <di:waypoint x="215" y="560"/>
      </bpmndi:BPMNEdge>
      <bpmndi:BPMNEdge id="Flow_1r5e1oz_di" bpmnElement="Flow_1r5e1oz">
        <di:waypoint x="120" y="85"/>
        <di:waypoint x="120" y="320"/>
        <di:waypoint x="245" y="320"/>
        <bpmndi:BPMNLabel>
          <dc:Bounds x="163" y="333" width="54" height="14"/>
        </bpmndi:BPMNLabel>
      </bpmndi:BPMNEdge>
      <bpmndi:BPMNEdge id="Flow_1jzcolu_di" bpmnElement="Flow_1jzcolu">
        <di:waypoint x="110" y="75"/>
        <di:waypoint x="110" y="520"/>
        <bpmndi:BPMNLabel>
          <dc:Bounds x="40" y="269" width="62" height="27"/>
        </bpmndi:BPMNLabel>
      </bpmndi:BPMNEdge>
      <bpmndi:BPMNEdge id="Flow_1iade0r_di" bpmnElement="Flow_1iade0r">
        <di:waypoint x="15" y="560"/>
        <di:waypoint x="60" y="560"/>
        <bpmndi:BPMNLabel>
          <dc:Bounds x="24" y="573" width="23" height="14"/>
        </bpmndi:BPMNLabel>
      </bpmndi:BPMNEdge>
      <bpmndi:BPMNEdge id="Flow_0rkc1a9_di" bpmnElement="Flow_0rkc1a9">
        <di:waypoint x="2020" y="60"/>
        <di:waypoint x="2095" y="60"/>
      </bpmndi:BPMNEdge>
      <bpmndi:BPMNEdge id="Flow_1t3uq0v_di" bpmnElement="Flow_1t3uq0v">
        <di:waypoint x="1635" y="60"/>
        <di:waypoint x="1760" y="60"/>
        <bpmndi:BPMNLabel>
          <dc:Bounds x="1657" y="70" width="85" height="40"/>
        </bpmndi:BPMNLabel>
      </bpmndi:BPMNEdge>
      <bpmndi:BPMNEdge id="Flow_03mxse3_di" bpmnElement="Flow_03mxse3">
        <di:waypoint x="1460" y="60"/>
        <di:waypoint x="1585" y="60"/>
      </bpmndi:BPMNEdge>
      <bpmndi:BPMNEdge id="Flow_06ejuqn_di" bpmnElement="Flow_06ejuqn">
        <di:waypoint x="1150" y="60"/>
        <di:waypoint x="1200" y="60"/>
      </bpmndi:BPMNEdge>
      <bpmndi:BPMNEdge id="Flow_1ena26l_di" bpmnElement="Flow_1ena26l">
        <di:waypoint x="1000" y="60"/>
        <di:waypoint x="1050" y="60"/>
      </bpmndi:BPMNEdge>
      <bpmndi:BPMNEdge id="Flow_0vyu2ra_di" bpmnElement="Flow_0vyu2ra">
        <di:waypoint x="40" y="60"/>
        <di:waypoint x="95" y="60"/>
      </bpmndi:BPMNEdge>
      <bpmndi:BPMNEdge id="Flow_0jyi6t3_di" bpmnElement="Flow_0jyi6t3">
        <di:waypoint x="-10" y="535"/>
        <di:waypoint x="-10" y="100"/>
        <bpmndi:BPMNLabel>
          <dc:Bounds x="-81" y="369" width="62" height="14"/>
        </bpmndi:BPMNLabel>
      </bpmndi:BPMNEdge>
      <bpmndi:BPMNEdge id="Flow_1w2wsn5_di" bpmnElement="Flow_1w2wsn5">
        <di:waypoint x="-90" y="560"/>
        <di:waypoint x="-35" y="560"/>
      </bpmndi:BPMNEdge>
      <bpmndi:BPMNEdge id="Flow_0t42v24_di" bpmnElement="Flow_0t42v24">
        <di:waypoint x="-432" y="560"/>
        <di:waypoint x="-360" y="560"/>
        <bpmndi:BPMNLabel>
          <dc:Bounds x="-355" y="616" width="90" height="14"/>
        </bpmndi:BPMNLabel>
      </bpmndi:BPMNEdge>
      <bpmndi:BPMNEdge id="Flow_08nbp3w_di" bpmnElement="Flow_08nbp3w">
        <di:waypoint x="2320" y="480"/>
        <di:waypoint x="2385" y="480"/>
      </bpmndi:BPMNEdge>
      <bpmndi:BPMNEdge id="Flow_1gqz9rw_di" bpmnElement="Flow_1gqz9rw">
        <di:waypoint x="2410" y="505"/>
        <di:waypoint x="2410" y="695"/>
      </bpmndi:BPMNEdge>
      <bpmndi:BPMNShape id="_BPMNShape_StartEvent_2" bpmnElement="StartEvent_1">
        <dc:Bounds x="-468" y="542" width="36" height="36"/>
      </bpmndi:BPMNShape>
      <bpmndi:BPMNShape id="Activity_1qesyna_di" bpmnElement="Activity_1qesyna">
        <dc:Bounds x="-60" y="20" width="100" height="80"/>
      </bpmndi:BPMNShape>
      <bpmndi:BPMNShape id="Activity_0djsefe_di" bpmnElement="Activity_0djsefe">
        <dc:Bounds x="900" y="20" width="100" height="80"/>
      </bpmndi:BPMNShape>
      <bpmndi:BPMNShape id="Activity_0x6vz6l_di" bpmnElement="Activity_0x6vz6l">
        <dc:Bounds x="1050" y="20" width="100" height="80"/>
      </bpmndi:BPMNShape>
      <bpmndi:BPMNShape id="Activity_0ggecpx_di" bpmnElement="Activity_0ggecpx">
        <dc:Bounds x="1360" y="20" width="100" height="80"/>
      </bpmndi:BPMNShape>
      <bpmndi:BPMNShape id="Activity_11k57w0_di" bpmnElement="Activity_11k57w0">
        <dc:Bounds x="1920" y="20" width="100" height="80"/>
      </bpmndi:BPMNShape>
      <bpmndi:BPMNShape id="Gateway_1sfzhk9_di" bpmnElement="Gateway_0dzzfuf" isMarkerVisible="true">
        <dc:Bounds x="-35" y="535" width="50" height="50"/>
        <bpmndi:BPMNLabel>
          <dc:Bounds x="-35" y="595" width="53" height="14"/>
        </bpmndi:BPMNLabel>
      </bpmndi:BPMNShape>
      <bpmndi:BPMNShape id="Gateway_1mwyh29_di" bpmnElement="Gateway_0immg4a" isMarkerVisible="true">
        <dc:Bounds x="1585" y="35" width="50" height="50"/>
        <bpmndi:BPMNLabel>
          <dc:Bounds x="1584" y="5" width="53" height="14"/>
        </bpmndi:BPMNLabel>
      </bpmndi:BPMNShape>
      <bpmndi:BPMNShape id="Activity_0ycn462_di" bpmnElement="Activity_0ycn462">
        <dc:Bounds x="60" y="520" width="100" height="80"/>
      </bpmndi:BPMNShape>
      <bpmndi:BPMNShape id="Activity_133m63s_di" bpmnElement="Activity_133m63s">
        <dc:Bounds x="360" y="280" width="100" height="80"/>
      </bpmndi:BPMNShape>
      <bpmndi:BPMNShape id="Gateway_0sawxie_di" bpmnElement="Gateway_0sawxie" isMarkerVisible="true">
        <dc:Bounds x="825" y="535" width="50" height="50"/>
        <bpmndi:BPMNLabel>
          <dc:Bounds x="774" y="573" width="53" height="14"/>
        </bpmndi:BPMNLabel>
      </bpmndi:BPMNShape>
      <bpmndi:BPMNShape id="Activity_0r1m4zt_di" bpmnElement="Activity_0r1m4zt">
        <dc:Bounds x="1050" y="520" width="100" height="80"/>
      </bpmndi:BPMNShape>
      <bpmndi:BPMNShape id="Activity_0y8ig7t_di" bpmnElement="Activity_0y8ig7t">
        <dc:Bounds x="1200" y="520" width="100" height="80"/>
      </bpmndi:BPMNShape>
      <bpmndi:BPMNShape id="Activity_1u84u2z_di" bpmnElement="Activity_1u84u2z">
        <dc:Bounds x="970" y="680" width="100" height="80"/>
      </bpmndi:BPMNShape>
      <bpmndi:BPMNShape id="Activity_1yghlm7_di" bpmnElement="Activity_1yghlm7">
        <dc:Bounds x="970" y="1030" width="100" height="80"/>
      </bpmndi:BPMNShape>
      <bpmndi:BPMNShape id="Activity_1adqlgz_di" bpmnElement="Activity_1adqlgz">
        <dc:Bounds x="1210" y="690" width="100" height="80"/>
      </bpmndi:BPMNShape>
      <bpmndi:BPMNShape id="Activity_13fs7ar_di" bpmnElement="Activity_13fs7ar">
        <dc:Bounds x="2070" y="680" width="100" height="80"/>
      </bpmndi:BPMNShape>
      <bpmndi:BPMNShape id="Gateway_1u8bnin_di" bpmnElement="Gateway_1u8bnin" isMarkerVisible="true">
        <dc:Bounds x="1585" y="695" width="50" height="50"/>
        <bpmndi:BPMNLabel>
          <dc:Bounds x="1585" y="752" width="53" height="14"/>
        </bpmndi:BPMNLabel>
      </bpmndi:BPMNShape>
      <bpmndi:BPMNShape id="Activity_0u4rn5s_di" bpmnElement="Activity_0u4rn5s">
        <dc:Bounds x="1360" y="680" width="100" height="80"/>
      </bpmndi:BPMNShape>
      <bpmndi:BPMNShape id="Activity_1qgc3iu_di" bpmnElement="Activity_1qgc3iu">
        <dc:Bounds x="1760" y="680" width="100" height="80"/>
      </bpmndi:BPMNShape>
      <bpmndi:BPMNShape id="Activity_109lug5_di" bpmnElement="Activity_109lug5">
        <dc:Bounds x="360" y="390" width="100" height="80"/>
      </bpmndi:BPMNShape>
      <bpmndi:BPMNShape id="Activity_13ska1a_di" bpmnElement="Activity_13ska1a">
        <dc:Bounds x="-360" y="520" width="100" height="80"/>
      </bpmndi:BPMNShape>
      <bpmndi:BPMNShape id="Event_1p3cyys_di" bpmnElement="Event_1p3cyys">
        <dc:Bounds x="1392" y="542" width="36" height="36"/>
      </bpmndi:BPMNShape>
      <bpmndi:BPMNShape id="Gateway_1mfg8bd_di" bpmnElement="Gateway_00tq2io">
        <dc:Bounds x="245" y="295" width="50" height="50"/>
      </bpmndi:BPMNShape>
      <bpmndi:BPMNShape id="Event_06mf1ji_di" bpmnElement="Event_06mf1ji">
        <dc:Bounds x="532" y="412" width="36" height="36"/>
      </bpmndi:BPMNShape>
      <bpmndi:BPMNShape id="Gateway_1964d7i_di" bpmnElement="Gateway_1964d7i" isMarkerVisible="true">
        <dc:Bounds x="215" y="535" width="50" height="50"/>
        <bpmndi:BPMNLabel>
          <dc:Bounds x="214" y="592" width="53" height="14"/>
        </bpmndi:BPMNLabel>
      </bpmndi:BPMNShape>
      <bpmndi:BPMNShape id="Activity_12pbhfy_di" bpmnElement="Activity_12pbhfy">
        <dc:Bounds x="310" y="520" width="100" height="80"/>
      </bpmndi:BPMNShape>
      <bpmndi:BPMNShape id="Activity_0u431yw_di" bpmnElement="Activity_0u431yw">
        <dc:Bounds x="500" y="520" width="100" height="80"/>
      </bpmndi:BPMNShape>
      <bpmndi:BPMNShape id="Activity_19rvrhd_di" bpmnElement="Activity_19rvrhd">
        <dc:Bounds x="670" y="520" width="100" height="80"/>
      </bpmndi:BPMNShape>
      <bpmndi:BPMNShape id="Gateway_00kuqgp_di" bpmnElement="Gateway_0wem36c">
        <dc:Bounds x="925" y="535" width="50" height="50"/>
      </bpmndi:BPMNShape>
      <bpmndi:BPMNShape id="Gateway_1pfjzlk_di" bpmnElement="Gateway_0v17reo">
        <dc:Bounds x="825" y="695" width="50" height="50"/>
      </bpmndi:BPMNShape>
      <bpmndi:BPMNShape id="Activity_0vxirg7_di" bpmnElement="Activity_0vxirg7">
        <dc:Bounds x="1760" y="20" width="100" height="80"/>
      </bpmndi:BPMNShape>
      <bpmndi:BPMNShape id="Gateway_01jrqco_di" bpmnElement="Gateway_12ast2m" isMarkerVisible="true">
        <dc:Bounds x="2095" y="35" width="50" height="50"/>
        <bpmndi:BPMNLabel>
          <dc:Bounds x="2064" y="23" width="53" height="14"/>
        </bpmndi:BPMNLabel>
      </bpmndi:BPMNShape>
      <bpmndi:BPMNShape id="Activity_0ciiwu4_di" bpmnElement="Activity_0ciiwu4">
        <dc:Bounds x="2220" y="410" width="100" height="80"/>
      </bpmndi:BPMNShape>
      <bpmndi:BPMNShape id="Gateway_0mariek_di" bpmnElement="Gateway_0mariek" isMarkerVisible="true">
        <dc:Bounds x="1235" y="1035" width="50" height="50"/>
        <bpmndi:BPMNLabel>
          <dc:Bounds x="1194" y="1073" width="53" height="14"/>
        </bpmndi:BPMNLabel>
      </bpmndi:BPMNShape>
      <bpmndi:BPMNShape id="Activity_0cj4o1m_di" bpmnElement="Activity_0cj4o1m">
        <dc:Bounds x="1650" y="1020" width="100" height="80"/>
      </bpmndi:BPMNShape>
      <bpmndi:BPMNShape id="Event_16gl4wq_di" bpmnElement="Event_16gl4wq">
        <dc:Bounds x="532" y="302" width="36" height="36"/>
      </bpmndi:BPMNShape>
      <bpmndi:BPMNShape id="Event_1vnx3o1_di" bpmnElement="Event_1vnx3o1">
        <dc:Bounds x="1112" y="1052" width="36" height="36"/>
      </bpmndi:BPMNShape>
      <bpmndi:BPMNShape id="Event_17ldbd2_di" bpmnElement="Event_17ldbd2">
        <dc:Bounds x="1242" y="1122" width="36" height="36"/>
      </bpmndi:BPMNShape>
      <bpmndi:BPMNShape id="Activity_1xyjyfp_di" bpmnElement="Activity_1r0xegg">
        <dc:Bounds x="-190" y="520" width="100" height="80"/>
      </bpmndi:BPMNShape>
      <bpmndi:BPMNShape id="Activity_01ossx6_di" bpmnElement="Activity_01ossx6">
        <dc:Bounds x="1200" y="20" width="100" height="80"/>
      </bpmndi:BPMNShape>
      <bpmndi:BPMNShape id="Gateway_0aecusk_di" bpmnElement="Gateway_0vbv9mm">
        <dc:Bounds x="1235" y="815" width="50" height="50"/>
      </bpmndi:BPMNShape>
      <bpmndi:BPMNShape id="Activity_10xkdko_di" bpmnElement="Activity_10xkdko">
        <dc:Bounds x="1560" y="310" width="100" height="80"/>
      </bpmndi:BPMNShape>
      <bpmndi:BPMNShape id="Activity_0k98nqm_di" bpmnElement="Activity_0k98nqm">
        <dc:Bounds x="2400" y="-140" width="100" height="80"/>
      </bpmndi:BPMNShape>
      <bpmndi:BPMNShape id="Activity_055rysu_di" bpmnElement="Activity_0mezvz9">
        <dc:Bounds x="2210" y="-140" width="100" height="80"/>
      </bpmndi:BPMNShape>
      <bpmndi:BPMNShape id="Gateway_09et2zz_di" bpmnElement="Gateway_11g0stp">
        <dc:Bounds x="2095" y="305" width="50" height="50"/>
      </bpmndi:BPMNShape>
      <bpmndi:BPMNShape id="Gateway_118fsqh_di" bpmnElement="Gateway_118fsqh" isMarkerVisible="true">
        <dc:Bounds x="1325" y="815" width="50" height="50"/>
      </bpmndi:BPMNShape>
      <bpmndi:BPMNShape id="Gateway_12xuyi3_di" bpmnElement="Gateway_1kshyrv">
        <dc:Bounds x="95" y="35" width="50" height="50"/>
        <bpmndi:BPMNLabel>
          <dc:Bounds x="64" y="-27" width="53" height="14"/>
        </bpmndi:BPMNLabel>
      </bpmndi:BPMNShape>
      <bpmndi:BPMNShape id="Activity_03fwtlk_di" bpmnElement="Activity_1ktznak">
        <dc:Bounds x="360" y="140" width="100" height="80"/>
      </bpmndi:BPMNShape>
      <bpmndi:BPMNShape id="Event_0honga2_di" bpmnElement="Event_0honga2">
        <dc:Bounds x="552" y="162" width="36" height="36"/>
      </bpmndi:BPMNShape>
      <bpmndi:BPMNShape id="Event_0neat7r_di" bpmnElement="Event_0neat7r">
        <dc:Bounds x="1962" y="1042" width="36" height="36"/>
      </bpmndi:BPMNShape>
      <bpmndi:BPMNShape id="Event_10k916y_di" bpmnElement="Event_0bk4dl7">
        <dc:Bounds x="2532" y="702" width="36" height="36"/>
      </bpmndi:BPMNShape>
      <bpmndi:BPMNShape id="Event_1kezcip_di" bpmnElement="Event_0h30193">
        <dc:Bounds x="2362" y="-8" width="36" height="36"/>
      </bpmndi:BPMNShape>
      <bpmndi:BPMNShape id="Gateway_15klzl1_di" bpmnElement="Gateway_1o0pbvm">
        <dc:Bounds x="2385" y="695" width="50" height="50"/>
      </bpmndi:BPMNShape>
      <bpmndi:BPMNShape id="Gateway_0li8w6u_di" bpmnElement="Gateway_0ked52m">
        <dc:Bounds x="2385" y="455" width="50" height="50"/>
      </bpmndi:BPMNShape>
    </bpmndi:BPMNPlane>
  </bpmndi:BPMNDiagram>
</bpmn2:definitions>