<?xml version="1.0" encoding="UTF-8"?><bpmn2:definitions xmlns:bpmn2="http://www.omg.org/spec/BPMN/20100524/MODEL" xmlns:bpmndi="http://www.omg.org/spec/BPMN/20100524/DI" xmlns:camunda="http://camunda.org/schema/1.0/bpmn" xmlns:dc="http://www.omg.org/spec/DD/20100524/DC" xmlns:di="http://www.omg.org/spec/DD/20100524/DI" xmlns:xsi="http://www.w3.org/2001/XMLSchema-instance" id="sample-diagram" targetNamespace="http://bpmn.io/schema/bpmn" xsi:schemaLocation="http://www.omg.org/spec/BPMN/20100524/MODEL BPMN20.xsd">
  <bpmn2:process id="WSTransportMTFinal535_Copy" name="WS_Transport_MTFinal" processType="None" isClosed="false" isExecutable="true">
    <bpmn2:extensionElements>
      <camunda:properties>
        <camunda:property name="workOrderIDPrefix" value="WS"/>
      </camunda:properties>
    </bpmn2:extensionElements>
    <bpmn2:startEvent id="StartEvent_1">
      <bpmn2:outgoing>Flow_1fh079a</bpmn2:outgoing>
    </bpmn2:startEvent>
    <bpmn2:sequenceFlow id="Flow_1fh079a" sourceRef="StartEvent_1" targetRef="Activity_12c27sl"/>
    <bpmn2:exclusiveGateway id="Gateway_1swji9j">
      <bpmn2:incoming>Flow_12692w3</bpmn2:incoming>
      <bpmn2:outgoing>Flow_0altgxj</bpmn2:outgoing>
      <bpmn2:outgoing>Flow_0gyijyx</bpmn2:outgoing>
    </bpmn2:exclusiveGateway>
    <bpmn2:sequenceFlow id="Flow_12692w3" sourceRef="Activity_12c27sl" targetRef="Gateway_1swji9j"/>
    <bpmn2:sequenceFlow id="Flow_0altgxj" name="CRAN Build&#10;or CRAN Buy" sourceRef="Gateway_1swji9j" targetRef="Activity_0z6jeo9">
      <bpmn2:conditionExpression xsi:type="bpmn2:tFormalExpression">${(ScopeVariable == "CRAN Build") || (ScopeVariable == "CRAN Buy")}</bpmn2:conditionExpression>
    </bpmn2:sequenceFlow>
    <bpmn2:userTask id="Activity_0z6jeo9" name="Wait for Primary Site C.A (SS010)" implementation="##unspecified">
      <bpmn2:incoming>Flow_0altgxj</bpmn2:incoming>
      <bpmn2:outgoing>Flow_0b7imyq</bpmn2:outgoing>
    </bpmn2:userTask>
    <bpmn2:sequenceFlow id="Flow_0b7imyq" sourceRef="Activity_0z6jeo9" targetRef="Gateway_0j8y90m"/>
    <bpmn2:userTask id="Activity_0m81j84" name="RE098 Conduct Initial Transport F.W" implementation="##unspecified">
      <bpmn2:incoming>Flow_0q1xoij</bpmn2:incoming>
      <bpmn2:outgoing>Flow_10cp34m</bpmn2:outgoing>
    </bpmn2:userTask>
    <bpmn2:userTask id="Activity_1mltr65" name="RE095 Receive Fronthaul F.TNTP" implementation="##unspecified">
      <bpmn2:incoming>Flow_10cp34m</bpmn2:incoming>
      <bpmn2:outgoing>Flow_09s0oww</bpmn2:outgoing>
    </bpmn2:userTask>
    <bpmn2:sequenceFlow id="Flow_10cp34m" sourceRef="Activity_0m81j84" targetRef="Activity_1mltr65"/>
    <bpmn2:userTask id="Activity_0lpwx33" name="Wait for NAM  S.S (SS098)" implementation="##unspecified">
      <bpmn2:incoming>Flow_1jw74xl</bpmn2:incoming>
      <bpmn2:outgoing>Flow_0kjjt13</bpmn2:outgoing>
    </bpmn2:userTask>
    <bpmn2:userTask id="Activity_14jwmlg" name="Wait for RBS Data Entered (CI004)" implementation="##unspecified">
      <bpmn2:incoming>Flow_0gyijyx</bpmn2:incoming>
      <bpmn2:outgoing>Flow_09t766a</bpmn2:outgoing>
    </bpmn2:userTask>
    <bpmn2:sequenceFlow id="Flow_0gyijyx" name="NSB, CBAND, LTE 1C, LTE 2C, LTE BWE" sourceRef="Gateway_1swji9j" targetRef="Activity_14jwmlg">
      <bpmn2:conditionExpression xsi:type="bpmn2:tFormalExpression">${(ScopeVariable == "NSB") || (ScopeVariable == "CBAND") || (ScopeVariable == "LTE 1C") || (ScopeVariable == "LTE 2C") || (ScopeVariable == "LTE BWE")}</bpmn2:conditionExpression>
    </bpmn2:sequenceFlow>
    <bpmn2:sequenceFlow id="Flow_09t766a" sourceRef="Activity_14jwmlg" targetRef="Gateway_038tyni"/>
    <bpmn2:userTask id="Activity_1c8p4rt" name="CI203 Submit IWOS" implementation="##unspecified">
      <bpmn2:incoming>Flow_0im7av3</bpmn2:incoming>
      <bpmn2:incoming>Flow_13gdjbk</bpmn2:incoming>
      <bpmn2:outgoing>Flow_1e3y7vu</bpmn2:outgoing>
    </bpmn2:userTask>
    <bpmn2:exclusiveGateway id="Gateway_0tsygjv" default="Flow_06lwwyg">
      <bpmn2:incoming>Flow_1e3y7vu</bpmn2:incoming>
      <bpmn2:outgoing>Flow_1u3umwx</bpmn2:outgoing>
      <bpmn2:outgoing>Flow_0hoj1lq</bpmn2:outgoing>
      <bpmn2:outgoing>Flow_06lwwyg</bpmn2:outgoing>
    </bpmn2:exclusiveGateway>
    <bpmn2:sequenceFlow id="Flow_1e3y7vu" sourceRef="Activity_1c8p4rt" targetRef="Gateway_0tsygjv"/>
    <bpmn2:userTask id="Activity_133k708" name="Send Message Prepare Site (CI118)" implementation="##unspecified">
      <bpmn2:incoming>Flow_1u3umwx</bpmn2:incoming>
      <bpmn2:incoming>Flow_0j801q0</bpmn2:incoming>
      <bpmn2:outgoing>Flow_0vq2nl2</bpmn2:outgoing>
    </bpmn2:userTask>
    <bpmn2:sequenceFlow id="Flow_1u3umwx" name="CBAND&#10;or LTE 2C" sourceRef="Gateway_0tsygjv" targetRef="Activity_133k708">
      <bpmn2:conditionExpression xsi:type="bpmn2:tFormalExpression">${(ScopeVariable == "CBAND") || (ScopeVariable == "LTE 2C")}</bpmn2:conditionExpression>
    </bpmn2:sequenceFlow>
    <bpmn2:userTask id="Activity_0joa6ys" name="Send Message Prepare (CI116)" implementation="##unspecified">
      <bpmn2:incoming>Flow_0hoj1lq</bpmn2:incoming>
      <bpmn2:outgoing>Flow_11e9mkm</bpmn2:outgoing>
    </bpmn2:userTask>
    <bpmn2:sequenceFlow id="Flow_0hoj1lq" name="NSB" sourceRef="Gateway_0tsygjv" targetRef="Activity_0joa6ys">
      <bpmn2:conditionExpression xsi:type="bpmn2:tFormalExpression">${ScopeVariable == "NSB"}</bpmn2:conditionExpression>
    </bpmn2:sequenceFlow>
    <bpmn2:endEvent id="Event_1b5vqle">
      <bpmn2:incoming>Flow_0vq2nl2</bpmn2:incoming>
      <bpmn2:incoming>Flow_11e9mkm</bpmn2:incoming>
      <bpmn2:incoming>Flow_06lwwyg</bpmn2:incoming>
    </bpmn2:endEvent>
    <bpmn2:sequenceFlow id="Flow_0vq2nl2" sourceRef="Activity_133k708" targetRef="Event_1b5vqle"/>
    <bpmn2:sequenceFlow id="Flow_11e9mkm" sourceRef="Activity_0joa6ys" targetRef="Event_1b5vqle"/>
    <bpmn2:userTask id="Activity_03ysm5t" name="CI042 Deliver Transport" implementation="##unspecified">
      <bpmn2:incoming>Flow_1vhnjm1</bpmn2:incoming>
      <bpmn2:incoming>Flow_1698c7p</bpmn2:incoming>
      <bpmn2:incoming>Flow_0ppxgbd</bpmn2:incoming>
      <bpmn2:incoming>Flow_1smryf7</bpmn2:incoming>
      <bpmn2:incoming>Flow_0ifcqmp</bpmn2:incoming>
      <bpmn2:incoming>Flow_11zw4fa</bpmn2:incoming>
      <bpmn2:incoming>Flow_05oimc9</bpmn2:incoming>
      <bpmn2:outgoing>Flow_1wlatv4</bpmn2:outgoing>
    </bpmn2:userTask>
    <bpmn2:userTask id="Activity_105rvbe" name="CI001 Ready Site for Transport Delivery" implementation="##unspecified">
      <bpmn2:incoming>Flow_1vwzmw8</bpmn2:incoming>
      <bpmn2:outgoing>Flow_0voaqw9</bpmn2:outgoing>
    </bpmn2:userTask>
    <bpmn2:parallelGateway id="Gateway_038tyni">
      <bpmn2:incoming>Flow_09t766a</bpmn2:incoming>
      <bpmn2:outgoing>Flow_03sbv76</bpmn2:outgoing>
      <bpmn2:outgoing>Flow_07q1tmd</bpmn2:outgoing>
    </bpmn2:parallelGateway>
    <bpmn2:exclusiveGateway id="Gateway_1unr8j1">
      <bpmn2:incoming>Flow_03sbv76</bpmn2:incoming>
      <bpmn2:outgoing>Flow_0sks3a8</bpmn2:outgoing>
      <bpmn2:outgoing>Flow_1jqi9nq</bpmn2:outgoing>
    </bpmn2:exclusiveGateway>
    <bpmn2:sequenceFlow id="Flow_03sbv76" sourceRef="Gateway_038tyni" targetRef="Gateway_1unr8j1"/>
    <bpmn2:userTask id="Activity_0ksr0nf" name="Wait for Cabinet (CI272)" implementation="##unspecified">
      <bpmn2:incoming>Flow_0sks3a8</bpmn2:incoming>
      <bpmn2:outgoing>Flow_1698c7p</bpmn2:outgoing>
    </bpmn2:userTask>
    <bpmn2:sequenceFlow id="Flow_0sks3a8" name="CBAND" sourceRef="Gateway_1unr8j1" targetRef="Activity_0ksr0nf">
      <bpmn2:conditionExpression xsi:type="bpmn2:tFormalExpression">${ScopeVariable == "CBAND"}</bpmn2:conditionExpression>
    </bpmn2:sequenceFlow>
    <bpmn2:userTask id="Activity_1fplgjb" name="Wait for Construction Started (CI025)" implementation="##unspecified">
      <bpmn2:incoming>Flow_1jqi9nq</bpmn2:incoming>
      <bpmn2:outgoing>Flow_0z2bhe0</bpmn2:outgoing>
    </bpmn2:userTask>
    <bpmn2:sequenceFlow id="Flow_1jqi9nq" name="NSB, LTE 1C, LTE 2C, LTE BWE" sourceRef="Gateway_1unr8j1" targetRef="Activity_1fplgjb">
      <bpmn2:conditionExpression xsi:type="bpmn2:tFormalExpression">${(ScopeVariable == "NSB") || (ScopeVariable == "LTE 1C") || (ScopeVariable == "LTE 2C") || (ScopeVariable == "LTE BWE")}</bpmn2:conditionExpression>
    </bpmn2:sequenceFlow>
    <bpmn2:exclusiveGateway id="Gateway_0j79ae8">
      <bpmn2:incoming>Flow_07q1tmd</bpmn2:incoming>
      <bpmn2:outgoing>Flow_1ty4rzs</bpmn2:outgoing>
      <bpmn2:outgoing>Flow_0im7av3</bpmn2:outgoing>
      <bpmn2:outgoing>Flow_0c78oix</bpmn2:outgoing>
    </bpmn2:exclusiveGateway>
    <bpmn2:sequenceFlow id="Flow_07q1tmd" sourceRef="Gateway_038tyni" targetRef="Gateway_0j79ae8"/>
    <bpmn2:parallelGateway id="Gateway_07gsfh5">
      <bpmn2:incoming>Flow_0a0ectv</bpmn2:incoming>
      <bpmn2:incoming>Flow_0c78oix</bpmn2:incoming>
      <bpmn2:outgoing>Flow_0ppxgbd</bpmn2:outgoing>
    </bpmn2:parallelGateway>
    <bpmn2:sequenceFlow id="Flow_0z2bhe0" sourceRef="Activity_1fplgjb" targetRef="Gateway_1t3gowq"/>
    <bpmn2:sequenceFlow id="Flow_1ty4rzs" name="NSB" sourceRef="Gateway_0j79ae8" targetRef="Gateway_1wp6izw">
      <bpmn2:conditionExpression xsi:type="bpmn2:tFormalExpression">${ScopeVariable == "NSB"}</bpmn2:conditionExpression>
    </bpmn2:sequenceFlow>
    <bpmn2:parallelGateway id="Gateway_1wp6izw">
      <bpmn2:incoming>Flow_1ty4rzs</bpmn2:incoming>
      <bpmn2:outgoing>Flow_19lxea4</bpmn2:outgoing>
      <bpmn2:outgoing>Flow_13gdjbk</bpmn2:outgoing>
    </bpmn2:parallelGateway>
    <bpmn2:sequenceFlow id="Flow_0im7av3" name="CBAND, LTE 1C, LTE 2C" sourceRef="Gateway_0j79ae8" targetRef="Activity_1c8p4rt">
      <bpmn2:conditionExpression xsi:type="bpmn2:tFormalExpression">${(ScopeVariable == "CBAND") || (ScopeVariable == "LTE 1C") || (ScopeVariable == "LTE 2C")}</bpmn2:conditionExpression>
    </bpmn2:sequenceFlow>
    <bpmn2:sequenceFlow id="Flow_19lxea4" sourceRef="Gateway_1wp6izw" targetRef="Gateway_1blmkca"/>
    <bpmn2:sequenceFlow id="Flow_13gdjbk" sourceRef="Gateway_1wp6izw" targetRef="Activity_1c8p4rt"/>
    <bpmn2:sequenceFlow id="Flow_1vwzmw8" sourceRef="Gateway_1blmkca" targetRef="Activity_105rvbe"/>
    <bpmn2:parallelGateway id="Gateway_1blmkca">
      <bpmn2:incoming>Flow_19lxea4</bpmn2:incoming>
      <bpmn2:incoming>Flow_1yfzm0a</bpmn2:incoming>
      <bpmn2:outgoing>Flow_1vwzmw8</bpmn2:outgoing>
    </bpmn2:parallelGateway>
    <bpmn2:exclusiveGateway id="Gateway_1t3gowq">
      <bpmn2:incoming>Flow_0z2bhe0</bpmn2:incoming>
      <bpmn2:outgoing>Flow_0a0ectv</bpmn2:outgoing>
      <bpmn2:outgoing>Flow_1yfzm0a</bpmn2:outgoing>
      <bpmn2:outgoing>Flow_1vhnjm1</bpmn2:outgoing>
    </bpmn2:exclusiveGateway>
    <bpmn2:sequenceFlow id="Flow_0a0ectv" name="LTE BWE" sourceRef="Gateway_1t3gowq" targetRef="Gateway_07gsfh5">
      <bpmn2:conditionExpression xsi:type="bpmn2:tFormalExpression">${ScopeVariable == "LTE BWE"}</bpmn2:conditionExpression>
    </bpmn2:sequenceFlow>
    <bpmn2:sequenceFlow id="Flow_1yfzm0a" name="NSB" sourceRef="Gateway_1t3gowq" targetRef="Gateway_1blmkca">
      <bpmn2:conditionExpression xsi:type="bpmn2:tFormalExpression">${ScopeVariable == "NSB"}</bpmn2:conditionExpression>
    </bpmn2:sequenceFlow>
    <bpmn2:userTask id="Activity_12c27sl" name="Select Job Scope" implementation="##unspecified">
      <bpmn2:extensionElements>
        <camunda:properties>
          <camunda:property name="viewName" value="ws_realestate_scopeselection"/>
          <camunda:property name="displayViewName" value="WS_RealEstate_ScopeSelection"/>
          <camunda:property name="contextJson" value="{&quot;ScopeVariable&quot;:&quot;SiteCustomField-siteDropDown3&quot;}"/>
        </camunda:properties>
        <camunda:formData>
          <camunda:formField id="ScopeVariable" type="string"/>
        </camunda:formData>
      </bpmn2:extensionElements>
      <bpmn2:incoming>Flow_1fh079a</bpmn2:incoming>
      <bpmn2:outgoing>Flow_12692w3</bpmn2:outgoing>
    </bpmn2:userTask>
    <bpmn2:userTask id="Activity_1q6zm0w" name="Wait for Transport C.C (RE081)" implementation="##unspecified">
      <bpmn2:incoming>Flow_0voaqw9</bpmn2:incoming>
      <bpmn2:outgoing>Flow_1smryf7</bpmn2:outgoing>
    </bpmn2:userTask>
    <bpmn2:sequenceFlow id="Flow_0voaqw9" sourceRef="Activity_105rvbe" targetRef="Activity_1q6zm0w"/>
    <bpmn2:sequenceFlow id="Flow_1vhnjm1" name="LTE 1C or LTE 2C" sourceRef="Gateway_1t3gowq" targetRef="Activity_03ysm5t">
      <bpmn2:conditionExpression xsi:type="bpmn2:tFormalExpression">${(ScopeVariable == "LTE 1C") || (ScopeVariable == "LTE 2C")}</bpmn2:conditionExpression>
    </bpmn2:sequenceFlow>
    <bpmn2:sequenceFlow id="Flow_1698c7p" sourceRef="Activity_0ksr0nf" targetRef="Activity_03ysm5t"/>
    <bpmn2:sequenceFlow id="Flow_0ppxgbd" sourceRef="Gateway_07gsfh5" targetRef="Activity_03ysm5t"/>
    <bpmn2:sequenceFlow id="Flow_1smryf7" sourceRef="Activity_1q6zm0w" targetRef="Activity_03ysm5t"/>
    <bpmn2:sequenceFlow id="Flow_1wlatv4" sourceRef="Activity_03ysm5t" targetRef="Gateway_16grstx"/>
    <bpmn2:parallelGateway id="Gateway_16grstx">
      <bpmn2:incoming>Flow_1wlatv4</bpmn2:incoming>
      <bpmn2:outgoing>Flow_1wkmuue</bpmn2:outgoing>
      <bpmn2:outgoing>Flow_03jqjgl</bpmn2:outgoing>
    </bpmn2:parallelGateway>
    <bpmn2:sequenceFlow id="Flow_1wkmuue" sourceRef="Gateway_16grstx" targetRef="Gateway_0eh0hoi"/>
    <bpmn2:exclusiveGateway id="Gateway_1n6il2b" default="Flow_0r48rfv">
      <bpmn2:incoming>Flow_03jqjgl</bpmn2:incoming>
      <bpmn2:outgoing>Flow_0tr9tdy</bpmn2:outgoing>
      <bpmn2:outgoing>Flow_1jidvp3</bpmn2:outgoing>
      <bpmn2:outgoing>Flow_0r48rfv</bpmn2:outgoing>
    </bpmn2:exclusiveGateway>
    <bpmn2:sequenceFlow id="Flow_03jqjgl" sourceRef="Gateway_16grstx" targetRef="Gateway_1n6il2b"/>
    <bpmn2:userTask id="Activity_10e0qfh" name="Send Message Complete (CI262)" implementation="##unspecified">
      <bpmn2:incoming>Flow_0tr9tdy</bpmn2:incoming>
      <bpmn2:outgoing>Flow_15ghkn5</bpmn2:outgoing>
    </bpmn2:userTask>
    <bpmn2:sequenceFlow id="Flow_0tr9tdy" name="CRAN Build or CRAN Buy" sourceRef="Gateway_1n6il2b" targetRef="Activity_10e0qfh">
      <bpmn2:conditionExpression xsi:type="bpmn2:tFormalExpression">${(ScopeVariable == "CRAN Build") || (ScopeVariable == "CRAN Buy")}</bpmn2:conditionExpression>
    </bpmn2:sequenceFlow>
    <bpmn2:userTask id="Activity_03y7vrf" name="Send Message Complete  (CI035)" implementation="##unspecified">
      <bpmn2:incoming>Flow_15ghkn5</bpmn2:incoming>
      <bpmn2:incoming>Flow_1jidvp3</bpmn2:incoming>
      <bpmn2:outgoing>Flow_1ed07r4</bpmn2:outgoing>
    </bpmn2:userTask>
    <bpmn2:sequenceFlow id="Flow_15ghkn5" sourceRef="Activity_10e0qfh" targetRef="Activity_03y7vrf"/>
    <bpmn2:sequenceFlow id="Flow_1jidvp3" name="CBAND" sourceRef="Gateway_1n6il2b" targetRef="Activity_03y7vrf">
      <bpmn2:conditionExpression xsi:type="bpmn2:tFormalExpression">${ScopeVariable == "CBAND"}</bpmn2:conditionExpression>
    </bpmn2:sequenceFlow>
    <bpmn2:sequenceFlow id="Flow_1ed07r4" sourceRef="Activity_03y7vrf" targetRef="Event_0o04n20"/>
    <bpmn2:sequenceFlow id="Flow_0r48rfv" sourceRef="Gateway_1n6il2b" targetRef="Event_0o04n20"/>
    <bpmn2:sequenceFlow id="Flow_0c78oix" name="LTE BWE" sourceRef="Gateway_0j79ae8" targetRef="Gateway_07gsfh5">
      <bpmn2:conditionExpression xsi:type="bpmn2:tFormalExpression">${ScopeVariable == "LTE BWE"}</bpmn2:conditionExpression>
    </bpmn2:sequenceFlow>
    <bpmn2:sequenceFlow id="Flow_06lwwyg" sourceRef="Gateway_0tsygjv" targetRef="Event_1b5vqle"/>
    <bpmn2:endEvent id="Event_0o04n20">
      <bpmn2:incoming>Flow_1ed07r4</bpmn2:incoming>
      <bpmn2:incoming>Flow_0r48rfv</bpmn2:incoming>
    </bpmn2:endEvent>
    <bpmn2:exclusiveGateway id="Gateway_058e8h6">
      <bpmn2:incoming>Flow_09s0oww</bpmn2:incoming>
      <bpmn2:outgoing>Flow_05oimc9</bpmn2:outgoing>
      <bpmn2:outgoing>Flow_0s2kcal</bpmn2:outgoing>
    </bpmn2:exclusiveGateway>
    <bpmn2:sequenceFlow id="Flow_05oimc9" name="CRAN Buy" sourceRef="Gateway_058e8h6" targetRef="Activity_03ysm5t">
      <bpmn2:conditionExpression xsi:type="bpmn2:tFormalExpression">${ScopeVariable == "CRAN Buy"}</bpmn2:conditionExpression>
    </bpmn2:sequenceFlow>
    <bpmn2:sequenceFlow id="Flow_0s2kcal" name="CRAN Build" sourceRef="Gateway_058e8h6" targetRef="Gateway_0caxj5o">
      <bpmn2:conditionExpression xsi:type="bpmn2:tFormalExpression">${ScopeVariable == "CRAN Build" }</bpmn2:conditionExpression>
    </bpmn2:sequenceFlow>
    <bpmn2:parallelGateway id="Gateway_0caxj5o">
      <bpmn2:incoming>Flow_0s2kcal</bpmn2:incoming>
      <bpmn2:incoming>Flow_11e9x0c</bpmn2:incoming>
      <bpmn2:outgoing>Flow_0ifcqmp</bpmn2:outgoing>
    </bpmn2:parallelGateway>
    <bpmn2:sequenceFlow id="Flow_0ifcqmp" sourceRef="Gateway_0caxj5o" targetRef="Activity_03ysm5t"/>
    <bpmn2:exclusiveGateway id="Gateway_0wf4r44">
      <bpmn2:incoming>Flow_0kjjt13</bpmn2:incoming>
      <bpmn2:outgoing>Flow_11e9x0c</bpmn2:outgoing>
      <bpmn2:outgoing>Flow_11zw4fa</bpmn2:outgoing>
    </bpmn2:exclusiveGateway>
    <bpmn2:sequenceFlow id="Flow_11e9x0c" name="CRAN Build" sourceRef="Gateway_0wf4r44" targetRef="Gateway_0caxj5o">
      <bpmn2:conditionExpression xsi:type="bpmn2:tFormalExpression">${ScopeVariable == "CRAN Build" }</bpmn2:conditionExpression>
    </bpmn2:sequenceFlow>
    <bpmn2:sequenceFlow id="Flow_11zw4fa" name="CRAN Buy" sourceRef="Gateway_0wf4r44" targetRef="Activity_03ysm5t">
      <bpmn2:conditionExpression xsi:type="bpmn2:tFormalExpression">${ScopeVariable == "CRAN Buy"}</bpmn2:conditionExpression>
    </bpmn2:sequenceFlow>
    <bpmn2:sequenceFlow id="Flow_0kjjt13" sourceRef="Activity_0lpwx33" targetRef="Gateway_0wf4r44"/>
    <bpmn2:parallelGateway id="Gateway_0j8y90m">
      <bpmn2:incoming>Flow_0b7imyq</bpmn2:incoming>
      <bpmn2:outgoing>Flow_1jw74xl</bpmn2:outgoing>
      <bpmn2:outgoing>Flow_0q1xoij</bpmn2:outgoing>
    </bpmn2:parallelGateway>
    <bpmn2:sequenceFlow id="Flow_1jw74xl" sourceRef="Gateway_0j8y90m" targetRef="Activity_0lpwx33"/>
    <bpmn2:sequenceFlow id="Flow_0q1xoij" sourceRef="Gateway_0j8y90m" targetRef="Activity_0m81j84"/>
    <bpmn2:sequenceFlow id="Flow_09s0oww" sourceRef="Activity_1mltr65" targetRef="Gateway_058e8h6"/>
    <bpmn2:exclusiveGateway id="Gateway_0eh0hoi" default="Flow_0j801q0">
      <bpmn2:incoming>Flow_1wkmuue</bpmn2:incoming>
      <bpmn2:outgoing>Flow_0j801q0</bpmn2:outgoing>
      <bpmn2:outgoing>Flow_0x4qxxa</bpmn2:outgoing>
    </bpmn2:exclusiveGateway>
    <bpmn2:sequenceFlow id="Flow_0j801q0" sourceRef="Gateway_0eh0hoi" targetRef="Activity_133k708"/>
    <bpmn2:endEvent id="Event_15kxsbq">
      <bpmn2:incoming>Flow_0x4qxxa</bpmn2:incoming>
    </bpmn2:endEvent>
    <bpmn2:sequenceFlow id="Flow_0x4qxxa" name="CBAND&#10;or LTE 2C" sourceRef="Gateway_0eh0hoi" targetRef="Event_15kxsbq">
      <bpmn2:conditionExpression xsi:type="bpmn2:tFormalExpression">${(ScopeVariable == "CBAND") || (ScopeVariable == "LTE 2C")}</bpmn2:conditionExpression>
    </bpmn2:sequenceFlow>
  </bpmn2:process>
  <bpmndi:BPMNDiagram id="BPMNDiagram_1">
    <bpmndi:BPMNPlane id="BPMNPlane_1" bpmnElement="WSTransportMTFinal535_Copy">
      <bpmndi:BPMNEdge id="Flow_0x4qxxa_di" bpmnElement="Flow_0x4qxxa">
        <di:waypoint x="1495" y="190"/>
        <di:waypoint x="1582" y="190"/>
        <bpmndi:BPMNLabel>
          <dc:Bounds x="1508" y="156" width="50" height="27"/>
        </bpmndi:BPMNLabel>
      </bpmndi:BPMNEdge>
      <bpmndi:BPMNEdge id="Flow_0j801q0_di" bpmnElement="Flow_0j801q0">
        <di:waypoint x="1470" y="215"/>
        <di:waypoint x="1470" y="570"/>
        <di:waypoint x="1020" y="570"/>
        <di:waypoint x="1020" y="530"/>
      </bpmndi:BPMNEdge>
      <bpmndi:BPMNEdge id="Flow_09s0oww_di" bpmnElement="Flow_09s0oww">
        <di:waypoint x="550" y="-130"/>
        <di:waypoint x="615" y="-130"/>
      </bpmndi:BPMNEdge>
      <bpmndi:BPMNEdge id="Flow_0q1xoij_di" bpmnElement="Flow_0q1xoij">
        <di:waypoint x="255" y="-130"/>
        <di:waypoint x="310" y="-130"/>
      </bpmndi:BPMNEdge>
      <bpmndi:BPMNEdge id="Flow_1jw74xl_di" bpmnElement="Flow_1jw74xl">
        <di:waypoint x="230" y="-105"/>
        <di:waypoint x="230" y="60"/>
        <di:waypoint x="310" y="60"/>
      </bpmndi:BPMNEdge>
      <bpmndi:BPMNEdge id="Flow_0kjjt13_di" bpmnElement="Flow_0kjjt13">
        <di:waypoint x="410" y="60"/>
        <di:waypoint x="465" y="60"/>
      </bpmndi:BPMNEdge>
      <bpmndi:BPMNEdge id="Flow_11zw4fa_di" bpmnElement="Flow_11zw4fa">
        <di:waypoint x="515" y="60"/>
        <di:waypoint x="1290" y="60"/>
        <bpmndi:BPMNLabel>
          <dc:Bounds x="583" y="73" width="54" height="14"/>
        </bpmndi:BPMNLabel>
      </bpmndi:BPMNEdge>
      <bpmndi:BPMNEdge id="Flow_11e9x0c_di" bpmnElement="Flow_11e9x0c">
        <di:waypoint x="490" y="35"/>
        <di:waypoint x="490" y="-20"/>
        <di:waypoint x="615" y="-20"/>
        <bpmndi:BPMNLabel>
          <dc:Bounds x="470" y="-37" width="59" height="14"/>
        </bpmndi:BPMNLabel>
      </bpmndi:BPMNEdge>
      <bpmndi:BPMNEdge id="Flow_0ifcqmp_di" bpmnElement="Flow_0ifcqmp">
        <di:waypoint x="665" y="-20"/>
        <di:waypoint x="1320" y="-20"/>
        <di:waypoint x="1320" y="20"/>
      </bpmndi:BPMNEdge>
      <bpmndi:BPMNEdge id="Flow_0s2kcal_di" bpmnElement="Flow_0s2kcal">
        <di:waypoint x="640" y="-105"/>
        <di:waypoint x="640" y="-45"/>
        <bpmndi:BPMNLabel>
          <dc:Bounds x="570" y="-78" width="59" height="14"/>
        </bpmndi:BPMNLabel>
      </bpmndi:BPMNEdge>
      <bpmndi:BPMNEdge id="Flow_05oimc9_di" bpmnElement="Flow_05oimc9">
        <di:waypoint x="665" y="-130"/>
        <di:waypoint x="1340" y="-130"/>
        <di:waypoint x="1340" y="20"/>
        <bpmndi:BPMNLabel>
          <dc:Bounds x="704" y="-148" width="54" height="14"/>
        </bpmndi:BPMNLabel>
      </bpmndi:BPMNEdge>
      <bpmndi:BPMNEdge id="Flow_06lwwyg_di" bpmnElement="Flow_06lwwyg">
        <di:waypoint x="780" y="365"/>
        <di:waypoint x="780" y="270"/>
        <di:waypoint x="1140" y="270"/>
        <di:waypoint x="1140" y="372"/>
      </bpmndi:BPMNEdge>
      <bpmndi:BPMNEdge id="Flow_0c78oix_di" bpmnElement="Flow_0c78oix">
        <di:waypoint x="380" y="365"/>
        <di:waypoint x="380" y="150"/>
        <di:waypoint x="1185" y="150"/>
        <bpmndi:BPMNLabel>
          <dc:Bounds x="325" y="245" width="49" height="14"/>
        </bpmndi:BPMNLabel>
      </bpmndi:BPMNEdge>
      <bpmndi:BPMNEdge id="Flow_0r48rfv_di" bpmnElement="Flow_0r48rfv">
        <di:waypoint x="1580" y="85"/>
        <di:waypoint x="1580" y="140"/>
        <di:waypoint x="2030" y="140"/>
        <di:waypoint x="2030" y="78"/>
      </bpmndi:BPMNEdge>
      <bpmndi:BPMNEdge id="Flow_1ed07r4_di" bpmnElement="Flow_1ed07r4">
        <di:waypoint x="1970" y="60"/>
        <di:waypoint x="2012" y="60"/>
      </bpmndi:BPMNEdge>
      <bpmndi:BPMNEdge id="Flow_1jidvp3_di" bpmnElement="Flow_1jidvp3">
        <di:waypoint x="1580" y="35"/>
        <di:waypoint x="1580" y="-50"/>
        <di:waypoint x="1920" y="-50"/>
        <di:waypoint x="1920" y="20"/>
        <bpmndi:BPMNLabel>
          <dc:Bounds x="1530" y="3" width="39" height="14"/>
        </bpmndi:BPMNLabel>
      </bpmndi:BPMNEdge>
      <bpmndi:BPMNEdge id="Flow_15ghkn5_di" bpmnElement="Flow_15ghkn5">
        <di:waypoint x="1810" y="60"/>
        <di:waypoint x="1870" y="60"/>
      </bpmndi:BPMNEdge>
      <bpmndi:BPMNEdge id="Flow_0tr9tdy_di" bpmnElement="Flow_0tr9tdy">
        <di:waypoint x="1605" y="60"/>
        <di:waypoint x="1710" y="60"/>
        <bpmndi:BPMNLabel>
          <dc:Bounds x="1621" y="26" width="73" height="27"/>
        </bpmndi:BPMNLabel>
      </bpmndi:BPMNEdge>
      <bpmndi:BPMNEdge id="Flow_03jqjgl_di" bpmnElement="Flow_03jqjgl">
        <di:waypoint x="1495" y="60"/>
        <di:waypoint x="1555" y="60"/>
      </bpmndi:BPMNEdge>
      <bpmndi:BPMNEdge id="Flow_1wkmuue_di" bpmnElement="Flow_1wkmuue">
        <di:waypoint x="1470" y="85"/>
        <di:waypoint x="1470" y="165"/>
      </bpmndi:BPMNEdge>
      <bpmndi:BPMNEdge id="Flow_1wlatv4_di" bpmnElement="Flow_1wlatv4">
        <di:waypoint x="1390" y="60"/>
        <di:waypoint x="1445" y="60"/>
      </bpmndi:BPMNEdge>
      <bpmndi:BPMNEdge id="Flow_1smryf7_di" bpmnElement="Flow_1smryf7">
        <di:waypoint x="1040" y="690"/>
        <di:waypoint x="1310" y="690"/>
        <di:waypoint x="1310" y="100"/>
      </bpmndi:BPMNEdge>
      <bpmndi:BPMNEdge id="Flow_0ppxgbd_di" bpmnElement="Flow_0ppxgbd">
        <di:waypoint x="1210" y="125"/>
        <di:waypoint x="1210" y="80"/>
        <di:waypoint x="1290" y="80"/>
      </bpmndi:BPMNEdge>
      <bpmndi:BPMNEdge id="Flow_1698c7p_di" bpmnElement="Flow_1698c7p">
        <di:waypoint x="550" y="860"/>
        <di:waypoint x="1340" y="860"/>
        <di:waypoint x="1340" y="100"/>
      </bpmndi:BPMNEdge>
      <bpmndi:BPMNEdge id="Flow_1vhnjm1_di" bpmnElement="Flow_1vhnjm1">
        <di:waypoint x="645" y="1050"/>
        <di:waypoint x="1370" y="1050"/>
        <di:waypoint x="1370" y="100"/>
        <bpmndi:BPMNLabel>
          <dc:Bounds x="689" y="1063" width="89" height="14"/>
        </bpmndi:BPMNLabel>
      </bpmndi:BPMNEdge>
      <bpmndi:BPMNEdge id="Flow_0voaqw9_di" bpmnElement="Flow_0voaqw9">
        <di:waypoint x="860" y="690"/>
        <di:waypoint x="940" y="690"/>
      </bpmndi:BPMNEdge>
      <bpmndi:BPMNEdge id="Flow_1yfzm0a_di" bpmnElement="Flow_1yfzm0a">
        <di:waypoint x="640" y="1005"/>
        <di:waypoint x="640" y="715"/>
        <bpmndi:BPMNLabel>
          <dc:Bounds x="648" y="943" width="24" height="14"/>
        </bpmndi:BPMNLabel>
      </bpmndi:BPMNEdge>
      <bpmndi:BPMNEdge id="Flow_0a0ectv_di" bpmnElement="Flow_0a0ectv">
        <di:waypoint x="665" y="1030"/>
        <di:waypoint x="1210" y="1030"/>
        <di:waypoint x="1210" y="175"/>
        <bpmndi:BPMNLabel>
          <dc:Bounds x="728" y="1008" width="49" height="14"/>
        </bpmndi:BPMNLabel>
      </bpmndi:BPMNEdge>
      <bpmndi:BPMNEdge id="Flow_1vwzmw8_di" bpmnElement="Flow_1vwzmw8">
        <di:waypoint x="665" y="690"/>
        <di:waypoint x="760" y="690"/>
      </bpmndi:BPMNEdge>
      <bpmndi:BPMNEdge id="Flow_13gdjbk_di" bpmnElement="Flow_13gdjbk">
        <di:waypoint x="490" y="665"/>
        <di:waypoint x="490" y="420"/>
        <di:waypoint x="620" y="420"/>
      </bpmndi:BPMNEdge>
      <bpmndi:BPMNEdge id="Flow_19lxea4_di" bpmnElement="Flow_19lxea4">
        <di:waypoint x="515" y="690"/>
        <di:waypoint x="615" y="690"/>
      </bpmndi:BPMNEdge>
      <bpmndi:BPMNEdge id="Flow_0im7av3_di" bpmnElement="Flow_0im7av3">
        <di:waypoint x="405" y="390"/>
        <di:waypoint x="620" y="390"/>
        <bpmndi:BPMNLabel>
          <dc:Bounds x="463" y="356" width="85" height="27"/>
        </bpmndi:BPMNLabel>
      </bpmndi:BPMNEdge>
      <bpmndi:BPMNEdge id="Flow_1ty4rzs_di" bpmnElement="Flow_1ty4rzs">
        <di:waypoint x="380" y="415"/>
        <di:waypoint x="380" y="690"/>
        <di:waypoint x="465" y="690"/>
        <bpmndi:BPMNLabel>
          <dc:Bounds x="348" y="493" width="24" height="14"/>
        </bpmndi:BPMNLabel>
      </bpmndi:BPMNEdge>
      <bpmndi:BPMNEdge id="Flow_0z2bhe0_di" bpmnElement="Flow_0z2bhe0">
        <di:waypoint x="550" y="1030"/>
        <di:waypoint x="615" y="1030"/>
      </bpmndi:BPMNEdge>
      <bpmndi:BPMNEdge id="Flow_07q1tmd_di" bpmnElement="Flow_07q1tmd">
        <di:waypoint x="255" y="390"/>
        <di:waypoint x="355" y="390"/>
      </bpmndi:BPMNEdge>
      <bpmndi:BPMNEdge id="Flow_1jqi9nq_di" bpmnElement="Flow_1jqi9nq">
        <di:waypoint x="350" y="955"/>
        <di:waypoint x="350" y="1030"/>
        <di:waypoint x="450" y="1030"/>
        <bpmndi:BPMNLabel>
          <dc:Bounds x="275" y="980" width="69" height="40"/>
        </bpmndi:BPMNLabel>
      </bpmndi:BPMNEdge>
      <bpmndi:BPMNEdge id="Flow_0sks3a8_di" bpmnElement="Flow_0sks3a8">
        <di:waypoint x="350" y="905"/>
        <di:waypoint x="350" y="860"/>
        <di:waypoint x="450" y="860"/>
        <bpmndi:BPMNLabel>
          <dc:Bounds x="300" y="843" width="39" height="14"/>
        </bpmndi:BPMNLabel>
      </bpmndi:BPMNEdge>
      <bpmndi:BPMNEdge id="Flow_03sbv76_di" bpmnElement="Flow_03sbv76">
        <di:waypoint x="230" y="415"/>
        <di:waypoint x="230" y="930"/>
        <di:waypoint x="325" y="930"/>
      </bpmndi:BPMNEdge>
      <bpmndi:BPMNEdge id="Flow_11e9mkm_di" bpmnElement="Flow_11e9mkm">
        <di:waypoint x="1070" y="390"/>
        <di:waypoint x="1122" y="390"/>
      </bpmndi:BPMNEdge>
      <bpmndi:BPMNEdge id="Flow_0vq2nl2_di" bpmnElement="Flow_0vq2nl2">
        <di:waypoint x="1070" y="490"/>
        <di:waypoint x="1140" y="490"/>
        <di:waypoint x="1140" y="408"/>
      </bpmndi:BPMNEdge>
      <bpmndi:BPMNEdge id="Flow_0hoj1lq_di" bpmnElement="Flow_0hoj1lq">
        <di:waypoint x="805" y="390"/>
        <di:waypoint x="970" y="390"/>
        <bpmndi:BPMNLabel>
          <dc:Bounds x="838" y="363" width="24" height="14"/>
        </bpmndi:BPMNLabel>
      </bpmndi:BPMNEdge>
      <bpmndi:BPMNEdge id="Flow_1u3umwx_di" bpmnElement="Flow_1u3umwx">
        <di:waypoint x="780" y="415"/>
        <di:waypoint x="780" y="490"/>
        <di:waypoint x="970" y="490"/>
        <bpmndi:BPMNLabel>
          <dc:Bounds x="825" y="456" width="50" height="27"/>
        </bpmndi:BPMNLabel>
      </bpmndi:BPMNEdge>
      <bpmndi:BPMNEdge id="Flow_1e3y7vu_di" bpmnElement="Flow_1e3y7vu">
        <di:waypoint x="720" y="390"/>
        <di:waypoint x="755" y="390"/>
      </bpmndi:BPMNEdge>
      <bpmndi:BPMNEdge id="Flow_09t766a_di" bpmnElement="Flow_09t766a">
        <di:waypoint x="150" y="390"/>
        <di:waypoint x="205" y="390"/>
      </bpmndi:BPMNEdge>
      <bpmndi:BPMNEdge id="Flow_0gyijyx_di" bpmnElement="Flow_0gyijyx">
        <di:waypoint x="-20" y="135"/>
        <di:waypoint x="-20" y="390"/>
        <di:waypoint x="50" y="390"/>
        <bpmndi:BPMNLabel>
          <dc:Bounds x="-46" y="286" width="83" height="40"/>
        </bpmndi:BPMNLabel>
      </bpmndi:BPMNEdge>
      <bpmndi:BPMNEdge id="Flow_10cp34m_di" bpmnElement="Flow_10cp34m">
        <di:waypoint x="410" y="-130"/>
        <di:waypoint x="450" y="-130"/>
      </bpmndi:BPMNEdge>
      <bpmndi:BPMNEdge id="Flow_0b7imyq_di" bpmnElement="Flow_0b7imyq">
        <di:waypoint x="150" y="-130"/>
        <di:waypoint x="205" y="-130"/>
      </bpmndi:BPMNEdge>
      <bpmndi:BPMNEdge id="Flow_0altgxj_di" bpmnElement="Flow_0altgxj">
        <di:waypoint x="-20" y="85"/>
        <di:waypoint x="-20" y="-130"/>
        <di:waypoint x="50" y="-130"/>
        <bpmndi:BPMNLabel>
          <dc:Bounds x="-94" y="-64" width="67" height="27"/>
        </bpmndi:BPMNLabel>
      </bpmndi:BPMNEdge>
      <bpmndi:BPMNEdge id="Flow_12692w3_di" bpmnElement="Flow_12692w3">
        <di:waypoint x="-100" y="110"/>
        <di:waypoint x="-45" y="110"/>
      </bpmndi:BPMNEdge>
      <bpmndi:BPMNEdge id="Flow_1fh079a_di" bpmnElement="Flow_1fh079a">
        <di:waypoint x="-262" y="110"/>
        <di:waypoint x="-200" y="110"/>
      </bpmndi:BPMNEdge>
      <bpmndi:BPMNShape id="_BPMNShape_StartEvent_2" bpmnElement="StartEvent_1">
        <dc:Bounds x="-298" y="92" width="36" height="36"/>
      </bpmndi:BPMNShape>
      <bpmndi:BPMNShape id="Gateway_1swji9j_di" bpmnElement="Gateway_1swji9j" isMarkerVisible="true">
        <dc:Bounds x="-45" y="85" width="50" height="50"/>
      </bpmndi:BPMNShape>
      <bpmndi:BPMNShape id="Activity_0z6jeo9_di" bpmnElement="Activity_0z6jeo9">
        <dc:Bounds x="50" y="-170" width="100" height="80"/>
      </bpmndi:BPMNShape>
      <bpmndi:BPMNShape id="Activity_0m81j84_di" bpmnElement="Activity_0m81j84">
        <dc:Bounds x="310" y="-170" width="100" height="80"/>
      </bpmndi:BPMNShape>
      <bpmndi:BPMNShape id="Activity_1mltr65_di" bpmnElement="Activity_1mltr65">
        <dc:Bounds x="450" y="-170" width="100" height="80"/>
      </bpmndi:BPMNShape>
      <bpmndi:BPMNShape id="Activity_0lpwx33_di" bpmnElement="Activity_0lpwx33">
        <dc:Bounds x="310" y="20" width="100" height="80"/>
      </bpmndi:BPMNShape>
      <bpmndi:BPMNShape id="Activity_14jwmlg_di" bpmnElement="Activity_14jwmlg">
        <dc:Bounds x="50" y="350" width="100" height="80"/>
      </bpmndi:BPMNShape>
      <bpmndi:BPMNShape id="Activity_1c8p4rt_di" bpmnElement="Activity_1c8p4rt">
        <dc:Bounds x="620" y="350" width="100" height="80"/>
      </bpmndi:BPMNShape>
      <bpmndi:BPMNShape id="Gateway_0tsygjv_di" bpmnElement="Gateway_0tsygjv" isMarkerVisible="true">
        <dc:Bounds x="755" y="365" width="50" height="50"/>
      </bpmndi:BPMNShape>
      <bpmndi:BPMNShape id="Activity_133k708_di" bpmnElement="Activity_133k708">
        <dc:Bounds x="970" y="450" width="100" height="80"/>
      </bpmndi:BPMNShape>
      <bpmndi:BPMNShape id="Activity_0joa6ys_di" bpmnElement="Activity_0joa6ys">
        <dc:Bounds x="970" y="350" width="100" height="80"/>
      </bpmndi:BPMNShape>
      <bpmndi:BPMNShape id="Event_1b5vqle_di" bpmnElement="Event_1b5vqle">
        <dc:Bounds x="1122" y="372" width="36" height="36"/>
      </bpmndi:BPMNShape>
      <bpmndi:BPMNShape id="Activity_03ysm5t_di" bpmnElement="Activity_03ysm5t">
        <dc:Bounds x="1290" y="20" width="100" height="80"/>
      </bpmndi:BPMNShape>
      <bpmndi:BPMNShape id="Activity_105rvbe_di" bpmnElement="Activity_105rvbe">
        <dc:Bounds x="760" y="650" width="100" height="80"/>
      </bpmndi:BPMNShape>
      <bpmndi:BPMNShape id="Gateway_0sxh3zj_di" bpmnElement="Gateway_038tyni">
        <dc:Bounds x="205" y="365" width="50" height="50"/>
      </bpmndi:BPMNShape>
      <bpmndi:BPMNShape id="Gateway_1unr8j1_di" bpmnElement="Gateway_1unr8j1" isMarkerVisible="true">
        <dc:Bounds x="325" y="905" width="50" height="50"/>
      </bpmndi:BPMNShape>
      <bpmndi:BPMNShape id="Activity_0ksr0nf_di" bpmnElement="Activity_0ksr0nf">
        <dc:Bounds x="450" y="820" width="100" height="80"/>
      </bpmndi:BPMNShape>
      <bpmndi:BPMNShape id="Activity_1fplgjb_di" bpmnElement="Activity_1fplgjb">
        <dc:Bounds x="450" y="990" width="100" height="80"/>
      </bpmndi:BPMNShape>
      <bpmndi:BPMNShape id="Gateway_0j79ae8_di" bpmnElement="Gateway_0j79ae8" isMarkerVisible="true">
        <dc:Bounds x="355" y="365" width="50" height="50"/>
      </bpmndi:BPMNShape>
      <bpmndi:BPMNShape id="Gateway_0acu4uo_di" bpmnElement="Gateway_07gsfh5">
        <dc:Bounds x="1185" y="125" width="50" height="50"/>
      </bpmndi:BPMNShape>
      <bpmndi:BPMNShape id="Gateway_14q3mhj_di" bpmnElement="Gateway_1wp6izw">
        <dc:Bounds x="465" y="665" width="50" height="50"/>
      </bpmndi:BPMNShape>
      <bpmndi:BPMNShape id="Gateway_08zkg3k_di" bpmnElement="Gateway_1blmkca">
        <dc:Bounds x="615" y="665" width="50" height="50"/>
      </bpmndi:BPMNShape>
      <bpmndi:BPMNShape id="Gateway_1t3gowq_di" bpmnElement="Gateway_1t3gowq" isMarkerVisible="true">
        <dc:Bounds x="615" y="1005" width="50" height="50"/>
      </bpmndi:BPMNShape>
      <bpmndi:BPMNShape id="Activity_1wsw1iq_di" bpmnElement="Activity_12c27sl">
        <dc:Bounds x="-200" y="70" width="100" height="80"/>
      </bpmndi:BPMNShape>
      <bpmndi:BPMNShape id="Activity_1q6zm0w_di" bpmnElement="Activity_1q6zm0w">
        <dc:Bounds x="940" y="650" width="100" height="80"/>
      </bpmndi:BPMNShape>
      <bpmndi:BPMNShape id="Gateway_115q863_di" bpmnElement="Gateway_16grstx">
        <dc:Bounds x="1445" y="35" width="50" height="50"/>
      </bpmndi:BPMNShape>
      <bpmndi:BPMNShape id="Gateway_1n6il2b_di" bpmnElement="Gateway_1n6il2b" isMarkerVisible="true">
        <dc:Bounds x="1555" y="35" width="50" height="50"/>
      </bpmndi:BPMNShape>
      <bpmndi:BPMNShape id="Activity_10e0qfh_di" bpmnElement="Activity_10e0qfh">
        <dc:Bounds x="1710" y="20" width="100" height="80"/>
      </bpmndi:BPMNShape>
      <bpmndi:BPMNShape id="Activity_03y7vrf_di" bpmnElement="Activity_03y7vrf">
        <dc:Bounds x="1870" y="20" width="100" height="80"/>
      </bpmndi:BPMNShape>
      <bpmndi:BPMNShape id="Event_134yg8r_di" bpmnElement="Event_0o04n20">
        <dc:Bounds x="2012" y="42" width="36" height="36"/>
      </bpmndi:BPMNShape>
      <bpmndi:BPMNShape id="Gateway_058e8h6_di" bpmnElement="Gateway_058e8h6" isMarkerVisible="true">
        <dc:Bounds x="615" y="-155" width="50" height="50"/>
      </bpmndi:BPMNShape>
      <bpmndi:BPMNShape id="Gateway_1m5act7_di" bpmnElement="Gateway_0caxj5o">
        <dc:Bounds x="615" y="-45" width="50" height="50"/>
      </bpmndi:BPMNShape>
      <bpmndi:BPMNShape id="Gateway_0wf4r44_di" bpmnElement="Gateway_0wf4r44" isMarkerVisible="true">
        <dc:Bounds x="465" y="35" width="50" height="50"/>
      </bpmndi:BPMNShape>
      <bpmndi:BPMNShape id="Gateway_08zco08_di" bpmnElement="Gateway_0j8y90m">
        <dc:Bounds x="205" y="-155" width="50" height="50"/>
      </bpmndi:BPMNShape>
      <bpmndi:BPMNShape id="Gateway_0eh0hoi_di" bpmnElement="Gateway_0eh0hoi" isMarkerVisible="true">
        <dc:Bounds x="1445" y="165" width="50" height="50"/>
      </bpmndi:BPMNShape>
      <bpmndi:BPMNShape id="Event_15kxsbq_di" bpmnElement="Event_15kxsbq">
        <dc:Bounds x="1582" y="172" width="36" height="36"/>
      </bpmndi:BPMNShape>
    </bpmndi:BPMNPlane>
  </bpmndi:BPMNDiagram>
</bpmn2:definitions>