<?xml version="1.0" encoding="UTF-8"?><xml><projectTemplateName>WS SiteScope Minor</projectTemplateName><projectTemplateCategory></projectTemplateCategory><projectTemplateProcessList><projectTemplateProcessList0><processDefinitionId>Process_1_20862:4:4bd33426-ebea-11ec-b63f-d65dada80a07</processDefinitionId><associatedWorkflowName>WS_SiteScope_Minor</associatedWorkflowName></projectTemplateProcessList0></projectTemplateProcessList><status>ACTIVE</status><siteType>Default</siteType><band></band><label></label><woidPrefix>WSSMI</woidPrefix><nominal></nominal><instantiationType>MULTIPLE</instantiationType><technologyName>Wireless</technologyName><timeBase>DAYS</timeBase><templateType>LOCAL</templateType><groups><groups0><groupTemplateName>WS SiteScope Minor</groupTemplateName><groupTemplateWeightage>100.0</groupTemplateWeightage><groupTemplateStartTime></groupTemplateStartTime><groupTemplateDuration>6</groupTemplateDuration><tasks><tasks0><taskTemplateObj><taskTemplateObj0 taskTemplateCategory="PM" taskTemplateName="Complete Construction Ready RFDS"/></taskTemplateObj><taskOrderWithinGroup>1</taskOrderWithinGroup><taskWeightageInGroup>16.67</taskWeightageInGroup><planStartTime>1</planStartTime><timeToExecute>1</timeToExecute><apiContext></apiContext><methodType></methodType><visibleToNotificationEnable>false</visibleToNotificationEnable><mandatory>false</mandatory><assigneeEnable>false</assigneeEnable><recallOwnerEnable>false</recallOwnerEnable><workGroupEnable>false</workGroupEnable><apiUrl></apiUrl><apiJson></apiJson><customApiToCall>false</customApiToCall><recallRollList>Administrator</recallRollList><recallRestart>RESTART</recallRestart><woActivityId>Activity_1uivjax</woActivityId><slaIdentifier></slaIdentifier><mileStoneStage></mileStoneStage><taskConfiguration>FULLY_CONFIGURED</taskConfiguration><taskCode>2810T</taskCode><taskOrder>1</taskOrder><priorityObj><priorityObj0 priorityName="Medium" priorityType="PROJECTTASK"/></priorityObj><templateNotificationList></templateNotificationList><templateTaskExecutionCategoryList></templateTaskExecutionCategoryList><taskActivityMappings><taskActivityMappings0 actionTooDo="" actionVisibleOn="BOTH" allocated="PM" allocator="" checkListAction="" completionMessage="" completionPercentage="100.0" contextJson="" defaultAssignee="" displayViewName="" integration="false" isAcquire="false" isBulkReview="false" isOnSite="false" isReview="false" isValidate="false" isViewable="false" moduleStage="" reassign="false" roleList="PM" siteStage="" siteStatus="" skip="false" taskActionName="Complete" taskActionNameIcon="Like-Outline" taskStatus="" viewName="" workflowId="Process_1_20862:4:4bd33426-ebea-11ec-b63f-d65dada80a07" workflowTaskId="Activity_1uivjax" workflowTaskName="Complete Construction Ready RFDS"/><taskActivityMappings1 actionTooDo="" actionVisibleOn="BOTH" allocated="PM" allocator="" checkListAction="" completionMessage="" completionPercentage="100.0" contextJson="" defaultAssignee="" displayViewName="" integration="false" isAcquire="false" isBulkReview="false" isOnSite="false" isReview="false" isValidate="false" isViewable="false" moduleStage="" reassign="false" roleList="PM" siteStage="" siteStatus="" skip="true" taskActionName="NA" taskActionNameIcon="Rejected" taskStatus="" viewName="" workflowId="Process_1_20862:4:4bd33426-ebea-11ec-b63f-d65dada80a07" workflowTaskId="Activity_1uivjax" workflowTaskName="Complete Construction Ready RFDS"/></taskActivityMappings></tasks0><tasks1><taskTemplateObj><taskTemplateObj0 taskTemplateCategory="PM" taskTemplateName="Review E911"/></taskTemplateObj><taskOrderWithinGroup>2</taskOrderWithinGroup><taskWeightageInGroup>16.67</taskWeightageInGroup><planStartTime>1</planStartTime><timeToExecute>1</timeToExecute><apiContext></apiContext><methodType></methodType><visibleToNotificationEnable>false</visibleToNotificationEnable><mandatory>false</mandatory><assigneeEnable>false</assigneeEnable><recallOwnerEnable>false</recallOwnerEnable><workGroupEnable>false</workGroupEnable><apiUrl></apiUrl><apiJson></apiJson><customApiToCall>false</customApiToCall><recallRollList>Administrator</recallRollList><recallRestart>RESTART</recallRestart><woActivityId>Activity_0pq8s2o</woActivityId><slaIdentifier></slaIdentifier><mileStoneStage></mileStoneStage><taskConfiguration>FULLY_CONFIGURED</taskConfiguration><taskCode>3310T</taskCode><taskOrder>2</taskOrder><priorityObj><priorityObj0 priorityName="Medium" priorityType="PROJECTTASK"/></priorityObj><templateNotificationList></templateNotificationList><templateTaskExecutionCategoryList></templateTaskExecutionCategoryList><taskActivityMappings><taskActivityMappings0 actionTooDo="" actionVisibleOn="BOTH" allocated="RF Engineer" allocator="" checkListAction="" completionMessage="" completionPercentage="100.0" contextJson="" defaultAssignee="" displayViewName="" integration="false" isAcquire="false" isBulkReview="false" isOnSite="false" isReview="false" isValidate="false" isViewable="false" moduleStage="" reassign="false" roleList="RF Engineer" siteStage="" siteStatus="" skip="false" taskActionName="Complete" taskActionNameIcon="Like-Outline" taskStatus="" viewName="" workflowId="Process_1_20862:4:4bd33426-ebea-11ec-b63f-d65dada80a07" workflowTaskId="Activity_0pq8s2o" workflowTaskName="Review E911"/><taskActivityMappings1 actionTooDo="" actionVisibleOn="BOTH" allocated="RF Engineer" allocator="" checkListAction="" completionMessage="" completionPercentage="100.0" contextJson="" defaultAssignee="" displayViewName="" integration="false" isAcquire="false" isBulkReview="false" isOnSite="false" isReview="false" isValidate="false" isViewable="false" moduleStage="" reassign="false" roleList="RF Engineer" siteStage="" siteStatus="" skip="true" taskActionName="NA" taskActionNameIcon="Rejected" taskStatus="" viewName="" workflowId="Process_1_20862:4:4bd33426-ebea-11ec-b63f-d65dada80a07" workflowTaskId="Activity_0pq8s2o" workflowTaskName="Review E911"/></taskActivityMappings></tasks1><tasks2><taskTemplateObj><taskTemplateObj0 taskTemplateCategory="PM" taskTemplateName="Order Structural Analysis"/></taskTemplateObj><taskOrderWithinGroup>3</taskOrderWithinGroup><taskWeightageInGroup>16.67</taskWeightageInGroup><planStartTime>1</planStartTime><timeToExecute>1</timeToExecute><apiContext></apiContext><methodType></methodType><visibleToNotificationEnable>false</visibleToNotificationEnable><mandatory>false</mandatory><assigneeEnable>false</assigneeEnable><recallOwnerEnable>false</recallOwnerEnable><workGroupEnable>false</workGroupEnable><apiUrl></apiUrl><apiJson></apiJson><customApiToCall>false</customApiToCall><recallRollList>Administrator</recallRollList><recallRestart>RESTART</recallRestart><woActivityId>Activity_1vwd9ia</woActivityId><slaIdentifier></slaIdentifier><mileStoneStage></mileStoneStage><taskConfiguration>FULLY_CONFIGURED</taskConfiguration><taskCode>2150T</taskCode><taskOrder>3</taskOrder><priorityObj><priorityObj0 priorityName="Medium" priorityType="PROJECTTASK"/></priorityObj><templateNotificationList></templateNotificationList><templateTaskExecutionCategoryList></templateTaskExecutionCategoryList><taskActivityMappings><taskActivityMappings0 actionTooDo="" actionVisibleOn="BOTH" allocated="Supplier" allocator="" checkListAction="" completionMessage="" completionPercentage="100.0" contextJson="" defaultAssignee="" displayViewName="" integration="false" isAcquire="false" isBulkReview="false" isOnSite="false" isReview="false" isValidate="false" isViewable="false" moduleStage="" reassign="false" roleList="Supplier" siteStage="" siteStatus="" skip="false" taskActionName="Complete" taskActionNameIcon="Like-Outline" taskStatus="" viewName="" workflowId="Process_1_20862:4:4bd33426-ebea-11ec-b63f-d65dada80a07" workflowTaskId="Activity_1vwd9ia" workflowTaskName="Order Structural Analysis"/><taskActivityMappings1 actionTooDo="" actionVisibleOn="BOTH" allocated="Supplier" allocator="" checkListAction="" completionMessage="" completionPercentage="100.0" contextJson="" defaultAssignee="" displayViewName="" integration="false" isAcquire="false" isBulkReview="false" isOnSite="false" isReview="false" isValidate="false" isViewable="false" moduleStage="" reassign="false" roleList="Supplier" siteStage="" siteStatus="" skip="true" taskActionName="NA" taskActionNameIcon="Rejected" taskStatus="" viewName="" workflowId="Process_1_20862:4:4bd33426-ebea-11ec-b63f-d65dada80a07" workflowTaskId="Activity_1vwd9ia" workflowTaskName="Order Structural Analysis"/></taskActivityMappings></tasks2><tasks3><taskTemplateObj><taskTemplateObj0 taskTemplateCategory="PM" taskTemplateName="Provide Failed Structural Analysis"/></taskTemplateObj><taskOrderWithinGroup>4</taskOrderWithinGroup><taskWeightageInGroup>16.67</taskWeightageInGroup><planStartTime>1</planStartTime><timeToExecute>1</timeToExecute><apiContext></apiContext><methodType></methodType><visibleToNotificationEnable>false</visibleToNotificationEnable><mandatory>false</mandatory><assigneeEnable>false</assigneeEnable><recallOwnerEnable>false</recallOwnerEnable><workGroupEnable>false</workGroupEnable><apiUrl></apiUrl><apiJson></apiJson><customApiToCall>false</customApiToCall><recallRollList>Administrator</recallRollList><recallRestart>RESTART</recallRestart><woActivityId>Activity_0pffpe8</woActivityId><slaIdentifier></slaIdentifier><mileStoneStage></mileStoneStage><taskConfiguration>FULLY_CONFIGURED</taskConfiguration><taskCode>2210T</taskCode><taskOrder>4</taskOrder><priorityObj><priorityObj0 priorityName="Medium" priorityType="PROJECTTASK"/></priorityObj><templateNotificationList></templateNotificationList><templateTaskExecutionCategoryList></templateTaskExecutionCategoryList><taskActivityMappings><taskActivityMappings0 actionTooDo="" actionVisibleOn="BOTH" allocated="Supplier" allocator="" checkListAction="" completionMessage="" completionPercentage="100.0" contextJson="" defaultAssignee="" displayViewName="" integration="false" isAcquire="false" isBulkReview="false" isOnSite="false" isReview="false" isValidate="false" isViewable="false" moduleStage="" reassign="false" roleList="Supplier" siteStage="" siteStatus="" skip="false" taskActionName="Complete" taskActionNameIcon="Like-Outline" taskStatus="" viewName="" workflowId="Process_1_20862:4:4bd33426-ebea-11ec-b63f-d65dada80a07" workflowTaskId="Activity_0pffpe8" workflowTaskName="Provide Failed Structural Analysis"/><taskActivityMappings1 actionTooDo="" actionVisibleOn="BOTH" allocated="Supplier" allocator="" checkListAction="" completionMessage="" completionPercentage="100.0" contextJson="" defaultAssignee="" displayViewName="" integration="false" isAcquire="false" isBulkReview="false" isOnSite="false" isReview="false" isValidate="false" isViewable="false" moduleStage="" reassign="false" roleList="Supplier" siteStage="" siteStatus="" skip="true" taskActionName="NA" taskActionNameIcon="Rejected" taskStatus="" viewName="" workflowId="Process_1_20862:4:4bd33426-ebea-11ec-b63f-d65dada80a07" workflowTaskId="Activity_0pffpe8" workflowTaskName="Provide Failed Structural Analysis"/></taskActivityMappings></tasks3><tasks4><taskTemplateObj><taskTemplateObj0 taskTemplateCategory="PM" taskTemplateName="Review TARP"/></taskTemplateObj><taskOrderWithinGroup>5</taskOrderWithinGroup><taskWeightageInGroup>16.67</taskWeightageInGroup><planStartTime>1</planStartTime><timeToExecute>1</timeToExecute><apiContext></apiContext><methodType></methodType><visibleToNotificationEnable>false</visibleToNotificationEnable><mandatory>false</mandatory><assigneeEnable>false</assigneeEnable><recallOwnerEnable>false</recallOwnerEnable><workGroupEnable>false</workGroupEnable><apiUrl></apiUrl><apiJson></apiJson><customApiToCall>false</customApiToCall><recallRollList>Administrator</recallRollList><recallRestart>RESTART</recallRestart><woActivityId>Activity_0ujndtz</woActivityId><slaIdentifier></slaIdentifier><mileStoneStage></mileStoneStage><taskConfiguration>FULLY_CONFIGURED</taskConfiguration><taskCode>2250T</taskCode><taskOrder>5</taskOrder><priorityObj><priorityObj0 priorityName="Medium" priorityType="PROJECTTASK"/></priorityObj><templateNotificationList></templateNotificationList><templateTaskExecutionCategoryList></templateTaskExecutionCategoryList><taskActivityMappings><taskActivityMappings0 actionTooDo="" actionVisibleOn="BOTH" allocated="PM" allocator="" checkListAction="" completionMessage="" completionPercentage="100.0" contextJson="" defaultAssignee="" displayViewName="" integration="false" isAcquire="false" isBulkReview="false" isOnSite="false" isReview="false" isValidate="false" isViewable="false" moduleStage="" reassign="false" roleList="PM" siteStage="" siteStatus="" skip="false" taskActionName="Complete" taskActionNameIcon="Like-Outline" taskStatus="" viewName="" workflowId="Process_1_20862:4:4bd33426-ebea-11ec-b63f-d65dada80a07" workflowTaskId="Activity_0ujndtz" workflowTaskName="Review TARP"/><taskActivityMappings1 actionTooDo="" actionVisibleOn="BOTH" allocated="PM" allocator="" checkListAction="" completionMessage="" completionPercentage="100.0" contextJson="" defaultAssignee="" displayViewName="" integration="false" isAcquire="false" isBulkReview="false" isOnSite="false" isReview="false" isValidate="false" isViewable="false" moduleStage="" reassign="false" roleList="PM" siteStage="" siteStatus="" skip="true" taskActionName="NA" taskActionNameIcon="Rejected" taskStatus="" viewName="" workflowId="Process_1_20862:4:4bd33426-ebea-11ec-b63f-d65dada80a07" workflowTaskId="Activity_0ujndtz" workflowTaskName="Review TARP"/></taskActivityMappings></tasks4><tasks5><taskTemplateObj><taskTemplateObj0 taskTemplateCategory="PM" taskTemplateName="Provide Passed Structural Analysis"/></taskTemplateObj><taskOrderWithinGroup>6</taskOrderWithinGroup><taskWeightageInGroup>16.65</taskWeightageInGroup><planStartTime>1</planStartTime><timeToExecute>1</timeToExecute><apiContext></apiContext><methodType></methodType><visibleToNotificationEnable>false</visibleToNotificationEnable><mandatory>false</mandatory><assigneeEnable>false</assigneeEnable><recallOwnerEnable>false</recallOwnerEnable><workGroupEnable>false</workGroupEnable><apiUrl></apiUrl><apiJson></apiJson><customApiToCall>false</customApiToCall><recallRollList>Administrator</recallRollList><recallRestart>RESTART</recallRestart><woActivityId>Activity_0qnri9d</woActivityId><slaIdentifier></slaIdentifier><mileStoneStage></mileStoneStage><taskConfiguration>FULLY_CONFIGURED</taskConfiguration><taskCode>2270T</taskCode><taskOrder>6</taskOrder><priorityObj><priorityObj0 priorityName="Medium" priorityType="PROJECTTASK"/></priorityObj><templateNotificationList></templateNotificationList><templateTaskExecutionCategoryList></templateTaskExecutionCategoryList><taskActivityMappings><taskActivityMappings0 actionTooDo="" actionVisibleOn="BOTH" allocated="Supplier" allocator="" checkListAction="" completionMessage="" completionPercentage="100.0" contextJson="" defaultAssignee="" displayViewName="" integration="false" isAcquire="false" isBulkReview="false" isOnSite="false" isReview="false" isValidate="false" isViewable="false" moduleStage="" reassign="false" roleList="Supplier" siteStage="" siteStatus="" skip="false" taskActionName="Complete" taskActionNameIcon="Like-Outline" taskStatus="" viewName="" workflowId="Process_1_20862:4:4bd33426-ebea-11ec-b63f-d65dada80a07" workflowTaskId="Activity_0qnri9d" workflowTaskName="Provide Passed Structural Analysis"/><taskActivityMappings1 actionTooDo="" actionVisibleOn="BOTH" allocated="Supplier" allocator="" checkListAction="" completionMessage="" completionPercentage="100.0" contextJson="" defaultAssignee="" displayViewName="" integration="false" isAcquire="false" isBulkReview="false" isOnSite="false" isReview="false" isValidate="false" isViewable="false" moduleStage="" reassign="false" roleList="Supplier" siteStage="" siteStatus="" skip="true" taskActionName="NA" taskActionNameIcon="Rejected" taskStatus="" viewName="" workflowId="Process_1_20862:4:4bd33426-ebea-11ec-b63f-d65dada80a07" workflowTaskId="Activity_0qnri9d" workflowTaskName="Provide Passed Structural Analysis"/></taskActivityMappings></tasks5></tasks></groups0></groups><templateDependencyList/></xml>