<?xml version="1.0" encoding="UTF-8"?><bpmn2:definitions xmlns:bpmn2="http://www.omg.org/spec/BPMN/20100524/MODEL" xmlns:bpmndi="http://www.omg.org/spec/BPMN/20100524/DI" xmlns:camunda="http://camunda.org/schema/1.0/bpmn" xmlns:dc="http://www.omg.org/spec/DD/20100524/DC" xmlns:di="http://www.omg.org/spec/DD/20100524/DI" xmlns:xsi="http://www.w3.org/2001/XMLSchema-instance" id="sample-diagram" targetNamespace="http://bpmn.io/schema/bpmn" xsi:schemaLocation="http://www.omg.org/spec/BPMN/20100524/MODEL BPMN20.xsd">
  <bpmn2:process id="Process_1_20862" name="WS_SiteScope_Minor" processType="None" isClosed="false" isExecutable="true">
    <bpmn2:extensionElements>
      <camunda:properties>
        <camunda:property name="workOrderIDPrefix" value="WS"/>
      </camunda:properties>
    </bpmn2:extensionElements>
    <bpmn2:startEvent id="StartEvent_1">
      <bpmn2:outgoing>Flow_0jbuozv</bpmn2:outgoing>
    </bpmn2:startEvent>
    <bpmn2:parallelGateway id="Gateway_0l4bra7">
      <bpmn2:incoming>Flow_0jbuozv</bpmn2:incoming>
      <bpmn2:outgoing>Flow_0cspks6</bpmn2:outgoing>
      <bpmn2:outgoing>Flow_1ewh920</bpmn2:outgoing>
    </bpmn2:parallelGateway>
    <bpmn2:userTask id="Activity_0pq8s2o" name="Review E911" implementation="##unspecified">
      <bpmn2:incoming>Flow_1vcusov</bpmn2:incoming>
      <bpmn2:outgoing>Flow_1khl507</bpmn2:outgoing>
    </bpmn2:userTask>
    <bpmn2:sequenceFlow id="Flow_0cspks6" sourceRef="Gateway_0l4bra7" targetRef="Activity_1uivjax"/>
    <bpmn2:userTask id="Activity_1vwd9ia" name="Order Structural Analysis" implementation="##unspecified">
      <bpmn2:incoming>Flow_1ewh920</bpmn2:incoming>
      <bpmn2:outgoing>Flow_1rrvq04</bpmn2:outgoing>
    </bpmn2:userTask>
    <bpmn2:sequenceFlow id="Flow_1ewh920" sourceRef="Gateway_0l4bra7" targetRef="Activity_1vwd9ia"/>
    <bpmn2:userTask id="Activity_0pffpe8" name="Provide Failed Structural Analysis" implementation="##unspecified">
      <bpmn2:incoming>Flow_1rrvq04</bpmn2:incoming>
      <bpmn2:outgoing>Flow_16ddcae</bpmn2:outgoing>
    </bpmn2:userTask>
    <bpmn2:sequenceFlow id="Flow_1rrvq04" sourceRef="Activity_1vwd9ia" targetRef="Activity_0pffpe8"/>
    <bpmn2:userTask id="Activity_0ujndtz" name="Review TARP" implementation="##unspecified">
      <bpmn2:incoming>Flow_16ddcae</bpmn2:incoming>
      <bpmn2:outgoing>Flow_0iktq4v</bpmn2:outgoing>
    </bpmn2:userTask>
    <bpmn2:sequenceFlow id="Flow_16ddcae" sourceRef="Activity_0pffpe8" targetRef="Activity_0ujndtz"/>
    <bpmn2:userTask id="Activity_0qnri9d" name="Provide Passed Structural Analysis" implementation="##unspecified">
      <bpmn2:incoming>Flow_0iktq4v</bpmn2:incoming>
      <bpmn2:outgoing>Flow_1l2f2eu</bpmn2:outgoing>
    </bpmn2:userTask>
    <bpmn2:sequenceFlow id="Flow_0iktq4v" sourceRef="Activity_0ujndtz" targetRef="Activity_0qnri9d"/>
    <bpmn2:sequenceFlow id="Flow_1l2f2eu" sourceRef="Activity_0qnri9d" targetRef="Gateway_1cwu55u"/>
    <bpmn2:endEvent id="Event_1b05j4i">
      <bpmn2:incoming>Flow_1n4ufqg</bpmn2:incoming>
    </bpmn2:endEvent>
    <bpmn2:sequenceFlow id="Flow_1n4ufqg" sourceRef="Gateway_1cwu55u" targetRef="Event_1b05j4i"/>
    <bpmn2:parallelGateway id="Gateway_1cwu55u">
      <bpmn2:incoming>Flow_1l2f2eu</bpmn2:incoming>
      <bpmn2:incoming>Flow_1khl507</bpmn2:incoming>
      <bpmn2:outgoing>Flow_1n4ufqg</bpmn2:outgoing>
    </bpmn2:parallelGateway>
    <bpmn2:sequenceFlow id="Flow_1khl507" sourceRef="Activity_0pq8s2o" targetRef="Gateway_1cwu55u"/>
    <bpmn2:sequenceFlow id="Flow_0jbuozv" sourceRef="StartEvent_1" targetRef="Gateway_0l4bra7"/>
    <bpmn2:userTask id="Activity_1uivjax" name="Complete Construction Ready RFDS" implementation="##unspecified">
      <bpmn2:incoming>Flow_0cspks6</bpmn2:incoming>
      <bpmn2:outgoing>Flow_1vcusov</bpmn2:outgoing>
    </bpmn2:userTask>
    <bpmn2:sequenceFlow id="Flow_1vcusov" sourceRef="Activity_1uivjax" targetRef="Activity_0pq8s2o"/>
  </bpmn2:process>
  <bpmndi:BPMNDiagram id="BPMNDiagram_1">
    <bpmndi:BPMNPlane id="BPMNPlane_1" bpmnElement="Process_1_20862">
      <bpmndi:BPMNShape id="_BPMNShape_StartEvent_2" bpmnElement="StartEvent_1">
        <dc:Bounds x="1052" y="102" width="36" height="36"/>
      </bpmndi:BPMNShape>
      <bpmndi:BPMNShape id="Gateway_0bywofp_di" bpmnElement="Gateway_0l4bra7">
        <dc:Bounds x="1125" y="95" width="50" height="50"/>
      </bpmndi:BPMNShape>
      <bpmndi:BPMNShape id="Activity_0pq8s2o_di" bpmnElement="Activity_0pq8s2o">
        <dc:Bounds x="1360" y="80" width="100" height="80"/>
      </bpmndi:BPMNShape>
      <bpmndi:BPMNEdge id="Flow_0cspks6_di" bpmnElement="Flow_0cspks6">
        <di:waypoint x="1175" y="120"/>
        <di:waypoint x="1220" y="120"/>
      </bpmndi:BPMNEdge>
      <bpmndi:BPMNShape id="Activity_1vwd9ia_di" bpmnElement="Activity_1vwd9ia">
        <dc:Bounds x="1220" y="190" width="100" height="80"/>
      </bpmndi:BPMNShape>
      <bpmndi:BPMNEdge id="Flow_1ewh920_di" bpmnElement="Flow_1ewh920">
        <di:waypoint x="1150" y="145"/>
        <di:waypoint x="1150" y="230"/>
        <di:waypoint x="1220" y="230"/>
      </bpmndi:BPMNEdge>
      <bpmndi:BPMNShape id="Activity_0pffpe8_di" bpmnElement="Activity_0pffpe8">
        <dc:Bounds x="1360" y="190" width="100" height="80"/>
      </bpmndi:BPMNShape>
      <bpmndi:BPMNEdge id="Flow_1rrvq04_di" bpmnElement="Flow_1rrvq04">
        <di:waypoint x="1320" y="230"/>
        <di:waypoint x="1360" y="230"/>
      </bpmndi:BPMNEdge>
      <bpmndi:BPMNShape id="Activity_0ujndtz_di" bpmnElement="Activity_0ujndtz">
        <dc:Bounds x="1500" y="190" width="100" height="80"/>
      </bpmndi:BPMNShape>
      <bpmndi:BPMNEdge id="Flow_16ddcae_di" bpmnElement="Flow_16ddcae">
        <di:waypoint x="1460" y="230"/>
        <di:waypoint x="1500" y="230"/>
      </bpmndi:BPMNEdge>
      <bpmndi:BPMNShape id="Activity_0qnri9d_di" bpmnElement="Activity_0qnri9d">
        <dc:Bounds x="1640" y="190" width="100" height="80"/>
      </bpmndi:BPMNShape>
      <bpmndi:BPMNEdge id="Flow_0iktq4v_di" bpmnElement="Flow_0iktq4v">
        <di:waypoint x="1600" y="230"/>
        <di:waypoint x="1640" y="230"/>
      </bpmndi:BPMNEdge>
      <bpmndi:BPMNEdge id="Flow_1l2f2eu_di" bpmnElement="Flow_1l2f2eu">
        <di:waypoint x="1690" y="190"/>
        <di:waypoint x="1690" y="145"/>
      </bpmndi:BPMNEdge>
      <bpmndi:BPMNShape id="Event_1b05j4i_di" bpmnElement="Event_1b05j4i">
        <dc:Bounds x="1762" y="102" width="36" height="36"/>
      </bpmndi:BPMNShape>
      <bpmndi:BPMNEdge id="Flow_1n4ufqg_di" bpmnElement="Flow_1n4ufqg">
        <di:waypoint x="1715" y="120"/>
        <di:waypoint x="1762" y="120"/>
      </bpmndi:BPMNEdge>
      <bpmndi:BPMNShape id="Gateway_1xftuhc_di" bpmnElement="Gateway_1cwu55u">
        <dc:Bounds x="1665" y="95" width="50" height="50"/>
      </bpmndi:BPMNShape>
      <bpmndi:BPMNEdge id="Flow_1khl507_di" bpmnElement="Flow_1khl507">
        <di:waypoint x="1460" y="120"/>
        <di:waypoint x="1665" y="120"/>
      </bpmndi:BPMNEdge>
      <bpmndi:BPMNEdge id="Flow_0jbuozv_di" bpmnElement="Flow_0jbuozv">
        <di:waypoint x="1088" y="120"/>
        <di:waypoint x="1125" y="120"/>
      </bpmndi:BPMNEdge>
      <bpmndi:BPMNShape id="Activity_1uivjax_di" bpmnElement="Activity_1uivjax">
        <dc:Bounds x="1220" y="80" width="100" height="80"/>
      </bpmndi:BPMNShape>
      <bpmndi:BPMNEdge id="Flow_1vcusov_di" bpmnElement="Flow_1vcusov">
        <di:waypoint x="1320" y="120"/>
        <di:waypoint x="1360" y="120"/>
      </bpmndi:BPMNEdge>
    </bpmndi:BPMNPlane>
  </bpmndi:BPMNDiagram>
</bpmn2:definitions>