{
  "gridOptions": {
    "suppressHorizontalScroll": false,
    "rowModelType": "serverSide",
    "rowSelection": "multiple",
    "suppressRowClickSelection": true,
    "suppressCellSelection": true,
    "suppressCapitalization": true,
    "columnDefs": [
      {
        "headerName": "STATUS",
        "field": "workStatus",
        "cellRendererParams": {
          "suppressCapitalization": true,
          "suppressTranslation": false
        },
        "cellRenderer": "gxAgGridCellStatus",
        "sortable": true
      },
      {
        "headerName": "TASK/MILESTONE_NAME",
        "field": "name",
        "cellRenderer": "gxAgGridCellStatus",
        "width": 180,
        "cellRendererParams": {
          "suppressCapitalization": true
        },
        "sortable": true
      },
      {
        "headerName": "TASK_CODE",
        "field": "taskCode",
        "cellRenderer": "gxAgGridTooltip",
        "width": 170,
        "sortable": true
      },
      {
        "headerName": "ASSIGNEE",
        "field": "assignee",
        "cellRenderer": "myCustomAssignee",
        "width": 150,
        "sortable": false
      },
      {
        "headerName": "WORK_ORDER_ID",
        "field": "workOrderName",
        "cellRenderer": "gxAgGridCellLabelText",
        "suppressCellClick": true,
        "ishyperLink": true,
        "width": 200,
        "sortable": true
      },
      {
        "headerName": "WORKORDER_NAME",
        "field": "projectName",
        "cellRenderer": "gxAgGridTooltip",
        "width": 150,
        "suppressMovable": true,
        "sortable": true
      },
      {
        "headerName": "PRIORITY",
        "field": "priority.name",
        "cellRenderer": "gxAgGridCellLabelText",
        "width": 200,
        "sortable": true
      },
      {
        "headerName": "PLANNED_START_DATE",
        "field": "plannedStartTime",
        "cellRenderer": "myCustomSingleDate",
        "minDate": "plannedStartTime",
        "from": "plannedStart",
        "width": 210,
        "id": "PLANSTARTDATEPOPUP",
        "suppressClickEdit": true,
        "editable": "taskdateupdate",
        "sortable": true
      },
      {
        "headerName": "PLANNED_END_DATE",
        "field": "plannedEndTime",
        "cellRenderer": "myCustomSingleDate",
        "minDate": "plannedEndTime",
        "width": 210,
        "id": "PLANENDDATEPOPUP",
        "suppressClickEdit": true,
        "editable": "taskenddateupdate",
        "sortable": true
      },
      {
        "headerName": "ACTUAL_START_DATE",
        "cellRenderer": "gxAgGridDateAndTime",
        "field": "actualStartTime",
        "cellRendererParams": {
          "suppressTime": true
        },
        "sortable": true
      },
      {
        "headerName": "ACTUAL_END_DATE",
        "cellRenderer": "gxAgGridDateAndTime",
        "field": "actualEndTime",
        "cellRendererParams": {
          "suppressTime": true
        },
        "sortable": true
      },
      {
        "headerName": "ACTION_TEXT",
        "field": "id",
        "pinned": "right",
        "cellRenderer": "gxAgGridMenuButton",
        "width": 10,
        "sortable": false
      }
    ]
  },
  "headerOptions": {
    "suppressFilterButton": false,
    "suppressViewSwitch": true,
    "refreshMenuConfig": {
      "dropdownList": [
        "10s",
        "30s",
        "1m",
        "1h"
      ],
      "suppressRefreshMenu": false,
      "suppressDropdown": true
    }
  },
  "componentOptions": {
    "suppressTableOptions": false,
    "exportOptions": {
      "fileName": "workorder-information",
      "rowHeight": "20px",
      "columnKeys": [
        "projectStatus",
        "name",
        "templateVersion",
        "workOrderNumber",
        "construction.referenceId",
        "construction.constructionType.name",
        "projectEntity.siteType",
        "projectEntity.referenceId",
        "responsibleOrganization.groupName",
        "plannedDate",
        "actualDate",
        "workStatus"
      ]
    },
    "defaultView": "List"
  },
  "apiOptions": {
    "apiConfig": {
      "countConfig": {
        "context": "WORKORDER",
        "url": "/ProjectTask/countForDetail",
        "fiqlKey": "_s",
        "defaultFiql": "id=ge=0;",
        "countKey": "totalCount",
        "quickFilterFiql": "name=='*$_s*'",
        "customFiql": "siteJobReferenceId=='$siteJobReferenceId'",
        "queryParamsUrl": "$totalCount&$_s&$orderBy&$orderType&$llimit&$ulimit",
        "suppressNullValues": true,
        "requestType": "GET",
        "suppressEncoding": true
      },
      "dataConfig": {
        "context": "WORKORDER",
        "lLimitKey": "llimit",
        "uLimitKey": "ulimit",
        "url": "/ProjectTask/searchForDetail",
        "datakey": "data",
        "queryParamsUrl": "$data&$_s&$llimit&$ulimit&$orderBy&$orderType",
        "requestType": "GET",
        "suppressNullValues": true,
        "fiqlKey": "_s",
        "defaultFiql": "id=ge=0;",
        "quickFilterFiql": "name=='*$_s*'",
        "customFiql": "siteJobReferenceId=='$siteJobReferenceId'",
        "params": {
          "llimit": 0,
          "ulimit": 299
        },
        "suppressEncoding": true
      }
    }
  },
  "footerOptions": {},
  "filterOptions": {
    "bookmarkConfig": {
      "enableBookmark": true,
      "bookmarkType": "JOB_TASK_DETAIL_AGGRID"
    },
    "filterConfig": [
      {
        "key": "workStatus",
        "label": "STATUS_TEXT",
        "type": "box",
        "optionList": [
          {
            "name": "COMPLETED",
            "value": "COMPLETED"
          },
          {
            "name": "OPEN",
            "value": "OPEN"
          },
          {
            "name": "REOPEN",
            "value": "REOPEN"
          },
          {
            "name": "ON_HOLD",
            "value": "ON_HOLD"
          },
          {
            "name": "SKIPPED",
            "value": "SKIPPED"
          },
          {
            "name": "YET_TO_START",
            "value": "YET_TO_START"
          },
          {
            "name": "NA",
            "value": "NA"
          }
        ],
        "filterType": "quick"
      },
      {
        "label": "PLANNED_START_DATE_AND_END_DATE",
        "key": "plannedStartTime",
        "endDateKey": "plannedEndTime",
        "type": "daterangepicker",
        "format": "YYYY-MM-DD HH:mm:ss",
        "enableFutureDate": true,
        "hour": 23,
        "minute": 59,
        "second": 59,
        "filterType": "quick"
      },
      {
        "label": "ACTUAL_START_DATE_AND_END_DATE",
        "key": "actualStartTime",
        "endDateKey": "actualEndTime",
        "type": "daterangepicker",
        "format": "YYYY-MM-DD HH:mm:ss",
        "enableFutureDate": true,
        "hour": 23,
        "minute": 59,
        "second": 59,
        "filterType": "quick"
      },
      {
        "label": "PRIORITY",
        "key": "priority.name",
        "filterType": "quick",
        "type": "select",
        "optionList": [
          {
            "name": "High",
            "value": "High"
          },
          {
            "name": "Medium",
            "value": "Medium"
          },
          {
            "name": "Low",
            "value": "Low"
          }
        ]
      },
      {
        "label": "WORKORDER_NAME_AND_ID",
        "key": "workOrderName",
        "type": "multiSelectionAutocomplete",
        "placeholder": "WORKORDER_NAME_AND_ID",
        "apiConfig": {
          "context": "WORKORDER",
          "rest": "/Project/search?_s=id=ge=0;name=='*$referenceId*',workOrderNumber=='*$referenceId*'&orderBy=modifiedTime&orderType=desc&ulimit=49&llimit=0",
          "type": "GET",
          "dataType": "object",
          "dataKey": "workOrderNumber",
          "valueKey": "workOrderNumber",
          "displayExpression": "$workOrderNumber ($name)",
          "params": [
            {
              "key": "referenceId",
              "fromSearch": true
            }
          ]
        },
        "filterType": "quick"
      },
      {
        "label": "TASK_NAME",
        "key": "name",
        "filterType": "quick",
        "type": "input",
        "maxlength": "100"
      },
      {
        "label": "TASK_CODE",
        "key": "taskCode",
        "filterType": "quick",
        "type": "input",
        "maxlength": "50"
      }
    ]
  },
  "sortingOptions": {
    "sortConfig": [
      {
        "colId": "projectStatus",
        "orderByKey": "orderBy",
        "orderByValue": "projectStatus",
        "orderTypeKey": "orderType",
        "acs": "asc",
        "desc": "desc"
      },
      {
        "colId": "name",
        "orderByKey": "orderBy",
        "orderByValue": "name",
        "orderTypeKey": "orderType",
        "acs": "asc",
        "desc": "desc"
      },
      {
        "colId": "taskCode",
        "orderByKey": "orderBy",
        "orderByValue": "taskCode",
        "orderTypeKey": "orderType",
        "acs": "asc",
        "desc": "desc"
      },
      {
        "colId": "workOrderName",
        "orderByKey": "orderBy",
        "orderByValue": "workOrderName",
        "orderTypeKey": "orderType",
        "acs": "asc",
        "desc": "desc"
      },
      {
        "colId": "projectName",
        "orderByKey": "orderBy",
        "orderByValue": "projectName",
        "orderTypeKey": "orderType",
        "acs": "asc",
        "desc": "desc"
      },
      {
        "colId": "workOrderNumber",
        "orderByKey": "orderBy",
        "orderByValue": "workOrderNumber",
        "orderTypeKey": "orderType",
        "acs": "asc",
        "desc": "desc"
      },
      {
        "colId": "projectEntity.siteType",
        "orderByKey": "orderBy",
        "orderByValue": "projectEntity.siteType",
        "orderTypeKey": "orderType",
        "acs": "asc",
        "desc": "desc"
      },
      {
        "colId": "projectEntity.referenceId",
        "orderByKey": "orderBy",
        "orderByValue": "projectEntity.referenceId",
        "orderTypeKey": "orderType",
        "acs": "asc",
        "desc": "desc"
      },
      {
        "colId": "responsibleOrganization.groupName",
        "orderByKey": "orderBy",
        "orderByValue": "responsibleOrganization.groupName",
        "orderTypeKey": "orderType",
        "acs": "asc",
        "desc": "desc"
      },
      {
        "colId": "workStatus",
        "orderByKey": "orderBy",
        "orderByValue": "workStatus",
        "orderTypeKey": "orderType",
        "acs": "asc",
        "desc": "desc"
      },
      {
        "colId": "plannedStartTime",
        "orderByKey": "orderBy",
        "orderByValue": "plannedStartTime",
        "orderTypeKey": "orderType",
        "acs": "asc",
        "desc": "desc"
      },
      {
        "colId": "plannedEndTime",
        "orderByKey": "orderBy",
        "orderByValue": "plannedEndTime",
        "orderTypeKey": "orderType",
        "acs": "asc",
        "desc": "desc"
      },
      {
        "colId": "actualStartTime",
        "orderByKey": "orderBy",
        "orderByValue": "actualStartTime",
        "orderTypeKey": "orderType",
        "acs": "asc",
        "desc": "desc"
      },
      {
        "colId": "actualEndTime",
        "orderByKey": "orderBy",
        "orderByValue": "actualEndTime",
        "orderTypeKey": "orderType",
        "acs": "asc",
        "desc": "desc"
      },
      {
        "colId": "priority.name",
        "orderByKey": "orderBy",
        "orderByValue": "priority",
        "orderTypeKey": "orderType"
      }
    ]
  }
}