{
  "gridOptions": {
    "suppressHorizontalScroll": false,
    "rowModelType": "serverSide",
    "rowSelection": "multiple",
    "suppressRowClickSelection": true,
    "suppressCellSelection": true,
    "columnDefs": [
      {
        "headerName": "STATUS_TEXT",
        "field": "workStatus",
        "cellRendererParams": {
          "suppressCapitalization": true,
          "suppressTranslation": false
        },
        "cellRenderer": "gxAgGridCellStatus",
        "valueGetter": "myCustomStatusCellRenderer",
        "width": 150,
        "sortable": true
      },
      {
        "headerName": "TASK/MILESTONE_NAME",
        "field": "name",
        "cellRenderer": "gxAgGridCellStatus",
        "width": 220,
        "cellRendererParams": {
          "suppressCapitalization": true
        },
        "sortable": true
      },
      {
        "headerName": "TASK_CODE",
        "field": "taskCode",
        "cellRenderer": "gxAgGridTooltip",
        "width": 170,
        "sortable": true
      },
      {
        "headerName": "ASSIGNEE",
        "field": "assignee",
        "width": 160,
        "sortable": false,
        "cellRenderer": "gxAgGridTooltip",
        "editable": "taskassignee",
        "cellEditor": "myCustomAssignee",
        "valueGetter": "Assigneevalue",
        "valueSetter": "AssigneeValueSetter"
      },
      {
        "headerName": "PRIORITY",
        "field": "priority.name",
        "cellRenderer": "gxAgGridCellLabelText",
        "width": 120,
        "sortable": true
      },
      {
        "headerName": "PLANNED_START_DATE_TEXT",
        "field": "plannedStartTime",
        "cellRenderer": "myCustomSingleDate",
        "minDate": "plannedStartTime",
        "width": 210,
        "id": "PLANSTARTDATEPOPUP",
        "from": "plannedStart",
        "suppressClickEdit": true,
        "editable": "taskdateupdate",
        "sortable": true
      },
      {
        "headerName": "PLANNED_END_DATE",
        "field": "plannedEndTime",
        "cellRenderer": "myCustomSingleDate",
        "minDate": "plannedEndTime",
        "width": 210,
        "id": "PLANENDDATEPOPUP",
        "suppressClickEdit": true,
        "editable": "taskenddateupdate",
        "sortable": true
      },
      {
        "headerName": "ACTUAL_START_DATE",
        "cellRenderer": "gxAgGridDateAndTime",
        "field": "actualStartTime",
        "cellRendererParams": {
          "suppressTime": true
        },
        "sortable": true
      },
      {
        "headerName": "ACTUAL_END_DATE",
        "cellRenderer": "gxAgGridDateAndTime",
        "field": "actualEndTime",
        "cellRendererParams": {
          "suppressTime": true
        },
        "sortable": true
      },
      {
        "headerName": "",
        "field": "id",
        "pinned": "right",
        "cellRenderer": "gxAgGridMenuButton",
        "width": 10,
        "sortable": false
      }
    ]
  },
  "headerOptions": {
    "suppressHeader": false,
    "viewSwitchType": "toggle-button",
    "suppressViewSwitch": true,
    "refreshMenuConfig": {
      "dropdownList": [
        "10s",
        "30s",
        "1m",
        "1h"
      ],
      "suppressDropdown": true,
      "suppressRefreshMenu": false
    }
  },
  "apiOptions": {
    "apiConfig": {
      "countConfig": {
        "context": "WORKORDER",
        "url": "/ProjectTask/countForDetail",
        "fiqlKey": "_s",
        "defaultFiql": "id=ge=0;",
        "countKey": "totalCount",
        "quickFilterFiql": "name=='*$_s*'",
        "customFiql": "workOrderName=='$workOrderName'",
        "queryParamsUrl": "$totalCount&$_s&$orderBy&$orderType&$llimit&$ulimit",
        "suppressNullValues": true,
        "requestType": "GET",
        "suppressEncoding": false
      },
      "dataConfig": {
        "context": "WORKORDER",
        "lLimitKey": "llimit",
        "uLimitKey": "ulimit",
        "url": "/ProjectTask/searchForDetail",
        "datakey": "data",
        "queryParamsUrl": "$data&$_s&$llimit&$ulimit&$orderBy&$orderType",
        "requestType": "GET",
        "suppressNullValues": true,
        "fiqlKey": "_s",
        "defaultFiql": "id=ge=0;",
        "quickFilterFiql": "name=='*$_s*'",
        "customFiql": "workOrderName=='$workOrderName'",
        "params": {
          "llimit": 0,
          "ulimit": 299
        },
        "suppressEncoding": false
      }
    }
  },
  "footerOptions": {
    "suppressFooter": true
  },
  "filterOptions": {
    "bookmarkConfig": {
      "enableBookmark": true,
      "bookmarkType": "WORKORDER_INSIDETASK_AGGRID"
    },
    "filterConfig": [
      {
        "key": "workStatus",
        "label": "STATUS_TEXT",
        "type": "box",
        "optionList": [
          {
            "name": "COMPLETED",
            "value": "COMPLETED"
          },
          {
            "name": "OPEN",
            "value": "OPEN"
          },
          {
            "name": "REOPEN",
            "value": "REOPEN"
          },
          {
            "name": "ON_HOLD",
            "value": "ON_HOLD"
          },
          {
            "name": "SKIPPED",
            "value": "SKIPPED"
          },
          {
            "name": "YET_TO_START",
            "value": "YET_TO_START"
          },
          {
            "name": "NA",
            "value": "NA"
          }
        ],
        "filterType": "quick"
      },
      {
        "label": "PLANNED_START_DATE_AND_END_DATE",
        "key": "plannedStartTime",
        "endDateKey": "plannedEndTime",
        "type": "daterangepicker",
        "format": "YYYY-MM-DD HH:mm:ss",
        "enableFutureDate": true,
        "hour": 23,
        "minute": 59,
        "second": 59,
        "filterType": "quick"
      },
      {
        "label": "ACTUAL_START_DATE_AND_END_DATE",
        "key": "actualStartTime",
        "endDateKey": "actualEndTime",
        "type": "daterangepicker",
        "format": "YYYY-MM-DD HH:mm:ss",
        "enableFutureDate": true,
        "hour": 23,
        "minute": 59,
        "second": 59,
        "filterType": "quick"
      },
      {
        "label": "PRIORITY",
        "key": "priority.name",
        "filterType": "quick",
        "type": "select",
        "optionList": [
          {
            "name": "High",
            "value": "High"
          },
          {
            "name": "Medium",
            "value": "Medium"
          },
          {
            "name": "Low",
            "value": "Low"
          }
        ]
      },
      {
        "label": "TASK_NAME",
        "key": "name",
        "filterType": "quick",
        "type": "input"
      },
      {
        "label": "TASK_CODE",
        "key": "taskCode",
        "filterType": "quick",
        "type": "input"
      }
    ]
  },
  "sortingOptions": {
    "sortConfig": [
      {
        "colId": "workStatus",
        "orderByKey": "orderBy",
        "orderByValue": "workStatus",
        "orderTypeKey": "orderType",
        "acs": "asc",
        "desc": "desc"
      },
      {
        "colId": "name",
        "orderByKey": "orderBy",
        "orderByValue": "name",
        "orderTypeKey": "orderType",
        "acs": "asc",
        "desc": "desc"
      },
      {
        "colId": "taskCode",
        "orderByKey": "orderBy",
        "orderByValue": "taskCode",
        "orderTypeKey": "orderType",
        "acs": "asc",
        "desc": "desc"
      },
      {
        "colId": "plannedStartTime",
        "orderByKey": "orderBy",
        "orderByValue": "plannedStartTime",
        "orderTypeKey": "orderType",
        "acs": "asc",
        "desc": "desc"
      },
      {
        "colId": "plannedEndTime",
        "orderByKey": "orderBy",
        "orderByValue": "plannedEndTime",
        "orderTypeKey": "orderType",
        "acs": "asc",
        "desc": "desc"
      },
      {
        "colId": "actualStartTime",
        "orderByKey": "orderBy",
        "orderByValue": "actualStartTime",
        "orderTypeKey": "orderType",
        "acs": "asc",
        "desc": "desc"
      },
      {
        "colId": "actualEndTime",
        "orderByKey": "orderBy",
        "orderByValue": "actualEndTime",
        "orderTypeKey": "orderType",
        "acs": "asc",
        "desc": "desc"
      },
      {
        "colId": "priority.name",
        "orderByKey": "orderBy",
        "orderByValue": "priority",
        "orderTypeKey": "orderType"
      }
    ]
  },
  "componentOptions": {
    "suppressTableOptions": false,
    "suppressPinHandler": true,
    "exportOptions": {
      "fileName": "workorder-task-information",
      "rowHeight": "20px",
      "columnKeys": [
        "workStatus",
        "name",
        "assignee",
        "workOrderNumber",
        "priority.name",
        "planeStartAndEndDate",
        "actualDate"
      ]
    }
  }
}