<?xml version="1.0" encoding="UTF-8"?><xml><projectTemplateName>Integration WO</projectTemplateName><projectTemplateCategory>Outdoor</projectTemplateCategory><projectTemplateProcessList><projectTemplateProcessList0><processDefinitionId>WSIntegrationMTFinal659_Copy:8:42235195</processDefinitionId><associatedWorkflowName>WS_Integration_MTFinal</associatedWorkflowName></projectTemplateProcessList0></projectTemplateProcessList><status>ACTIVE</status><siteType>Radio BS</siteType><band>1234GHz</band><label></label><woidPrefix>INT</woidPrefix><nominal>NOMINAL</nominal><instantiationType>MULTIPLE</instantiationType><technologyName>5G</technologyName><timeBase>DAYS</timeBase><templateType>LOCAL</templateType><groups><groups0><groupTemplateName>Integration_WO</groupTemplateName><groupTemplateWeightage>100.0</groupTemplateWeightage><groupTemplateStartTime></groupTemplateStartTime><groupTemplateDuration>782</groupTemplateDuration><tasks><tasks0><taskTemplateObj><taskTemplateObj0 taskTemplateCategory="PM" taskTemplateName="Select Job Scope"/></taskTemplateObj><taskOrderWithinGroup>1</taskOrderWithinGroup><taskWeightageInGroup>0.13</taskWeightageInGroup><planStartTime>1</planStartTime><timeToExecute>1</timeToExecute><manHours>1</manHours><apiContext></apiContext><methodType></methodType><visibleToNotificationEnable>false</visibleToNotificationEnable><mandatory>false</mandatory><assigneeEnable>true</assigneeEnable><recallOwnerEnable>false</recallOwnerEnable><workGroupEnable>false</workGroupEnable><apiUrl></apiUrl><customApiToCall>false</customApiToCall><recallRollList></recallRollList><recallRestart></recallRestart><woActivityId></woActivityId><reassign>false</reassign><assignedFrom>All Roles</assignedFrom><assignedTo></assignedTo><slaIdentifier></slaIdentifier><mileStoneStage></mileStoneStage><billable>false</billable><taskConfiguration>FULLY_CONFIGURED</taskConfiguration><priorityObj><priorityObj0 priorityName="Medium" priorityType="PROJECTTASK"/></priorityObj><templateNotificationList></templateNotificationList><templateTaskExecutionCategoryList></templateTaskExecutionCategoryList><taskActivityMappings><taskActivityMappings0 actionTooDo="" actionVisibleOn="BOTH" checkListAction="" completionPercentage="100.0" contextJson="{&quot;ScopeVariable&quot; :&quot;ProjectCustomField-projectDropDown1&quot;}" defaultAssignee="" displayViewName="Scope Selection_MT" isAcquire="false" isBulkReview="false" isOnSite="false" isReview="false" isValidate="false" isViewable="false" moduleStage="" roleList="All Roles" siteStage="" siteStatus="" taskActionName="Complete" taskActionNameIcon="Like-Outline" taskStatus="" viewName="scopeselection_mt" workflowId="WSIntegrationMTFinal659_Copy:8:42235195" workflowTaskId="Activity_1dlyp8w" workflowTaskName="Select Job Scope"/></taskActivityMappings></tasks0><tasks1><taskTemplateObj><taskTemplateObj0 taskTemplateCategory="PM" taskTemplateName="Wait for Construction RFDS.C (SS020)"/></taskTemplateObj><taskOrderWithinGroup>2</taskOrderWithinGroup><taskWeightageInGroup>0.13</taskWeightageInGroup><planStartTime>1</planStartTime><timeToExecute>1</timeToExecute><manHours>1</manHours><apiContext></apiContext><methodType></methodType><visibleToNotificationEnable>false</visibleToNotificationEnable><mandatory>false</mandatory><assigneeEnable>true</assigneeEnable><recallOwnerEnable>false</recallOwnerEnable><workGroupEnable>false</workGroupEnable><apiUrl></apiUrl><customApiToCall>false</customApiToCall><recallRollList></recallRollList><recallRestart></recallRestart><woActivityId></woActivityId><reassign>false</reassign><assignedFrom>All Roles</assignedFrom><assignedTo></assignedTo><slaIdentifier></slaIdentifier><mileStoneStage></mileStoneStage><billable>false</billable><taskConfiguration>FULLY_CONFIGURED</taskConfiguration><priorityObj><priorityObj0 priorityName="Medium" priorityType="PROJECTTASK"/></priorityObj><templateNotificationList></templateNotificationList><templateTaskExecutionCategoryList></templateTaskExecutionCategoryList><taskActivityMappings><taskActivityMappings0 actionTooDo="" actionVisibleOn="BOTH" checkListAction="" completionPercentage="100.0" contextJson="" defaultAssignee="" displayViewName="" isAcquire="false" isBulkReview="false" isOnSite="false" isReview="false" isValidate="false" isViewable="false" moduleStage="" roleList="All Roles" siteStage="" siteStatus="" taskActionName="Complete" taskActionNameIcon="Like-Outline" taskStatus="" viewName="" workflowId="WSIntegrationMTFinal659_Copy:8:42235195" workflowTaskId="Activity_135vly2" workflowTaskName="Wait for Construction RFDS.C (SS020)"/></taskActivityMappings></tasks1><tasks2><taskTemplateObj><taskTemplateObj0 taskTemplateCategory="PM" taskTemplateName="CI004 Enter RBS Data"/></taskTemplateObj><taskOrderWithinGroup>3</taskOrderWithinGroup><taskWeightageInGroup>0.9</taskWeightageInGroup><planStartTime>1</planStartTime><timeToExecute>7</timeToExecute><manHours>1</manHours><apiContext></apiContext><methodType></methodType><visibleToNotificationEnable>false</visibleToNotificationEnable><mandatory>false</mandatory><assigneeEnable>true</assigneeEnable><recallOwnerEnable>false</recallOwnerEnable><workGroupEnable>false</workGroupEnable><apiUrl></apiUrl><customApiToCall>false</customApiToCall><recallRollList></recallRollList><recallRestart></recallRestart><woActivityId></woActivityId><reassign>false</reassign><assignedFrom>All Roles</assignedFrom><assignedTo></assignedTo><slaIdentifier></slaIdentifier><mileStoneStage></mileStoneStage><billable>false</billable><taskConfiguration>FULLY_CONFIGURED</taskConfiguration><priorityObj><priorityObj0 priorityName="Medium" priorityType="PROJECTTASK"/></priorityObj><templateNotificationList></templateNotificationList><templateTaskExecutionCategoryList></templateTaskExecutionCategoryList><taskActivityMappings><taskActivityMappings0 actionTooDo="" actionVisibleOn="BOTH" checkListAction="" completionPercentage="100.0" contextJson="" defaultAssignee="" displayViewName="" isAcquire="false" isBulkReview="false" isOnSite="false" isReview="false" isValidate="false" isViewable="false" moduleStage="" roleList="All Roles" siteStage="" siteStatus="" taskActionName="Complete" taskActionNameIcon="Like-Outline" taskStatus="" viewName="" workflowId="WSIntegrationMTFinal659_Copy:8:42235195" workflowTaskId="Activity_13z7z6u" workflowTaskName="CI004 Enter RBS Data"/></taskActivityMappings></tasks2><tasks3><taskTemplateObj><taskTemplateObj0 taskTemplateCategory="PM" taskTemplateName="CI264 Submit GMLC to Vendor"/></taskTemplateObj><taskOrderWithinGroup>4</taskOrderWithinGroup><taskWeightageInGroup>0.13</taskWeightageInGroup><planStartTime>1</planStartTime><timeToExecute>1</timeToExecute><manHours>1</manHours><apiContext></apiContext><methodType></methodType><visibleToNotificationEnable>false</visibleToNotificationEnable><mandatory>false</mandatory><assigneeEnable>true</assigneeEnable><recallOwnerEnable>false</recallOwnerEnable><workGroupEnable>false</workGroupEnable><apiUrl></apiUrl><customApiToCall>false</customApiToCall><recallRollList></recallRollList><recallRestart></recallRestart><woActivityId></woActivityId><reassign>false</reassign><assignedFrom>All Roles</assignedFrom><assignedTo></assignedTo><slaIdentifier></slaIdentifier><mileStoneStage></mileStoneStage><billable>false</billable><taskConfiguration>FULLY_CONFIGURED</taskConfiguration><priorityObj><priorityObj0 priorityName="Medium" priorityType="PROJECTTASK"/></priorityObj><templateNotificationList></templateNotificationList><templateTaskExecutionCategoryList></templateTaskExecutionCategoryList><taskActivityMappings><taskActivityMappings0 actionTooDo="" actionVisibleOn="BOTH" checkListAction="" completionPercentage="100.0" contextJson="" defaultAssignee="" displayViewName="" isAcquire="false" isBulkReview="false" isOnSite="false" isReview="false" isValidate="false" isViewable="false" moduleStage="" roleList="All Roles" siteStage="" siteStatus="" taskActionName="Complete" taskActionNameIcon="Like-Outline" taskStatus="" viewName="" workflowId="WSIntegrationMTFinal659_Copy:8:42235195" workflowTaskId="Activity_1hpuloa" workflowTaskName="CI264 Submit GMLC to Vendor"/></taskActivityMappings></tasks3><tasks4><taskTemplateObj><taskTemplateObj0 taskTemplateCategory="PM" taskTemplateName="CI035 Complete e-Node B Integration"/></taskTemplateObj><taskOrderWithinGroup>5</taskOrderWithinGroup><taskWeightageInGroup>1.79</taskWeightageInGroup><planStartTime>1</planStartTime><timeToExecute>14</timeToExecute><manHours>1</manHours><apiContext></apiContext><methodType></methodType><visibleToNotificationEnable>false</visibleToNotificationEnable><mandatory>false</mandatory><assigneeEnable>true</assigneeEnable><recallOwnerEnable>false</recallOwnerEnable><workGroupEnable>false</workGroupEnable><apiUrl></apiUrl><customApiToCall>false</customApiToCall><recallRollList></recallRollList><recallRestart></recallRestart><woActivityId></woActivityId><reassign>false</reassign><assignedFrom>All Roles</assignedFrom><assignedTo></assignedTo><slaIdentifier></slaIdentifier><mileStoneStage></mileStoneStage><billable>false</billable><taskConfiguration>FULLY_CONFIGURED</taskConfiguration><priorityObj><priorityObj0 priorityName="Medium" priorityType="PROJECTTASK"/></priorityObj><templateNotificationList></templateNotificationList><templateTaskExecutionCategoryList></templateTaskExecutionCategoryList><taskActivityMappings><taskActivityMappings0 actionTooDo="" actionVisibleOn="BOTH" checkListAction="" completionPercentage="100.0" contextJson="" defaultAssignee="" displayViewName="" isAcquire="false" isBulkReview="false" isOnSite="false" isReview="false" isValidate="false" isViewable="false" moduleStage="" roleList="All Roles" siteStage="" siteStatus="" taskActionName="Complete" taskActionNameIcon="Like-Outline" taskStatus="" viewName="" workflowId="WSIntegrationMTFinal659_Copy:8:42235195" workflowTaskId="Activity_1m9vp1q" workflowTaskName="CI035 Complete e-Node B Integration"/></taskActivityMappings></tasks4><tasks5><taskTemplateObj><taskTemplateObj0 taskTemplateCategory="PM" taskTemplateName="CI220 Complete E911 Call Testing"/></taskTemplateObj><taskOrderWithinGroup>6</taskOrderWithinGroup><taskWeightageInGroup>0.13</taskWeightageInGroup><planStartTime>1</planStartTime><timeToExecute>1</timeToExecute><manHours>1</manHours><apiContext></apiContext><methodType></methodType><visibleToNotificationEnable>false</visibleToNotificationEnable><mandatory>false</mandatory><assigneeEnable>true</assigneeEnable><recallOwnerEnable>false</recallOwnerEnable><workGroupEnable>false</workGroupEnable><apiUrl></apiUrl><customApiToCall>false</customApiToCall><recallRollList></recallRollList><recallRestart></recallRestart><woActivityId></woActivityId><reassign>false</reassign><assignedFrom>All Roles</assignedFrom><assignedTo></assignedTo><slaIdentifier></slaIdentifier><mileStoneStage></mileStoneStage><billable>false</billable><taskConfiguration>FULLY_CONFIGURED</taskConfiguration><priorityObj><priorityObj0 priorityName="Medium" priorityType="PROJECTTASK"/></priorityObj><templateNotificationList></templateNotificationList><templateTaskExecutionCategoryList></templateTaskExecutionCategoryList><taskActivityMappings><taskActivityMappings0 actionTooDo="" actionVisibleOn="BOTH" checkListAction="" completionPercentage="100.0" contextJson="" defaultAssignee="" displayViewName="" isAcquire="false" isBulkReview="false" isOnSite="false" isReview="false" isValidate="false" isViewable="false" moduleStage="" roleList="All Roles" siteStage="" siteStatus="" taskActionName="Complete" taskActionNameIcon="Like-Outline" taskStatus="" viewName="" workflowId="WSIntegrationMTFinal659_Copy:8:42235195" workflowTaskId="Activity_0gdc3n4" workflowTaskName="CI220 Complete E911 Call Testing"/></taskActivityMappings></tasks5><tasks6><taskTemplateObj><taskTemplateObj0 taskTemplateCategory="PM" taskTemplateName="CI166 Conduct Optimization (LTE)"/></taskTemplateObj><taskOrderWithinGroup>7</taskOrderWithinGroup><taskWeightageInGroup>1.53</taskWeightageInGroup><planStartTime>1</planStartTime><timeToExecute>12</timeToExecute><manHours>1</manHours><apiContext></apiContext><methodType></methodType><visibleToNotificationEnable>false</visibleToNotificationEnable><mandatory>false</mandatory><assigneeEnable>true</assigneeEnable><recallOwnerEnable>false</recallOwnerEnable><workGroupEnable>false</workGroupEnable><apiUrl></apiUrl><customApiToCall>false</customApiToCall><recallRollList></recallRollList><recallRestart></recallRestart><woActivityId></woActivityId><reassign>false</reassign><assignedFrom>All Roles</assignedFrom><assignedTo></assignedTo><slaIdentifier></slaIdentifier><mileStoneStage></mileStoneStage><billable>false</billable><taskConfiguration>FULLY_CONFIGURED</taskConfiguration><priorityObj><priorityObj0 priorityName="Medium" priorityType="PROJECTTASK"/></priorityObj><templateNotificationList></templateNotificationList><templateTaskExecutionCategoryList></templateTaskExecutionCategoryList><taskActivityMappings><taskActivityMappings0 actionTooDo="" actionVisibleOn="BOTH" checkListAction="" completionPercentage="100.0" contextJson="" defaultAssignee="" displayViewName="" isAcquire="false" isBulkReview="false" isOnSite="false" isReview="false" isValidate="false" isViewable="false" moduleStage="" roleList="All Roles" siteStage="" siteStatus="" taskActionName="Complete" taskActionNameIcon="Like-Outline" taskStatus="" viewName="" workflowId="WSIntegrationMTFinal659_Copy:8:42235195" workflowTaskId="Activity_0kjjjl1" workflowTaskName="CI166 Conduct Optimization (LTE)"/></taskActivityMappings></tasks6><tasks7><taskTemplateObj><taskTemplateObj0 taskTemplateCategory="PM" taskTemplateName="CI032&#10;Turn Site On-Air"/></taskTemplateObj><taskOrderWithinGroup>8</taskOrderWithinGroup><taskWeightageInGroup>2.43</taskWeightageInGroup><planStartTime>1</planStartTime><timeToExecute>19</timeToExecute><manHours>1</manHours><apiContext></apiContext><methodType></methodType><visibleToNotificationEnable>false</visibleToNotificationEnable><mandatory>false</mandatory><assigneeEnable>true</assigneeEnable><recallOwnerEnable>false</recallOwnerEnable><workGroupEnable>false</workGroupEnable><apiUrl></apiUrl><customApiToCall>false</customApiToCall><recallRollList></recallRollList><recallRestart></recallRestart><woActivityId></woActivityId><reassign>false</reassign><assignedFrom>All Roles</assignedFrom><assignedTo></assignedTo><slaIdentifier></slaIdentifier><mileStoneStage></mileStoneStage><billable>false</billable><taskConfiguration>FULLY_CONFIGURED</taskConfiguration><priorityObj><priorityObj0 priorityName="Medium" priorityType="PROJECTTASK"/></priorityObj><templateNotificationList></templateNotificationList><templateTaskExecutionCategoryList></templateTaskExecutionCategoryList><taskActivityMappings><taskActivityMappings0 actionTooDo="" actionVisibleOn="BOTH" checkListAction="" completionPercentage="100.0" contextJson="" defaultAssignee="" displayViewName="" isAcquire="false" isBulkReview="false" isOnSite="false" isReview="false" isValidate="false" isViewable="false" moduleStage="" roleList="All Roles" siteStage="" siteStatus="" taskActionName="Complete" taskActionNameIcon="Like-Outline" taskStatus="" viewName="" workflowId="WSIntegrationMTFinal659_Copy:8:42235195" workflowTaskId="Activity_12u2rp4" workflowTaskName="CI032&#10;Turn Site On-Air"/></taskActivityMappings></tasks7><tasks8><taskTemplateObj><taskTemplateObj0 taskTemplateCategory="PM" taskTemplateName="CI139 Conduct Integration"/></taskTemplateObj><taskOrderWithinGroup>9</taskOrderWithinGroup><taskWeightageInGroup>6.39</taskWeightageInGroup><planStartTime>1</planStartTime><timeToExecute>50</timeToExecute><manHours>1</manHours><apiContext></apiContext><methodType></methodType><visibleToNotificationEnable>false</visibleToNotificationEnable><mandatory>false</mandatory><assigneeEnable>true</assigneeEnable><recallOwnerEnable>false</recallOwnerEnable><workGroupEnable>false</workGroupEnable><apiUrl></apiUrl><customApiToCall>false</customApiToCall><recallRollList></recallRollList><recallRestart></recallRestart><woActivityId></woActivityId><reassign>false</reassign><assignedFrom>All Roles</assignedFrom><assignedTo></assignedTo><slaIdentifier></slaIdentifier><mileStoneStage></mileStoneStage><billable>false</billable><taskConfiguration>FULLY_CONFIGURED</taskConfiguration><priorityObj><priorityObj0 priorityName="Medium" priorityType="PROJECTTASK"/></priorityObj><templateNotificationList></templateNotificationList><templateTaskExecutionCategoryList></templateTaskExecutionCategoryList><taskActivityMappings><taskActivityMappings0 actionTooDo="" actionVisibleOn="BOTH" checkListAction="" completionPercentage="100.0" contextJson="" defaultAssignee="" displayViewName="" isAcquire="false" isBulkReview="false" isOnSite="false" isReview="false" isValidate="false" isViewable="false" moduleStage="" roleList="All Roles" siteStage="" siteStatus="" taskActionName="Complete" taskActionNameIcon="Like-Outline" taskStatus="" viewName="" workflowId="WSIntegrationMTFinal659_Copy:8:42235195" workflowTaskId="Activity_0hybhkf" workflowTaskName="CI139 Conduct Integration"/></taskActivityMappings></tasks8><tasks9><taskTemplateObj><taskTemplateObj0 taskTemplateCategory="PM" taskTemplateName="CI140 Complete Optimization"/></taskTemplateObj><taskOrderWithinGroup>10</taskOrderWithinGroup><taskWeightageInGroup>3.84</taskWeightageInGroup><planStartTime>1</planStartTime><timeToExecute>30</timeToExecute><manHours>1</manHours><apiContext></apiContext><methodType></methodType><visibleToNotificationEnable>false</visibleToNotificationEnable><mandatory>false</mandatory><assigneeEnable>true</assigneeEnable><recallOwnerEnable>false</recallOwnerEnable><workGroupEnable>false</workGroupEnable><apiUrl></apiUrl><customApiToCall>false</customApiToCall><recallRollList></recallRollList><recallRestart></recallRestart><woActivityId></woActivityId><reassign>false</reassign><assignedFrom>All Roles</assignedFrom><assignedTo></assignedTo><slaIdentifier></slaIdentifier><mileStoneStage></mileStoneStage><billable>false</billable><taskConfiguration>FULLY_CONFIGURED</taskConfiguration><priorityObj><priorityObj0 priorityName="Medium" priorityType="PROJECTTASK"/></priorityObj><templateNotificationList></templateNotificationList><templateTaskExecutionCategoryList></templateTaskExecutionCategoryList><taskActivityMappings><taskActivityMappings0 actionTooDo="" actionVisibleOn="BOTH" checkListAction="" completionPercentage="100.0" contextJson="" defaultAssignee="" displayViewName="" isAcquire="false" isBulkReview="false" isOnSite="false" isReview="false" isValidate="false" isViewable="false" moduleStage="" roleList="All Roles" siteStage="" siteStatus="" taskActionName="Complete" taskActionNameIcon="Like-Outline" taskStatus="" viewName="" workflowId="WSIntegrationMTFinal659_Copy:8:42235195" workflowTaskId="Activity_1sqkr9v" workflowTaskName="CI140 Complete Optimization"/></taskActivityMappings></tasks9><tasks10><taskTemplateObj><taskTemplateObj0 taskTemplateCategory="PM" taskTemplateName="CI265 Conduct Prelaunch Audit"/></taskTemplateObj><taskOrderWithinGroup>11</taskOrderWithinGroup><taskWeightageInGroup>0.13</taskWeightageInGroup><planStartTime>1</planStartTime><timeToExecute>1</timeToExecute><manHours>1</manHours><apiContext></apiContext><methodType></methodType><visibleToNotificationEnable>false</visibleToNotificationEnable><mandatory>false</mandatory><assigneeEnable>true</assigneeEnable><recallOwnerEnable>false</recallOwnerEnable><workGroupEnable>false</workGroupEnable><apiUrl></apiUrl><customApiToCall>false</customApiToCall><recallRollList></recallRollList><recallRestart></recallRestart><woActivityId></woActivityId><reassign>false</reassign><assignedFrom>All Roles</assignedFrom><assignedTo></assignedTo><slaIdentifier></slaIdentifier><mileStoneStage></mileStoneStage><billable>false</billable><taskConfiguration>FULLY_CONFIGURED</taskConfiguration><priorityObj><priorityObj0 priorityName="Medium" priorityType="PROJECTTASK"/></priorityObj><templateNotificationList></templateNotificationList><templateTaskExecutionCategoryList></templateTaskExecutionCategoryList><taskActivityMappings><taskActivityMappings0 actionTooDo="" actionVisibleOn="BOTH" checkListAction="" completionPercentage="100.0" contextJson="" defaultAssignee="" displayViewName="" isAcquire="false" isBulkReview="false" isOnSite="false" isReview="false" isValidate="false" isViewable="false" moduleStage="" roleList="All Roles" siteStage="" siteStatus="" taskActionName="Complete" taskActionNameIcon="Like-Outline" taskStatus="" viewName="" workflowId="WSIntegrationMTFinal659_Copy:8:42235195" workflowTaskId="Activity_1d5xod7" workflowTaskName="CI265 Conduct Prelaunch Audit"/></taskActivityMappings></tasks10><tasks11><taskTemplateObj><taskTemplateObj0 taskTemplateCategory="PM" taskTemplateName="CI081 Complete Operations/Quality"/></taskTemplateObj><taskOrderWithinGroup>12</taskOrderWithinGroup><taskWeightageInGroup>0.64</taskWeightageInGroup><planStartTime>1</planStartTime><timeToExecute>5</timeToExecute><manHours>1</manHours><apiContext></apiContext><methodType></methodType><visibleToNotificationEnable>false</visibleToNotificationEnable><mandatory>false</mandatory><assigneeEnable>true</assigneeEnable><recallOwnerEnable>false</recallOwnerEnable><workGroupEnable>false</workGroupEnable><apiUrl></apiUrl><customApiToCall>false</customApiToCall><recallRollList></recallRollList><recallRestart></recallRestart><woActivityId></woActivityId><reassign>false</reassign><assignedFrom>All Roles</assignedFrom><assignedTo></assignedTo><slaIdentifier></slaIdentifier><mileStoneStage></mileStoneStage><billable>false</billable><taskConfiguration>FULLY_CONFIGURED</taskConfiguration><priorityObj><priorityObj0 priorityName="Medium" priorityType="PROJECTTASK"/></priorityObj><templateNotificationList></templateNotificationList><templateTaskExecutionCategoryList></templateTaskExecutionCategoryList><taskActivityMappings><taskActivityMappings0 actionTooDo="" actionVisibleOn="BOTH" checkListAction="" completionPercentage="100.0" contextJson="" defaultAssignee="" displayViewName="" isAcquire="false" isBulkReview="false" isOnSite="false" isReview="false" isValidate="false" isViewable="false" moduleStage="" roleList="All Roles" siteStage="" siteStatus="" taskActionName="Complete" taskActionNameIcon="Like-Outline" taskStatus="" viewName="" workflowId="WSIntegrationMTFinal659_Copy:8:42235195" workflowTaskId="Activity_0tyns3j" workflowTaskName="CI081 Complete Operations/Quality"/></taskActivityMappings></tasks11><tasks12><taskTemplateObj><taskTemplateObj0 taskTemplateCategory="PM" taskTemplateName="Send Message Final Civil (CL100)"/></taskTemplateObj><taskOrderWithinGroup>13</taskOrderWithinGroup><taskWeightageInGroup>0.13</taskWeightageInGroup><planStartTime>1</planStartTime><timeToExecute>1</timeToExecute><manHours>1</manHours><apiContext></apiContext><methodType></methodType><visibleToNotificationEnable>false</visibleToNotificationEnable><mandatory>false</mandatory><assigneeEnable>true</assigneeEnable><recallOwnerEnable>false</recallOwnerEnable><workGroupEnable>false</workGroupEnable><apiUrl></apiUrl><customApiToCall>false</customApiToCall><recallRollList></recallRollList><recallRestart></recallRestart><woActivityId></woActivityId><reassign>false</reassign><assignedFrom>All Roles</assignedFrom><assignedTo></assignedTo><slaIdentifier></slaIdentifier><mileStoneStage></mileStoneStage><billable>false</billable><taskConfiguration>FULLY_CONFIGURED</taskConfiguration><priorityObj><priorityObj0 priorityName="Medium" priorityType="PROJECTTASK"/></priorityObj><templateNotificationList></templateNotificationList><templateTaskExecutionCategoryList></templateTaskExecutionCategoryList><taskActivityMappings><taskActivityMappings0 actionTooDo="" actionVisibleOn="BOTH" checkListAction="" completionPercentage="100.0" contextJson="" defaultAssignee="" displayViewName="" isAcquire="false" isBulkReview="false" isOnSite="false" isReview="false" isValidate="false" isViewable="false" moduleStage="" roleList="All Roles" siteStage="" siteStatus="" taskActionName="Complete" taskActionNameIcon="Like-Outline" taskStatus="" viewName="" workflowId="WSIntegrationMTFinal659_Copy:8:42235195" workflowTaskId="Activity_0udul1m" workflowTaskName="Send Message Final Civil (CL100)"/></taskActivityMappings></tasks12><tasks13><taskTemplateObj><taskTemplateObj0 taskTemplateCategory="PM" taskTemplateName="CI037 RF Optimization Complete"/></taskTemplateObj><taskOrderWithinGroup>14</taskOrderWithinGroup><taskWeightageInGroup>2.56</taskWeightageInGroup><planStartTime>1</planStartTime><timeToExecute>20</timeToExecute><manHours>1</manHours><apiContext></apiContext><methodType></methodType><visibleToNotificationEnable>false</visibleToNotificationEnable><mandatory>false</mandatory><assigneeEnable>true</assigneeEnable><recallOwnerEnable>false</recallOwnerEnable><workGroupEnable>false</workGroupEnable><apiUrl></apiUrl><customApiToCall>false</customApiToCall><recallRollList></recallRollList><recallRestart></recallRestart><woActivityId></woActivityId><reassign>false</reassign><assignedFrom>All Roles</assignedFrom><assignedTo></assignedTo><slaIdentifier></slaIdentifier><mileStoneStage></mileStoneStage><billable>false</billable><taskConfiguration>FULLY_CONFIGURED</taskConfiguration><priorityObj><priorityObj0 priorityName="Medium" priorityType="PROJECTTASK"/></priorityObj><templateNotificationList></templateNotificationList><templateTaskExecutionCategoryList></templateTaskExecutionCategoryList><taskActivityMappings><taskActivityMappings0 actionTooDo="" actionVisibleOn="BOTH" checkListAction="" completionPercentage="100.0" contextJson="" defaultAssignee="" displayViewName="" isAcquire="false" isBulkReview="false" isOnSite="false" isReview="false" isValidate="false" isViewable="false" moduleStage="" roleList="All Roles" siteStage="" siteStatus="" taskActionName="Complete" taskActionNameIcon="Like-Outline" taskStatus="" viewName="" workflowId="WSIntegrationMTFinal659_Copy:8:42235195" workflowTaskId="Activity_03d797a" workflowTaskName="CI037 RF Optimization Complete"/></taskActivityMappings></tasks13><tasks14><taskTemplateObj><taskTemplateObj0 taskTemplateCategory="PM" taskTemplateName="CI056 Complete Alarming and Monitoring"/></taskTemplateObj><taskOrderWithinGroup>15</taskOrderWithinGroup><taskWeightageInGroup>3.84</taskWeightageInGroup><planStartTime>1</planStartTime><timeToExecute>30</timeToExecute><manHours>1</manHours><apiContext></apiContext><methodType></methodType><visibleToNotificationEnable>false</visibleToNotificationEnable><mandatory>false</mandatory><assigneeEnable>true</assigneeEnable><recallOwnerEnable>false</recallOwnerEnable><workGroupEnable>false</workGroupEnable><apiUrl></apiUrl><customApiToCall>false</customApiToCall><recallRollList></recallRollList><recallRestart></recallRestart><woActivityId></woActivityId><reassign>false</reassign><assignedFrom>All Roles</assignedFrom><assignedTo></assignedTo><slaIdentifier></slaIdentifier><mileStoneStage></mileStoneStage><billable>false</billable><taskConfiguration>FULLY_CONFIGURED</taskConfiguration><priorityObj><priorityObj0 priorityName="Medium" priorityType="PROJECTTASK"/></priorityObj><templateNotificationList></templateNotificationList><templateTaskExecutionCategoryList></templateTaskExecutionCategoryList><taskActivityMappings><taskActivityMappings0 actionTooDo="" actionVisibleOn="BOTH" checkListAction="" completionPercentage="100.0" contextJson="" defaultAssignee="" displayViewName="" isAcquire="false" isBulkReview="false" isOnSite="false" isReview="false" isValidate="false" isViewable="false" moduleStage="" roleList="All Roles" siteStage="" siteStatus="" taskActionName="Complete" taskActionNameIcon="Like-Outline" taskStatus="" viewName="" workflowId="WSIntegrationMTFinal659_Copy:8:42235195" workflowTaskId="Activity_0j68s27" workflowTaskName="CI056 Complete Alarming and Monitoring"/></taskActivityMappings></tasks14><tasks15><taskTemplateObj><taskTemplateObj0 taskTemplateCategory="PM" taskTemplateName="Start Transport"/></taskTemplateObj><taskOrderWithinGroup>16</taskOrderWithinGroup><taskWeightageInGroup>0.13</taskWeightageInGroup><planStartTime>1</planStartTime><timeToExecute>1</timeToExecute><manHours>1</manHours><apiContext></apiContext><methodType></methodType><visibleToNotificationEnable>false</visibleToNotificationEnable><mandatory>false</mandatory><assigneeEnable>true</assigneeEnable><recallOwnerEnable>false</recallOwnerEnable><workGroupEnable>false</workGroupEnable><apiUrl></apiUrl><customApiToCall>false</customApiToCall><recallRollList></recallRollList><recallRestart></recallRestart><woActivityId></woActivityId><reassign>false</reassign><assignedFrom>All Roles</assignedFrom><assignedTo></assignedTo><slaIdentifier></slaIdentifier><mileStoneStage></mileStoneStage><billable>false</billable><taskConfiguration>FULLY_CONFIGURED</taskConfiguration><priorityObj><priorityObj0 priorityName="Medium" priorityType="PROJECTTASK"/></priorityObj><templateNotificationList></templateNotificationList><templateTaskExecutionCategoryList></templateTaskExecutionCategoryList><taskActivityMappings><taskActivityMappings0 actionTooDo="" actionVisibleOn="BOTH" checkListAction="" completionPercentage="100.0" contextJson="" defaultAssignee="" displayViewName="" isAcquire="false" isBulkReview="false" isOnSite="false" isReview="false" isValidate="false" isViewable="false" moduleStage="" roleList="All Roles" siteStage="" siteStatus="" taskActionName="Complete" taskActionNameIcon="Like-Outline" taskStatus="" viewName="" workflowId="WSIntegrationMTFinal659_Copy:8:42235195" workflowTaskId="Activity_1w4vzjn" workflowTaskName="Start Transport"/></taskActivityMappings></tasks15><tasks16><taskTemplateObj><taskTemplateObj0 taskTemplateCategory="PM" taskTemplateName="Send Message Complete &#10;(RE020)"/></taskTemplateObj><taskOrderWithinGroup>17</taskOrderWithinGroup><taskWeightageInGroup>0.13</taskWeightageInGroup><planStartTime>1</planStartTime><timeToExecute>1</timeToExecute><manHours>1</manHours><apiContext></apiContext><methodType></methodType><visibleToNotificationEnable>false</visibleToNotificationEnable><mandatory>false</mandatory><assigneeEnable>true</assigneeEnable><recallOwnerEnable>false</recallOwnerEnable><workGroupEnable>false</workGroupEnable><apiUrl></apiUrl><customApiToCall>false</customApiToCall><recallRollList></recallRollList><recallRestart></recallRestart><woActivityId></woActivityId><reassign>false</reassign><assignedFrom>All Roles</assignedFrom><assignedTo></assignedTo><slaIdentifier></slaIdentifier><mileStoneStage></mileStoneStage><billable>false</billable><taskConfiguration>FULLY_CONFIGURED</taskConfiguration><priorityObj><priorityObj0 priorityName="Medium" priorityType="PROJECTTASK"/></priorityObj><templateNotificationList></templateNotificationList><templateTaskExecutionCategoryList></templateTaskExecutionCategoryList><taskActivityMappings><taskActivityMappings0 actionTooDo="" actionVisibleOn="BOTH" checkListAction="" completionPercentage="100.0" contextJson="" defaultAssignee="" displayViewName="" isAcquire="false" isBulkReview="false" isOnSite="false" isReview="false" isValidate="false" isViewable="false" moduleStage="" roleList="All Roles" siteStage="" siteStatus="" taskActionName="Complete" taskActionNameIcon="Like-Outline" taskStatus="" viewName="" workflowId="WSIntegrationMTFinal659_Copy:8:42235195" workflowTaskId="Activity_0lzz5za" workflowTaskName="Send Message Complete &#10;(RE020)"/></taskActivityMappings></tasks16><tasks17><taskTemplateObj><taskTemplateObj0 taskTemplateCategory="PM" taskTemplateName="CI041&#10;Verify Data Fill"/></taskTemplateObj><taskOrderWithinGroup>18</taskOrderWithinGroup><taskWeightageInGroup>1.79</taskWeightageInGroup><planStartTime>1</planStartTime><timeToExecute>14</timeToExecute><manHours>1</manHours><apiContext></apiContext><methodType></methodType><visibleToNotificationEnable>false</visibleToNotificationEnable><mandatory>false</mandatory><assigneeEnable>true</assigneeEnable><recallOwnerEnable>false</recallOwnerEnable><workGroupEnable>false</workGroupEnable><apiUrl></apiUrl><customApiToCall>false</customApiToCall><recallRollList></recallRollList><recallRestart></recallRestart><woActivityId></woActivityId><reassign>false</reassign><assignedFrom>All Roles</assignedFrom><assignedTo></assignedTo><slaIdentifier></slaIdentifier><mileStoneStage></mileStoneStage><billable>false</billable><taskConfiguration>FULLY_CONFIGURED</taskConfiguration><priorityObj><priorityObj0 priorityName="Medium" priorityType="PROJECTTASK"/></priorityObj><templateNotificationList></templateNotificationList><templateTaskExecutionCategoryList></templateTaskExecutionCategoryList><taskActivityMappings><taskActivityMappings0 actionTooDo="" actionVisibleOn="BOTH" checkListAction="" completionPercentage="100.0" contextJson="" defaultAssignee="" displayViewName="" isAcquire="false" isBulkReview="false" isOnSite="false" isReview="false" isValidate="false" isViewable="false" moduleStage="" roleList="All Roles" siteStage="" siteStatus="" taskActionName="Complete" taskActionNameIcon="Like-Outline" taskStatus="" viewName="" workflowId="WSIntegrationMTFinal659_Copy:8:42235195" workflowTaskId="Activity_0xxmzng" workflowTaskName="CI041&#10;Verify Data Fill"/></taskActivityMappings></tasks17><tasks18><taskTemplateObj><taskTemplateObj0 taskTemplateCategory="PM" taskTemplateName="Send Message Prepare Site (CI118)"/></taskTemplateObj><taskOrderWithinGroup>19</taskOrderWithinGroup><taskWeightageInGroup>0.13</taskWeightageInGroup><planStartTime>1</planStartTime><timeToExecute>1</timeToExecute><manHours>1</manHours><apiContext></apiContext><methodType></methodType><visibleToNotificationEnable>false</visibleToNotificationEnable><mandatory>false</mandatory><assigneeEnable>true</assigneeEnable><recallOwnerEnable>false</recallOwnerEnable><workGroupEnable>false</workGroupEnable><apiUrl></apiUrl><customApiToCall>false</customApiToCall><recallRollList></recallRollList><recallRestart></recallRestart><woActivityId></woActivityId><reassign>false</reassign><assignedFrom>All Roles</assignedFrom><assignedTo></assignedTo><slaIdentifier></slaIdentifier><mileStoneStage></mileStoneStage><billable>false</billable><taskConfiguration>FULLY_CONFIGURED</taskConfiguration><priorityObj><priorityObj0 priorityName="Medium" priorityType="PROJECTTASK"/></priorityObj><templateNotificationList></templateNotificationList><templateTaskExecutionCategoryList></templateTaskExecutionCategoryList><taskActivityMappings><taskActivityMappings0 actionTooDo="" actionVisibleOn="BOTH" checkListAction="" completionPercentage="100.0" contextJson="" defaultAssignee="" displayViewName="" isAcquire="false" isBulkReview="false" isOnSite="false" isReview="false" isValidate="false" isViewable="false" moduleStage="" roleList="All Roles" siteStage="" siteStatus="" taskActionName="Complete" taskActionNameIcon="Like-Outline" taskStatus="" viewName="" workflowId="WSIntegrationMTFinal659_Copy:8:42235195" workflowTaskId="Activity_0scyel6" workflowTaskName="Send Message Prepare Site (CI118)"/></taskActivityMappings></tasks18><tasks19><taskTemplateObj><taskTemplateObj0 taskTemplateCategory="PM" taskTemplateName="Send Message On Air NTP Received (CI110)"/></taskTemplateObj><taskOrderWithinGroup>20</taskOrderWithinGroup><taskWeightageInGroup>0.13</taskWeightageInGroup><planStartTime>1</planStartTime><timeToExecute>1</timeToExecute><manHours>1</manHours><apiContext></apiContext><methodType></methodType><visibleToNotificationEnable>false</visibleToNotificationEnable><mandatory>false</mandatory><assigneeEnable>true</assigneeEnable><recallOwnerEnable>false</recallOwnerEnable><workGroupEnable>false</workGroupEnable><apiUrl></apiUrl><customApiToCall>false</customApiToCall><recallRollList></recallRollList><recallRestart></recallRestart><woActivityId></woActivityId><reassign>false</reassign><assignedFrom>All Roles</assignedFrom><assignedTo></assignedTo><slaIdentifier></slaIdentifier><mileStoneStage></mileStoneStage><billable>false</billable><taskConfiguration>FULLY_CONFIGURED</taskConfiguration><priorityObj><priorityObj0 priorityName="Medium" priorityType="PROJECTTASK"/></priorityObj><templateNotificationList></templateNotificationList><templateTaskExecutionCategoryList></templateTaskExecutionCategoryList><taskActivityMappings><taskActivityMappings0 actionTooDo="" actionVisibleOn="BOTH" checkListAction="" completionPercentage="100.0" contextJson="" defaultAssignee="" displayViewName="" isAcquire="false" isBulkReview="false" isOnSite="false" isReview="false" isValidate="false" isViewable="false" moduleStage="" roleList="All Roles" siteStage="" siteStatus="" taskActionName="Complete" taskActionNameIcon="Like-Outline" taskStatus="" viewName="" workflowId="WSIntegrationMTFinal659_Copy:8:42235195" workflowTaskId="Activity_0576ble" workflowTaskName="Send Message On Air NTP Received (CI110)"/></taskActivityMappings></tasks19><tasks20><taskTemplateObj><taskTemplateObj0 taskTemplateCategory="PM" taskTemplateName="Start Construction Flow"/></taskTemplateObj><taskOrderWithinGroup>21</taskOrderWithinGroup><taskWeightageInGroup>0.13</taskWeightageInGroup><planStartTime>1</planStartTime><timeToExecute>1</timeToExecute><manHours>1</manHours><apiContext></apiContext><methodType></methodType><visibleToNotificationEnable>false</visibleToNotificationEnable><mandatory>false</mandatory><assigneeEnable>true</assigneeEnable><recallOwnerEnable>false</recallOwnerEnable><workGroupEnable>false</workGroupEnable><apiUrl></apiUrl><customApiToCall>false</customApiToCall><recallRollList></recallRollList><recallRestart></recallRestart><woActivityId></woActivityId><reassign>false</reassign><assignedFrom>All Roles</assignedFrom><assignedTo></assignedTo><slaIdentifier></slaIdentifier><mileStoneStage></mileStoneStage><billable>false</billable><taskConfiguration>FULLY_CONFIGURED</taskConfiguration><priorityObj><priorityObj0 priorityName="Medium" priorityType="PROJECTTASK"/></priorityObj><templateNotificationList></templateNotificationList><templateTaskExecutionCategoryList></templateTaskExecutionCategoryList><taskActivityMappings><taskActivityMappings0 actionTooDo="" actionVisibleOn="BOTH" checkListAction="" completionPercentage="100.0" contextJson="" defaultAssignee="" displayViewName="" isAcquire="false" isBulkReview="false" isOnSite="false" isReview="false" isValidate="false" isViewable="false" moduleStage="" roleList="All Roles" siteStage="" siteStatus="" taskActionName="Complete" taskActionNameIcon="Like-Outline" taskStatus="" viewName="" workflowId="WSIntegrationMTFinal659_Copy:8:42235195" workflowTaskId="Activity_0q6h41v" workflowTaskName="Start Construction Flow"/></taskActivityMappings></tasks20><tasks21><taskTemplateObj><taskTemplateObj0 taskTemplateCategory="PM" taskTemplateName="CI270 Complete Fronthaul Solution"/></taskTemplateObj><taskOrderWithinGroup>22</taskOrderWithinGroup><taskWeightageInGroup>26.34</taskWeightageInGroup><planStartTime>1</planStartTime><timeToExecute>206</timeToExecute><manHours>1</manHours><apiContext></apiContext><methodType></methodType><visibleToNotificationEnable>false</visibleToNotificationEnable><mandatory>false</mandatory><assigneeEnable>true</assigneeEnable><recallOwnerEnable>false</recallOwnerEnable><workGroupEnable>false</workGroupEnable><apiUrl></apiUrl><customApiToCall>false</customApiToCall><recallRollList></recallRollList><recallRestart></recallRestart><woActivityId></woActivityId><reassign>false</reassign><assignedFrom>All Roles</assignedFrom><assignedTo></assignedTo><slaIdentifier></slaIdentifier><mileStoneStage></mileStoneStage><billable>false</billable><taskConfiguration>FULLY_CONFIGURED</taskConfiguration><priorityObj><priorityObj0 priorityName="Medium" priorityType="PROJECTTASK"/></priorityObj><templateNotificationList></templateNotificationList><templateTaskExecutionCategoryList></templateTaskExecutionCategoryList><taskActivityMappings><taskActivityMappings0 actionTooDo="" actionVisibleOn="BOTH" checkListAction="" completionPercentage="100.0" contextJson="" defaultAssignee="" displayViewName="" isAcquire="false" isBulkReview="false" isOnSite="false" isReview="false" isValidate="false" isViewable="false" moduleStage="" roleList="All Roles" siteStage="" siteStatus="" taskActionName="Complete" taskActionNameIcon="Like-Outline" taskStatus="" viewName="" workflowId="WSIntegrationMTFinal659_Copy:8:42235195" workflowTaskId="Activity_17r3cpo" workflowTaskName="CI270 Complete Fronthaul Solution"/></taskActivityMappings></tasks21><tasks22><taskTemplateObj><taskTemplateObj0 taskTemplateCategory="PM" taskTemplateName="CI272 Complete Cabinet"/></taskTemplateObj><taskOrderWithinGroup>23</taskOrderWithinGroup><taskWeightageInGroup>3.84</taskWeightageInGroup><planStartTime>1</planStartTime><timeToExecute>30</timeToExecute><manHours>1</manHours><apiContext></apiContext><methodType></methodType><visibleToNotificationEnable>false</visibleToNotificationEnable><mandatory>false</mandatory><assigneeEnable>true</assigneeEnable><recallOwnerEnable>false</recallOwnerEnable><workGroupEnable>false</workGroupEnable><apiUrl></apiUrl><customApiToCall>false</customApiToCall><recallRollList></recallRollList><recallRestart></recallRestart><woActivityId></woActivityId><reassign>false</reassign><assignedFrom>All Roles</assignedFrom><assignedTo></assignedTo><slaIdentifier></slaIdentifier><mileStoneStage></mileStoneStage><billable>false</billable><taskConfiguration>FULLY_CONFIGURED</taskConfiguration><priorityObj><priorityObj0 priorityName="Medium" priorityType="PROJECTTASK"/></priorityObj><templateNotificationList></templateNotificationList><templateTaskExecutionCategoryList></templateTaskExecutionCategoryList><taskActivityMappings><taskActivityMappings0 actionTooDo="" actionVisibleOn="BOTH" checkListAction="" completionPercentage="100.0" contextJson="" defaultAssignee="" displayViewName="" isAcquire="false" isBulkReview="false" isOnSite="false" isReview="false" isValidate="false" isViewable="false" moduleStage="" roleList="All Roles" siteStage="" siteStatus="" taskActionName="Complete" taskActionNameIcon="Like-Outline" taskStatus="" viewName="" workflowId="WSIntegrationMTFinal659_Copy:8:42235195" workflowTaskId="Activity_0c9oo2f" workflowTaskName="CI272 Complete Cabinet"/></taskActivityMappings></tasks22><tasks23><taskTemplateObj><taskTemplateObj0 taskTemplateCategory="PM" taskTemplateName="Send Message Deliver Transport (CI042)"/></taskTemplateObj><taskOrderWithinGroup>24</taskOrderWithinGroup><taskWeightageInGroup>0.13</taskWeightageInGroup><planStartTime>1</planStartTime><timeToExecute>1</timeToExecute><manHours>1</manHours><apiContext></apiContext><methodType></methodType><visibleToNotificationEnable>false</visibleToNotificationEnable><mandatory>false</mandatory><assigneeEnable>true</assigneeEnable><recallOwnerEnable>false</recallOwnerEnable><workGroupEnable>false</workGroupEnable><apiUrl></apiUrl><customApiToCall>false</customApiToCall><recallRollList></recallRollList><recallRestart></recallRestart><woActivityId></woActivityId><reassign>false</reassign><assignedFrom>All Roles</assignedFrom><assignedTo></assignedTo><slaIdentifier></slaIdentifier><mileStoneStage></mileStoneStage><billable>false</billable><taskConfiguration>FULLY_CONFIGURED</taskConfiguration><priorityObj><priorityObj0 priorityName="Medium" priorityType="PROJECTTASK"/></priorityObj><templateNotificationList></templateNotificationList><templateTaskExecutionCategoryList></templateTaskExecutionCategoryList><taskActivityMappings><taskActivityMappings0 actionTooDo="" actionVisibleOn="BOTH" checkListAction="" completionPercentage="100.0" contextJson="" defaultAssignee="" displayViewName="" isAcquire="false" isBulkReview="false" isOnSite="false" isReview="false" isValidate="false" isViewable="false" moduleStage="" roleList="All Roles" siteStage="" siteStatus="" taskActionName="Complete" taskActionNameIcon="Like-Outline" taskStatus="" viewName="" workflowId="WSIntegrationMTFinal659_Copy:8:42235195" workflowTaskId="Activity_1ajbj61" workflowTaskName="Send Message Deliver Transport (CI042)"/></taskActivityMappings></tasks23><tasks24><taskTemplateObj><taskTemplateObj0 taskTemplateCategory="PM" taskTemplateName="CI271 Prepare Hub for e-NodeB(s)"/></taskTemplateObj><taskOrderWithinGroup>25</taskOrderWithinGroup><taskWeightageInGroup>26.34</taskWeightageInGroup><planStartTime>1</planStartTime><timeToExecute>206</timeToExecute><manHours>1</manHours><apiContext></apiContext><methodType></methodType><visibleToNotificationEnable>false</visibleToNotificationEnable><mandatory>false</mandatory><assigneeEnable>true</assigneeEnable><recallOwnerEnable>false</recallOwnerEnable><workGroupEnable>false</workGroupEnable><apiUrl></apiUrl><customApiToCall>false</customApiToCall><recallRollList></recallRollList><recallRestart></recallRestart><woActivityId></woActivityId><reassign>false</reassign><assignedFrom>All Roles</assignedFrom><assignedTo></assignedTo><slaIdentifier></slaIdentifier><mileStoneStage></mileStoneStage><billable>false</billable><taskConfiguration>FULLY_CONFIGURED</taskConfiguration><priorityObj><priorityObj0 priorityName="Medium" priorityType="PROJECTTASK"/></priorityObj><templateNotificationList></templateNotificationList><templateTaskExecutionCategoryList></templateTaskExecutionCategoryList><taskActivityMappings><taskActivityMappings0 actionTooDo="" actionVisibleOn="BOTH" checkListAction="" completionPercentage="100.0" contextJson="" defaultAssignee="" displayViewName="" isAcquire="false" isBulkReview="false" isOnSite="false" isReview="false" isValidate="false" isViewable="false" moduleStage="" roleList="All Roles" siteStage="" siteStatus="" taskActionName="Complete" taskActionNameIcon="Like-Outline" taskStatus="" viewName="" workflowId="WSIntegrationMTFinal659_Copy:8:42235195" workflowTaskId="Activity_0s0udak" workflowTaskName="CI271 Prepare Hub for e-NodeB(s)"/></taskActivityMappings></tasks24><tasks25><taskTemplateObj><taskTemplateObj0 taskTemplateCategory="PM" taskTemplateName="Wait for Market Baseline  (SS076)"/></taskTemplateObj><taskOrderWithinGroup>26</taskOrderWithinGroup><taskWeightageInGroup>0.13</taskWeightageInGroup><planStartTime>1</planStartTime><timeToExecute>1</timeToExecute><manHours>1</manHours><apiContext></apiContext><methodType></methodType><visibleToNotificationEnable>false</visibleToNotificationEnable><mandatory>false</mandatory><assigneeEnable>true</assigneeEnable><recallOwnerEnable>false</recallOwnerEnable><workGroupEnable>false</workGroupEnable><apiUrl></apiUrl><customApiToCall>false</customApiToCall><recallRollList></recallRollList><recallRestart></recallRestart><woActivityId></woActivityId><reassign>false</reassign><assignedFrom>All Roles</assignedFrom><assignedTo></assignedTo><slaIdentifier></slaIdentifier><mileStoneStage></mileStoneStage><billable>false</billable><taskConfiguration>FULLY_CONFIGURED</taskConfiguration><priorityObj><priorityObj0 priorityName="Medium" priorityType="PROJECTTASK"/></priorityObj><templateNotificationList></templateNotificationList><templateTaskExecutionCategoryList></templateTaskExecutionCategoryList><taskActivityMappings><taskActivityMappings0 actionTooDo="" actionVisibleOn="BOTH" checkListAction="" completionPercentage="100.0" contextJson="" defaultAssignee="" displayViewName="" isAcquire="false" isBulkReview="false" isOnSite="false" isReview="false" isValidate="false" isViewable="false" moduleStage="" roleList="All Roles" siteStage="" siteStatus="" taskActionName="Complete" taskActionNameIcon="Like-Outline" taskStatus="" viewName="" workflowId="WSIntegrationMTFinal659_Copy:8:42235195" workflowTaskId="Activity_1czlf8m" workflowTaskName="Wait for Market Baseline  (SS076)"/></taskActivityMappings></tasks25><tasks26><taskTemplateObj><taskTemplateObj0 taskTemplateCategory="PM" taskTemplateName="Wait for Site Information.U (SS023)"/></taskTemplateObj><taskOrderWithinGroup>27</taskOrderWithinGroup><taskWeightageInGroup>0.13</taskWeightageInGroup><planStartTime>1</planStartTime><timeToExecute>1</timeToExecute><manHours>1</manHours><apiContext></apiContext><methodType></methodType><visibleToNotificationEnable>false</visibleToNotificationEnable><mandatory>false</mandatory><assigneeEnable>true</assigneeEnable><recallOwnerEnable>false</recallOwnerEnable><workGroupEnable>false</workGroupEnable><apiUrl></apiUrl><customApiToCall>false</customApiToCall><recallRollList></recallRollList><recallRestart></recallRestart><woActivityId></woActivityId><reassign>false</reassign><assignedFrom>All Roles</assignedFrom><assignedTo></assignedTo><slaIdentifier></slaIdentifier><mileStoneStage></mileStoneStage><billable>false</billable><taskConfiguration>FULLY_CONFIGURED</taskConfiguration><priorityObj><priorityObj0 priorityName="Medium" priorityType="PROJECTTASK"/></priorityObj><templateNotificationList></templateNotificationList><templateTaskExecutionCategoryList></templateTaskExecutionCategoryList><taskActivityMappings><taskActivityMappings0 actionTooDo="" actionVisibleOn="BOTH" checkListAction="" completionPercentage="100.0" contextJson="" defaultAssignee="" displayViewName="" isAcquire="false" isBulkReview="false" isOnSite="false" isReview="false" isValidate="false" isViewable="false" moduleStage="" roleList="All Roles" siteStage="" siteStatus="" taskActionName="Complete" taskActionNameIcon="Like-Outline" taskStatus="" viewName="" workflowId="WSIntegrationMTFinal659_Copy:8:42235195" workflowTaskId="Activity_07hekcs" workflowTaskName="Wait for Site Information.U (SS023)"/></taskActivityMappings></tasks26><tasks27><taskTemplateObj><taskTemplateObj0 taskTemplateCategory="PM" taskTemplateName="Lease Signed&#10;(RE015)"/></taskTemplateObj><taskOrderWithinGroup>28</taskOrderWithinGroup><taskWeightageInGroup>0.13</taskWeightageInGroup><planStartTime>1</planStartTime><timeToExecute>1</timeToExecute><manHours>1</manHours><apiContext></apiContext><methodType></methodType><visibleToNotificationEnable>false</visibleToNotificationEnable><mandatory>false</mandatory><assigneeEnable>true</assigneeEnable><recallOwnerEnable>false</recallOwnerEnable><workGroupEnable>false</workGroupEnable><apiUrl></apiUrl><customApiToCall>false</customApiToCall><recallRollList></recallRollList><recallRestart></recallRestart><woActivityId></woActivityId><reassign>false</reassign><assignedFrom>All Roles</assignedFrom><assignedTo></assignedTo><slaIdentifier></slaIdentifier><mileStoneStage></mileStoneStage><billable>false</billable><taskConfiguration>FULLY_CONFIGURED</taskConfiguration><priorityObj><priorityObj0 priorityName="Medium" priorityType="PROJECTTASK"/></priorityObj><templateNotificationList></templateNotificationList><templateTaskExecutionCategoryList></templateTaskExecutionCategoryList><taskActivityMappings><taskActivityMappings0 actionTooDo="" actionVisibleOn="BOTH" checkListAction="" completionPercentage="100.0" contextJson="" defaultAssignee="" displayViewName="" isAcquire="false" isBulkReview="false" isOnSite="false" isReview="false" isValidate="false" isViewable="false" moduleStage="" roleList="All Roles" siteStage="" siteStatus="" taskActionName="Complete" taskActionNameIcon="Like-Outline" taskStatus="" viewName="" workflowId="WSIntegrationMTFinal659_Copy:8:42235195" workflowTaskId="Activity_1jeu1v0" workflowTaskName="Lease Signed&#10;(RE015)"/></taskActivityMappings></tasks27><tasks28><taskTemplateObj><taskTemplateObj0 taskTemplateCategory="PM" taskTemplateName="CI048 Receive OEM Equipment"/></taskTemplateObj><taskOrderWithinGroup>29</taskOrderWithinGroup><taskWeightageInGroup>7.03</taskWeightageInGroup><planStartTime>1</planStartTime><timeToExecute>55</timeToExecute><manHours>1</manHours><apiContext></apiContext><methodType></methodType><visibleToNotificationEnable>false</visibleToNotificationEnable><mandatory>false</mandatory><assigneeEnable>true</assigneeEnable><recallOwnerEnable>false</recallOwnerEnable><workGroupEnable>false</workGroupEnable><apiUrl></apiUrl><customApiToCall>false</customApiToCall><recallRollList></recallRollList><recallRestart></recallRestart><woActivityId></woActivityId><reassign>false</reassign><assignedFrom>All Roles</assignedFrom><assignedTo></assignedTo><slaIdentifier></slaIdentifier><mileStoneStage></mileStoneStage><billable>false</billable><taskConfiguration>FULLY_CONFIGURED</taskConfiguration><priorityObj><priorityObj0 priorityName="Medium" priorityType="PROJECTTASK"/></priorityObj><templateNotificationList></templateNotificationList><templateTaskExecutionCategoryList></templateTaskExecutionCategoryList><taskActivityMappings><taskActivityMappings0 actionTooDo="" actionVisibleOn="BOTH" checkListAction="" completionPercentage="100.0" contextJson="" defaultAssignee="" displayViewName="" isAcquire="false" isBulkReview="false" isOnSite="false" isReview="false" isValidate="false" isViewable="false" moduleStage="" roleList="All Roles" siteStage="" siteStatus="" taskActionName="Complete" taskActionNameIcon="Like-Outline" taskStatus="" viewName="" workflowId="WSIntegrationMTFinal659_Copy:8:42235195" workflowTaskId="Activity_1ie1htp" workflowTaskName="CI048 Receive OEM Equipment"/></taskActivityMappings></tasks28><tasks29><taskTemplateObj><taskTemplateObj0 taskTemplateCategory="PM" taskTemplateName="Send Message Equipment (CI119)"/></taskTemplateObj><taskOrderWithinGroup>30</taskOrderWithinGroup><taskWeightageInGroup>0.13</taskWeightageInGroup><planStartTime>1</planStartTime><timeToExecute>1</timeToExecute><manHours>1</manHours><apiContext></apiContext><methodType></methodType><visibleToNotificationEnable>false</visibleToNotificationEnable><mandatory>false</mandatory><assigneeEnable>true</assigneeEnable><recallOwnerEnable>false</recallOwnerEnable><workGroupEnable>false</workGroupEnable><apiUrl></apiUrl><customApiToCall>false</customApiToCall><recallRollList></recallRollList><recallRestart></recallRestart><woActivityId></woActivityId><reassign>false</reassign><assignedFrom>All Roles</assignedFrom><assignedTo></assignedTo><slaIdentifier></slaIdentifier><mileStoneStage></mileStoneStage><billable>false</billable><taskConfiguration>FULLY_CONFIGURED</taskConfiguration><priorityObj><priorityObj0 priorityName="Medium" priorityType="PROJECTTASK"/></priorityObj><templateNotificationList></templateNotificationList><templateTaskExecutionCategoryList></templateTaskExecutionCategoryList><taskActivityMappings><taskActivityMappings0 actionTooDo="" actionVisibleOn="BOTH" checkListAction="" completionPercentage="100.0" contextJson="" defaultAssignee="" displayViewName="" isAcquire="false" isBulkReview="false" isOnSite="false" isReview="false" isValidate="false" isViewable="false" moduleStage="" roleList="All Roles" siteStage="" siteStatus="" taskActionName="Complete" taskActionNameIcon="Like-Outline" taskStatus="" viewName="" workflowId="WSIntegrationMTFinal659_Copy:8:42235195" workflowTaskId="Activity_1acbztr" workflowTaskName="Send Message Equipment (CI119)"/></taskActivityMappings></tasks29><tasks30><taskTemplateObj><taskTemplateObj0 taskTemplateCategory="PM" taskTemplateName="Send Message CI116 Software  Carrier"/></taskTemplateObj><taskOrderWithinGroup>31</taskOrderWithinGroup><taskWeightageInGroup>0.13</taskWeightageInGroup><planStartTime>1</planStartTime><timeToExecute>1</timeToExecute><manHours>1</manHours><apiContext></apiContext><methodType></methodType><visibleToNotificationEnable>false</visibleToNotificationEnable><mandatory>false</mandatory><assigneeEnable>true</assigneeEnable><recallOwnerEnable>false</recallOwnerEnable><workGroupEnable>false</workGroupEnable><apiUrl></apiUrl><customApiToCall>false</customApiToCall><recallRollList></recallRollList><recallRestart></recallRestart><woActivityId></woActivityId><reassign>false</reassign><assignedFrom>All Roles</assignedFrom><assignedTo></assignedTo><slaIdentifier></slaIdentifier><mileStoneStage></mileStoneStage><billable>false</billable><taskConfiguration>FULLY_CONFIGURED</taskConfiguration><priorityObj><priorityObj0 priorityName="Medium" priorityType="PROJECTTASK"/></priorityObj><templateNotificationList></templateNotificationList><templateTaskExecutionCategoryList></templateTaskExecutionCategoryList><taskActivityMappings><taskActivityMappings0 actionTooDo="" actionVisibleOn="BOTH" checkListAction="" completionPercentage="100.0" contextJson="" defaultAssignee="" displayViewName="" isAcquire="false" isBulkReview="false" isOnSite="false" isReview="false" isValidate="false" isViewable="false" moduleStage="" roleList="All Roles" siteStage="" siteStatus="" taskActionName="Complete" taskActionNameIcon="Like-Outline" taskStatus="" viewName="" workflowId="WSIntegrationMTFinal659_Copy:8:42235195" workflowTaskId="Activity_1rrsywj" workflowTaskName="Send Message CI116 Software  Carrier"/></taskActivityMappings></tasks30><tasks31><taskTemplateObj><taskTemplateObj0 taskTemplateCategory="PM" taskTemplateName="Wait for Site Acq Complete (RE020)"/></taskTemplateObj><taskOrderWithinGroup>32</taskOrderWithinGroup><taskWeightageInGroup>0.13</taskWeightageInGroup><planStartTime>1</planStartTime><timeToExecute>1</timeToExecute><manHours>1</manHours><apiContext></apiContext><methodType></methodType><visibleToNotificationEnable>false</visibleToNotificationEnable><mandatory>false</mandatory><assigneeEnable>true</assigneeEnable><recallOwnerEnable>false</recallOwnerEnable><workGroupEnable>false</workGroupEnable><apiUrl></apiUrl><customApiToCall>false</customApiToCall><recallRollList></recallRollList><recallRestart></recallRestart><woActivityId></woActivityId><reassign>false</reassign><assignedFrom>All Roles</assignedFrom><assignedTo></assignedTo><slaIdentifier></slaIdentifier><mileStoneStage></mileStoneStage><billable>false</billable><taskConfiguration>FULLY_CONFIGURED</taskConfiguration><priorityObj><priorityObj0 priorityName="Medium" priorityType="PROJECTTASK"/></priorityObj><templateNotificationList></templateNotificationList><templateTaskExecutionCategoryList></templateTaskExecutionCategoryList><taskActivityMappings><taskActivityMappings0 actionTooDo="" actionVisibleOn="BOTH" checkListAction="" completionPercentage="100.0" contextJson="" defaultAssignee="" displayViewName="" isAcquire="false" isBulkReview="false" isOnSite="false" isReview="false" isValidate="false" isViewable="false" moduleStage="" roleList="All Roles" siteStage="" siteStatus="" taskActionName="Complete" taskActionNameIcon="Like-Outline" taskStatus="" viewName="" workflowId="WSIntegrationMTFinal659_Copy:8:42235195" workflowTaskId="Activity_05oiosz" workflowTaskName="Wait for Site Acq Complete (RE020)"/></taskActivityMappings></tasks31><tasks32><taskTemplateObj><taskTemplateObj0 taskTemplateCategory="PM" taskTemplateName="CI055 Call Out OEM Equipment"/></taskTemplateObj><taskOrderWithinGroup>33</taskOrderWithinGroup><taskWeightageInGroup>3.07</taskWeightageInGroup><planStartTime>1</planStartTime><timeToExecute>24</timeToExecute><manHours>1</manHours><apiContext></apiContext><methodType></methodType><visibleToNotificationEnable>false</visibleToNotificationEnable><mandatory>false</mandatory><assigneeEnable>true</assigneeEnable><recallOwnerEnable>false</recallOwnerEnable><workGroupEnable>false</workGroupEnable><apiUrl></apiUrl><customApiToCall>false</customApiToCall><recallRollList></recallRollList><recallRestart></recallRestart><woActivityId></woActivityId><reassign>false</reassign><assignedFrom>All Roles</assignedFrom><assignedTo></assignedTo><slaIdentifier></slaIdentifier><mileStoneStage></mileStoneStage><billable>false</billable><taskConfiguration>FULLY_CONFIGURED</taskConfiguration><priorityObj><priorityObj0 priorityName="Medium" priorityType="PROJECTTASK"/></priorityObj><templateNotificationList></templateNotificationList><templateTaskExecutionCategoryList></templateTaskExecutionCategoryList><taskActivityMappings><taskActivityMappings0 actionTooDo="" actionVisibleOn="BOTH" checkListAction="" completionPercentage="100.0" contextJson="" defaultAssignee="" displayViewName="" isAcquire="false" isBulkReview="false" isOnSite="false" isReview="false" isValidate="false" isViewable="false" moduleStage="" roleList="All Roles" siteStage="" siteStatus="" taskActionName="Complete" taskActionNameIcon="Like-Outline" taskStatus="" viewName="" workflowId="WSIntegrationMTFinal659_Copy:8:42235195" workflowTaskId="Activity_1g186b9" workflowTaskName="CI055 Call Out OEM Equipment"/></taskActivityMappings></tasks32><tasks33><taskTemplateObj><taskTemplateObj0 taskTemplateCategory="PM" taskTemplateName="Wait for Construction&#10;Started (CI025)"/></taskTemplateObj><taskOrderWithinGroup>34</taskOrderWithinGroup><taskWeightageInGroup>0.13</taskWeightageInGroup><planStartTime>1</planStartTime><timeToExecute>1</timeToExecute><manHours>1</manHours><apiContext></apiContext><methodType></methodType><visibleToNotificationEnable>false</visibleToNotificationEnable><mandatory>false</mandatory><assigneeEnable>true</assigneeEnable><recallOwnerEnable>false</recallOwnerEnable><workGroupEnable>false</workGroupEnable><apiUrl></apiUrl><customApiToCall>false</customApiToCall><recallRollList></recallRollList><recallRestart></recallRestart><woActivityId></woActivityId><reassign>false</reassign><assignedFrom>All Roles</assignedFrom><assignedTo></assignedTo><slaIdentifier></slaIdentifier><mileStoneStage></mileStoneStage><billable>false</billable><taskConfiguration>FULLY_CONFIGURED</taskConfiguration><priorityObj><priorityObj0 priorityName="Medium" priorityType="PROJECTTASK"/></priorityObj><templateNotificationList></templateNotificationList><templateTaskExecutionCategoryList></templateTaskExecutionCategoryList><taskActivityMappings><taskActivityMappings0 actionTooDo="" actionVisibleOn="BOTH" checkListAction="" completionPercentage="100.0" contextJson="" defaultAssignee="" displayViewName="" isAcquire="false" isBulkReview="false" isOnSite="false" isReview="false" isValidate="false" isViewable="false" moduleStage="" roleList="All Roles" siteStage="" siteStatus="" taskActionName="Complete" taskActionNameIcon="Like-Outline" taskStatus="" viewName="" workflowId="WSIntegrationMTFinal659_Copy:8:42235195" workflowTaskId="Activity_1rwtvjp" workflowTaskName="Wait for Construction&#10;Started (CI025)"/></taskActivityMappings></tasks33><tasks34><taskTemplateObj><taskTemplateObj0 taskTemplateCategory="PM" taskTemplateName="CI038 FA Location Validation"/></taskTemplateObj><taskOrderWithinGroup>35</taskOrderWithinGroup><taskWeightageInGroup>4.35</taskWeightageInGroup><planStartTime>1</planStartTime><timeToExecute>34</timeToExecute><manHours>1</manHours><apiContext></apiContext><methodType></methodType><visibleToNotificationEnable>false</visibleToNotificationEnable><mandatory>false</mandatory><assigneeEnable>true</assigneeEnable><recallOwnerEnable>false</recallOwnerEnable><workGroupEnable>false</workGroupEnable><apiUrl></apiUrl><customApiToCall>false</customApiToCall><recallRollList></recallRollList><recallRestart></recallRestart><woActivityId></woActivityId><reassign>false</reassign><assignedFrom>All Roles</assignedFrom><assignedTo></assignedTo><slaIdentifier></slaIdentifier><mileStoneStage></mileStoneStage><billable>false</billable><taskConfiguration>FULLY_CONFIGURED</taskConfiguration><priorityObj><priorityObj0 priorityName="Medium" priorityType="PROJECTTASK"/></priorityObj><templateNotificationList></templateNotificationList><templateTaskExecutionCategoryList></templateTaskExecutionCategoryList><taskActivityMappings><taskActivityMappings0 actionTooDo="" actionVisibleOn="BOTH" checkListAction="" completionPercentage="100.0" contextJson="" defaultAssignee="" displayViewName="" isAcquire="false" isBulkReview="false" isOnSite="false" isReview="false" isValidate="false" isViewable="false" moduleStage="" roleList="All Roles" siteStage="" siteStatus="" taskActionName="Complete" taskActionNameIcon="Like-Outline" taskStatus="" viewName="" workflowId="WSIntegrationMTFinal659_Copy:8:42235195" workflowTaskId="Activity_17irkas" workflowTaskName="CI038 FA Location Validation"/></taskActivityMappings></tasks34><tasks35><taskTemplateObj><taskTemplateObj0 taskTemplateCategory="PM" taskTemplateName="Wait for Generator Tested (CI268)"/></taskTemplateObj><taskOrderWithinGroup>36</taskOrderWithinGroup><taskWeightageInGroup>0.13</taskWeightageInGroup><planStartTime>1</planStartTime><timeToExecute>1</timeToExecute><manHours>1</manHours><apiContext></apiContext><methodType></methodType><visibleToNotificationEnable>false</visibleToNotificationEnable><mandatory>false</mandatory><assigneeEnable>true</assigneeEnable><recallOwnerEnable>false</recallOwnerEnable><workGroupEnable>false</workGroupEnable><apiUrl></apiUrl><customApiToCall>false</customApiToCall><recallRollList></recallRollList><recallRestart></recallRestart><woActivityId></woActivityId><reassign>false</reassign><assignedFrom>All Roles</assignedFrom><assignedTo></assignedTo><slaIdentifier></slaIdentifier><mileStoneStage></mileStoneStage><billable>false</billable><taskConfiguration>FULLY_CONFIGURED</taskConfiguration><priorityObj><priorityObj0 priorityName="Medium" priorityType="PROJECTTASK"/></priorityObj><templateNotificationList></templateNotificationList><templateTaskExecutionCategoryList></templateTaskExecutionCategoryList><taskActivityMappings><taskActivityMappings0 actionTooDo="" actionVisibleOn="BOTH" checkListAction="" completionPercentage="100.0" contextJson="" defaultAssignee="" displayViewName="" isAcquire="false" isBulkReview="false" isOnSite="false" isReview="false" isValidate="false" isViewable="false" moduleStage="" roleList="All Roles" siteStage="" siteStatus="" taskActionName="Complete" taskActionNameIcon="Like-Outline" taskStatus="" viewName="" workflowId="WSIntegrationMTFinal659_Copy:8:42235195" workflowTaskId="Activity_0ntint0" workflowTaskName="Wait for Generator Tested (CI268)"/></taskActivityMappings></tasks35><tasks36><taskTemplateObj><taskTemplateObj0 taskTemplateCategory="PM" taskTemplateName="Wait for CI050 Construction Completed"/></taskTemplateObj><taskOrderWithinGroup>37</taskOrderWithinGroup><taskWeightageInGroup>0.13</taskWeightageInGroup><planStartTime>1</planStartTime><timeToExecute>1</timeToExecute><manHours>1</manHours><apiContext></apiContext><methodType></methodType><visibleToNotificationEnable>false</visibleToNotificationEnable><mandatory>false</mandatory><assigneeEnable>true</assigneeEnable><recallOwnerEnable>false</recallOwnerEnable><workGroupEnable>false</workGroupEnable><apiUrl></apiUrl><customApiToCall>false</customApiToCall><recallRollList></recallRollList><recallRestart></recallRestart><woActivityId></woActivityId><reassign>false</reassign><assignedFrom>All Roles</assignedFrom><assignedTo></assignedTo><slaIdentifier></slaIdentifier><mileStoneStage></mileStoneStage><billable>false</billable><taskConfiguration>FULLY_CONFIGURED</taskConfiguration><priorityObj><priorityObj0 priorityName="Medium" priorityType="PROJECTTASK"/></priorityObj><templateNotificationList></templateNotificationList><templateTaskExecutionCategoryList></templateTaskExecutionCategoryList><taskActivityMappings><taskActivityMappings0 actionTooDo="" actionVisibleOn="BOTH" checkListAction="" completionPercentage="100.0" contextJson="" defaultAssignee="" displayViewName="" isAcquire="false" isBulkReview="false" isOnSite="false" isReview="false" isValidate="false" isViewable="false" moduleStage="" roleList="All Roles" siteStage="" siteStatus="" taskActionName="Complete" taskActionNameIcon="Like-Outline" taskStatus="" viewName="" workflowId="WSIntegrationMTFinal659_Copy:8:42235195" workflowTaskId="Activity_1uhndye" workflowTaskName="Wait for CI050 Construction Completed"/></taskActivityMappings></tasks36><tasks37><taskTemplateObj><taskTemplateObj0 taskTemplateCategory="PM" taskTemplateName="Wait for Site Radio Equip (CI118)"/></taskTemplateObj><taskOrderWithinGroup>38</taskOrderWithinGroup><taskWeightageInGroup>0.13</taskWeightageInGroup><planStartTime>1</planStartTime><timeToExecute>1</timeToExecute><manHours>1</manHours><apiContext></apiContext><methodType></methodType><visibleToNotificationEnable>false</visibleToNotificationEnable><mandatory>false</mandatory><assigneeEnable>true</assigneeEnable><recallOwnerEnable>false</recallOwnerEnable><workGroupEnable>false</workGroupEnable><apiUrl></apiUrl><customApiToCall>false</customApiToCall><recallRollList></recallRollList><recallRestart></recallRestart><woActivityId></woActivityId><reassign>false</reassign><assignedFrom>All Roles</assignedFrom><assignedTo></assignedTo><slaIdentifier></slaIdentifier><mileStoneStage></mileStoneStage><billable>false</billable><taskConfiguration>FULLY_CONFIGURED</taskConfiguration><priorityObj><priorityObj0 priorityName="Medium" priorityType="PROJECTTASK"/></priorityObj><templateNotificationList></templateNotificationList><templateTaskExecutionCategoryList></templateTaskExecutionCategoryList><taskActivityMappings><taskActivityMappings0 actionTooDo="" actionVisibleOn="BOTH" checkListAction="" completionPercentage="100.0" contextJson="" defaultAssignee="" displayViewName="" isAcquire="false" isBulkReview="false" isOnSite="false" isReview="false" isValidate="false" isViewable="false" moduleStage="" roleList="All Roles" siteStage="" siteStatus="" taskActionName="Complete" taskActionNameIcon="Like-Outline" taskStatus="" viewName="" workflowId="WSIntegrationMTFinal659_Copy:8:42235195" workflowTaskId="Activity_0q0fonn" workflowTaskName="Wait for Site Radio Equip (CI118)"/></taskActivityMappings></tasks37><tasks38><taskTemplateObj><taskTemplateObj0 taskTemplateCategory="PM" taskTemplateName="Wait for Equipment (CI119)"/></taskTemplateObj><taskOrderWithinGroup>39</taskOrderWithinGroup><taskWeightageInGroup>0.13</taskWeightageInGroup><planStartTime>1</planStartTime><timeToExecute>1</timeToExecute><manHours>1</manHours><apiContext></apiContext><methodType></methodType><visibleToNotificationEnable>false</visibleToNotificationEnable><mandatory>false</mandatory><assigneeEnable>true</assigneeEnable><recallOwnerEnable>false</recallOwnerEnable><workGroupEnable>false</workGroupEnable><apiUrl></apiUrl><customApiToCall>false</customApiToCall><recallRollList></recallRollList><recallRestart></recallRestart><woActivityId></woActivityId><reassign>false</reassign><assignedFrom>All Roles</assignedFrom><assignedTo></assignedTo><slaIdentifier></slaIdentifier><mileStoneStage></mileStoneStage><billable>false</billable><taskConfiguration>FULLY_CONFIGURED</taskConfiguration><priorityObj><priorityObj0 priorityName="Medium" priorityType="PROJECTTASK"/></priorityObj><templateNotificationList></templateNotificationList><templateTaskExecutionCategoryList></templateTaskExecutionCategoryList><taskActivityMappings><taskActivityMappings0 actionTooDo="" actionVisibleOn="BOTH" checkListAction="" completionPercentage="100.0" contextJson="" defaultAssignee="" displayViewName="" isAcquire="false" isBulkReview="false" isOnSite="false" isReview="false" isValidate="false" isViewable="false" moduleStage="" roleList="All Roles" siteStage="" siteStatus="" taskActionName="Complete" taskActionNameIcon="Like-Outline" taskStatus="" viewName="" workflowId="WSIntegrationMTFinal659_Copy:8:42235195" workflowTaskId="Activity_0300u0t" workflowTaskName="Wait for Equipment (CI119)"/></taskActivityMappings></tasks38><tasks39><taskTemplateObj><taskTemplateObj0 taskTemplateCategory="PM" taskTemplateName="Wait for Transport  (CI042)"/></taskTemplateObj><taskOrderWithinGroup>40</taskOrderWithinGroup><taskWeightageInGroup>0.13</taskWeightageInGroup><planStartTime>1</planStartTime><timeToExecute>1</timeToExecute><manHours>1</manHours><apiContext></apiContext><methodType></methodType><visibleToNotificationEnable>false</visibleToNotificationEnable><mandatory>false</mandatory><assigneeEnable>true</assigneeEnable><recallOwnerEnable>false</recallOwnerEnable><workGroupEnable>false</workGroupEnable><apiUrl></apiUrl><customApiToCall>false</customApiToCall><recallRollList></recallRollList><recallRestart></recallRestart><woActivityId></woActivityId><reassign>false</reassign><assignedFrom>All Roles</assignedFrom><assignedTo></assignedTo><slaIdentifier></slaIdentifier><mileStoneStage></mileStoneStage><billable>false</billable><taskConfiguration>FULLY_CONFIGURED</taskConfiguration><priorityObj><priorityObj0 priorityName="Medium" priorityType="PROJECTTASK"/></priorityObj><templateNotificationList></templateNotificationList><templateTaskExecutionCategoryList></templateTaskExecutionCategoryList><taskActivityMappings><taskActivityMappings0 actionTooDo="" actionVisibleOn="BOTH" checkListAction="" completionPercentage="100.0" contextJson="" defaultAssignee="" displayViewName="" isAcquire="false" isBulkReview="false" isOnSite="false" isReview="false" isValidate="false" isViewable="false" moduleStage="" roleList="All Roles" siteStage="" siteStatus="" taskActionName="Complete" taskActionNameIcon="Like-Outline" taskStatus="" viewName="" workflowId="WSIntegrationMTFinal659_Copy:8:42235195" workflowTaskId="Activity_0assph1" workflowTaskName="Wait for Transport  (CI042)"/></taskActivityMappings></tasks39><tasks40><taskTemplateObj><taskTemplateObj0 taskTemplateCategory="PM" taskTemplateName="Wait for On-Air NTP Received (CI110)"/></taskTemplateObj><taskOrderWithinGroup>41</taskOrderWithinGroup><taskWeightageInGroup>0.13</taskWeightageInGroup><planStartTime>1</planStartTime><timeToExecute>1</timeToExecute><manHours>1</manHours><apiContext></apiContext><methodType></methodType><visibleToNotificationEnable>false</visibleToNotificationEnable><mandatory>false</mandatory><assigneeEnable>true</assigneeEnable><recallOwnerEnable>false</recallOwnerEnable><workGroupEnable>false</workGroupEnable><apiUrl></apiUrl><customApiToCall>false</customApiToCall><recallRollList></recallRollList><recallRestart></recallRestart><woActivityId></woActivityId><reassign>false</reassign><assignedFrom>All Roles</assignedFrom><assignedTo></assignedTo><slaIdentifier></slaIdentifier><mileStoneStage></mileStoneStage><billable>false</billable><taskConfiguration>FULLY_CONFIGURED</taskConfiguration><priorityObj><priorityObj0 priorityName="Medium" priorityType="PROJECTTASK"/></priorityObj><templateNotificationList></templateNotificationList><templateTaskExecutionCategoryList></templateTaskExecutionCategoryList><taskActivityMappings><taskActivityMappings0 actionTooDo="" actionVisibleOn="BOTH" checkListAction="" completionPercentage="100.0" contextJson="" defaultAssignee="" displayViewName="" isAcquire="false" isBulkReview="false" isOnSite="false" isReview="false" isValidate="false" isViewable="false" moduleStage="" roleList="All Roles" siteStage="" siteStatus="" taskActionName="Complete" taskActionNameIcon="Like-Outline" taskStatus="" viewName="" workflowId="WSIntegrationMTFinal659_Copy:8:42235195" workflowTaskId="Activity_11y2p32" workflowTaskName="Wait for On-Air NTP Received (CI110)"/></taskActivityMappings></tasks40><tasks41><taskTemplateObj><taskTemplateObj0 taskTemplateCategory="PM" taskTemplateName="CI207 Complete Node Pre-Integration"/></taskTemplateObj><taskOrderWithinGroup>42</taskOrderWithinGroup><taskWeightageInGroup>0.07</taskWeightageInGroup><planStartTime>1</planStartTime><timeToExecute>1</timeToExecute><manHours>1</manHours><apiContext></apiContext><methodType></methodType><visibleToNotificationEnable>false</visibleToNotificationEnable><mandatory>false</mandatory><assigneeEnable>true</assigneeEnable><recallOwnerEnable>false</recallOwnerEnable><workGroupEnable>false</workGroupEnable><apiUrl></apiUrl><customApiToCall>false</customApiToCall><recallRollList></recallRollList><recallRestart></recallRestart><woActivityId></woActivityId><reassign>false</reassign><assignedFrom>All Roles</assignedFrom><assignedTo></assignedTo><slaIdentifier></slaIdentifier><mileStoneStage></mileStoneStage><billable>false</billable><taskConfiguration>FULLY_CONFIGURED</taskConfiguration><priorityObj><priorityObj0 priorityName="Medium" priorityType="PROJECTTASK"/></priorityObj><templateNotificationList></templateNotificationList><templateTaskExecutionCategoryList></templateTaskExecutionCategoryList><taskActivityMappings><taskActivityMappings0 actionTooDo="" actionVisibleOn="BOTH" checkListAction="" completionPercentage="100.0" contextJson="" defaultAssignee="" displayViewName="" isAcquire="false" isBulkReview="false" isOnSite="false" isReview="false" isValidate="false" isViewable="false" moduleStage="" roleList="All Roles" siteStage="" siteStatus="" taskActionName="Complete" taskActionNameIcon="Like-Outline" taskStatus="" viewName="" workflowId="WSIntegrationMTFinal659_Copy:8:42235195" workflowTaskId="Activity_09i6rq5" workflowTaskName="CI207 Complete Node Pre-Integration"/></taskActivityMappings></tasks41></tasks></groups0></groups><templateDependencyList><templateDependencyList0><leadTime>1</leadTime><hardDependency>false</hardDependency><dependencyType>FS</dependencyType><dependentGroupName>Integration_WO</dependentGroupName><dependsUponGroupName>Integration_WO</dependsUponGroupName><dependentTaskName>CI004 Enter RBS Data</dependentTaskName><dependsUponTaskName>Wait for Construction RFDS.C (SS020)</dependsUponTaskName></templateDependencyList0><templateDependencyList1><leadTime>1</leadTime><hardDependency>false</hardDependency><dependencyType>FS</dependencyType><dependentGroupName>Integration_WO</dependentGroupName><dependsUponGroupName>Integration_WO</dependsUponGroupName><dependentTaskName>CI264 Submit GMLC to Vendor</dependentTaskName><dependsUponTaskName>CI004 Enter RBS Data</dependsUponTaskName></templateDependencyList1><templateDependencyList2><leadTime>1</leadTime><hardDependency>false</hardDependency><dependencyType>FS</dependencyType><dependentGroupName>Integration_WO</dependentGroupName><dependsUponGroupName>Integration_WO</dependsUponGroupName><dependentTaskName>CI035 Complete e-Node B Integration</dependentTaskName><dependsUponTaskName>CI041
Verify Data Fill</dependsUponTaskName></templateDependencyList2><templateDependencyList3><leadTime>1</leadTime><hardDependency>false</hardDependency><dependencyType>FS</dependencyType><dependentGroupName>Integration_WO</dependentGroupName><dependsUponGroupName>Integration_WO</dependsUponGroupName><dependentTaskName>CI035 Complete e-Node B Integration</dependentTaskName><dependsUponTaskName>Wait for Transport  (CI042)</dependsUponTaskName></templateDependencyList3><templateDependencyList4><leadTime>1</leadTime><hardDependency>false</hardDependency><dependencyType>FS</dependencyType><dependentGroupName>Integration_WO</dependentGroupName><dependsUponGroupName>Integration_WO</dependsUponGroupName><dependentTaskName>CI035 Complete e-Node B Integration</dependentTaskName><dependsUponTaskName>Wait for Equipment (CI119)</dependsUponTaskName></templateDependencyList4><templateDependencyList5><leadTime>1</leadTime><hardDependency>false</hardDependency><dependencyType>FS</dependencyType><dependentGroupName>Integration_WO</dependentGroupName><dependsUponGroupName>Integration_WO</dependsUponGroupName><dependentTaskName>CI035 Complete e-Node B Integration</dependentTaskName><dependsUponTaskName>CI207 Complete Node Pre-Integration</dependsUponTaskName></templateDependencyList5><templateDependencyList6><leadTime>1</leadTime><hardDependency>false</hardDependency><dependencyType>FS</dependencyType><dependentGroupName>Integration_WO</dependentGroupName><dependsUponGroupName>Integration_WO</dependsUponGroupName><dependentTaskName>CI035 Complete e-Node B Integration</dependentTaskName><dependsUponTaskName>CI264 Submit GMLC to Vendor</dependsUponTaskName></templateDependencyList6><templateDependencyList7><leadTime>1</leadTime><hardDependency>false</hardDependency><dependencyType>FS</dependencyType><dependentGroupName>Integration_WO</dependentGroupName><dependsUponGroupName>Integration_WO</dependsUponGroupName><dependentTaskName>CI166 Conduct Optimization (LTE)</dependentTaskName><dependsUponTaskName>CI035 Complete e-Node B Integration</dependsUponTaskName></templateDependencyList7><templateDependencyList8><leadTime>1</leadTime><hardDependency>false</hardDependency><dependencyType>FS</dependencyType><dependentGroupName>Integration_WO</dependentGroupName><dependsUponGroupName>Integration_WO</dependsUponGroupName><dependentTaskName>CI032
Turn Site On-Air</dependentTaskName><dependsUponTaskName>CI037 RF Optimization Complete</dependsUponTaskName></templateDependencyList8><templateDependencyList9><leadTime>1</leadTime><hardDependency>false</hardDependency><dependencyType>FS</dependencyType><dependentGroupName>Integration_WO</dependentGroupName><dependsUponGroupName>Integration_WO</dependsUponGroupName><dependentTaskName>CI032
Turn Site On-Air</dependentTaskName><dependsUponTaskName>CI056 Complete Alarming and Monitoring</dependsUponTaskName></templateDependencyList9><templateDependencyList10><leadTime>1</leadTime><hardDependency>false</hardDependency><dependencyType>FS</dependencyType><dependentGroupName>Integration_WO</dependentGroupName><dependsUponGroupName>Integration_WO</dependsUponGroupName><dependentTaskName>CI032
Turn Site On-Air</dependentTaskName><dependsUponTaskName>Wait for On-Air NTP Received (CI110)</dependsUponTaskName></templateDependencyList10><templateDependencyList11><leadTime>1</leadTime><hardDependency>false</hardDependency><dependencyType>FS</dependencyType><dependentGroupName>Integration_WO</dependentGroupName><dependsUponGroupName>Integration_WO</dependsUponGroupName><dependentTaskName>CI032
Turn Site On-Air</dependentTaskName><dependsUponTaskName>CI265 Conduct Prelaunch Audit</dependsUponTaskName></templateDependencyList11><templateDependencyList12><leadTime>1</leadTime><hardDependency>false</hardDependency><dependencyType>FS</dependencyType><dependentGroupName>Integration_WO</dependentGroupName><dependsUponGroupName>Integration_WO</dependsUponGroupName><dependentTaskName>CI139 Conduct Integration</dependentTaskName><dependsUponTaskName>CI035 Complete e-Node B Integration</dependsUponTaskName></templateDependencyList12><templateDependencyList13><leadTime>1</leadTime><hardDependency>false</hardDependency><dependencyType>FS</dependencyType><dependentGroupName>Integration_WO</dependentGroupName><dependsUponGroupName>Integration_WO</dependsUponGroupName><dependentTaskName>CI139 Conduct Integration</dependentTaskName><dependsUponTaskName>CI037 RF Optimization Complete</dependsUponTaskName></templateDependencyList13><templateDependencyList14><leadTime>1</leadTime><hardDependency>false</hardDependency><dependencyType>FS</dependencyType><dependentGroupName>Integration_WO</dependentGroupName><dependsUponGroupName>Integration_WO</dependsUponGroupName><dependentTaskName>CI139 Conduct Integration</dependentTaskName><dependsUponTaskName>Wait for CI050 Construction Completed</dependsUponTaskName></templateDependencyList14><templateDependencyList15><leadTime>1</leadTime><hardDependency>false</hardDependency><dependencyType>FS</dependencyType><dependentGroupName>Integration_WO</dependentGroupName><dependsUponGroupName>Integration_WO</dependsUponGroupName><dependentTaskName>CI140 Complete Optimization</dependentTaskName><dependsUponTaskName>CI139 Conduct Integration</dependsUponTaskName></templateDependencyList15><templateDependencyList16><leadTime>1</leadTime><hardDependency>false</hardDependency><dependencyType>FS</dependencyType><dependentGroupName>Integration_WO</dependentGroupName><dependsUponGroupName>Integration_WO</dependsUponGroupName><dependentTaskName>CI265 Conduct Prelaunch Audit</dependentTaskName><dependsUponTaskName>CI035 Complete e-Node B Integration</dependsUponTaskName></templateDependencyList16><templateDependencyList17><leadTime>1</leadTime><hardDependency>false</hardDependency><dependencyType>FS</dependencyType><dependentGroupName>Integration_WO</dependentGroupName><dependsUponGroupName>Integration_WO</dependsUponGroupName><dependentTaskName>CI081 Complete Operations/Quality</dependentTaskName><dependsUponTaskName>CI035 Complete e-Node B Integration</dependsUponTaskName></templateDependencyList17><templateDependencyList18><leadTime>1</leadTime><hardDependency>false</hardDependency><dependencyType>FS</dependencyType><dependentGroupName>Integration_WO</dependentGroupName><dependsUponGroupName>Integration_WO</dependsUponGroupName><dependentTaskName>CI081 Complete Operations/Quality</dependentTaskName><dependsUponTaskName>Wait for CI050 Construction Completed</dependsUponTaskName></templateDependencyList18><templateDependencyList19><leadTime>1</leadTime><hardDependency>false</hardDependency><dependencyType>FS</dependencyType><dependentGroupName>Integration_WO</dependentGroupName><dependsUponGroupName>Integration_WO</dependsUponGroupName><dependentTaskName>CI037 RF Optimization Complete</dependentTaskName><dependsUponTaskName>CI035 Complete e-Node B Integration</dependsUponTaskName></templateDependencyList19><templateDependencyList20><leadTime>1</leadTime><hardDependency>false</hardDependency><dependencyType>FS</dependencyType><dependentGroupName>Integration_WO</dependentGroupName><dependsUponGroupName>Integration_WO</dependsUponGroupName><dependentTaskName>CI056 Complete Alarming and Monitoring</dependentTaskName><dependsUponTaskName>Wait for Generator Tested (CI268)</dependsUponTaskName></templateDependencyList20><templateDependencyList21><leadTime>1</leadTime><hardDependency>false</hardDependency><dependencyType>FS</dependencyType><dependentGroupName>Integration_WO</dependentGroupName><dependsUponGroupName>Integration_WO</dependsUponGroupName><dependentTaskName>CI041
Verify Data Fill</dependentTaskName><dependsUponTaskName>Wait for Construction
Started (CI025)</dependsUponTaskName></templateDependencyList21><templateDependencyList22><leadTime>1</leadTime><hardDependency>false</hardDependency><dependencyType>FS</dependencyType><dependentGroupName>Integration_WO</dependentGroupName><dependsUponGroupName>Integration_WO</dependsUponGroupName><dependentTaskName>CI270 Complete Fronthaul Solution</dependentTaskName><dependsUponTaskName>Wait for Market Baseline  (SS076)</dependsUponTaskName></templateDependencyList22><templateDependencyList23><leadTime>1</leadTime><hardDependency>false</hardDependency><dependencyType>FS</dependencyType><dependentGroupName>Integration_WO</dependentGroupName><dependsUponGroupName>Integration_WO</dependsUponGroupName><dependentTaskName>CI272 Complete Cabinet</dependentTaskName><dependsUponTaskName>CI270 Complete Fronthaul Solution</dependsUponTaskName></templateDependencyList23><templateDependencyList24><leadTime>1</leadTime><hardDependency>false</hardDependency><dependencyType>FS</dependencyType><dependentGroupName>Integration_WO</dependentGroupName><dependsUponGroupName>Integration_WO</dependsUponGroupName><dependentTaskName>CI272 Complete Cabinet</dependentTaskName><dependsUponTaskName>CI271 Prepare Hub for e-NodeB(s)</dependsUponTaskName></templateDependencyList24><templateDependencyList25><leadTime>1</leadTime><hardDependency>false</hardDependency><dependencyType>FS</dependencyType><dependentGroupName>Integration_WO</dependentGroupName><dependsUponGroupName>Integration_WO</dependsUponGroupName><dependentTaskName>CI271 Prepare Hub for e-NodeB(s)</dependentTaskName><dependsUponTaskName>Wait for Market Baseline  (SS076)</dependsUponTaskName></templateDependencyList25><templateDependencyList26><leadTime>1</leadTime><hardDependency>false</hardDependency><dependencyType>FS</dependencyType><dependentGroupName>Integration_WO</dependentGroupName><dependsUponGroupName>Integration_WO</dependsUponGroupName><dependentTaskName>CI048 Receive OEM Equipment</dependentTaskName><dependsUponTaskName>Lease Signed
(RE015)</dependsUponTaskName></templateDependencyList26><templateDependencyList27><leadTime>1</leadTime><hardDependency>false</hardDependency><dependencyType>FS</dependencyType><dependentGroupName>Integration_WO</dependentGroupName><dependsUponGroupName>Integration_WO</dependsUponGroupName><dependentTaskName>CI055 Call Out OEM Equipment</dependentTaskName><dependsUponTaskName>Wait for Site Acq Complete (RE020)</dependsUponTaskName></templateDependencyList27><templateDependencyList28><leadTime>1</leadTime><hardDependency>false</hardDependency><dependencyType>FS</dependencyType><dependentGroupName>Integration_WO</dependentGroupName><dependsUponGroupName>Integration_WO</dependsUponGroupName><dependentTaskName>CI038 FA Location Validation</dependentTaskName><dependsUponTaskName>Wait for Construction
Started (CI025)</dependsUponTaskName></templateDependencyList28><templateDependencyList29><leadTime>1</leadTime><hardDependency>false</hardDependency><dependencyType>FS</dependencyType><dependentGroupName>Integration_WO</dependentGroupName><dependsUponGroupName>Integration_WO</dependsUponGroupName><dependentTaskName>CI207 Complete Node Pre-Integration</dependentTaskName><dependsUponTaskName>Wait for On-Air NTP Received (CI110)</dependsUponTaskName></templateDependencyList29></templateDependencyList></xml>