<?xml version="1.0" encoding="UTF-8"?><xml><projectTemplateName>JobInit WO</projectTemplateName><projectTemplateCategory>Outdoor</projectTemplateCategory><projectTemplateProcessList><projectTemplateProcessList0><processDefinitionId>WSJobInitMTFinal693_Copy:1:42065195</processDefinitionId><associatedWorkflowName>WS_JobInit_MTFinal</associatedWorkflowName></projectTemplateProcessList0></projectTemplateProcessList><status>ACTIVE</status><siteType>Radio BS</siteType><band>1234GHz</band><label></label><woidPrefix>JOB</woidPrefix><nominal>NOMINAL</nominal><instantiationType>MULTIPLE</instantiationType><technologyName>5G</technologyName><timeBase>DAYS</timeBase><templateType>LOCAL</templateType><groups><groups0><groupTemplateName>JobInit_WO</groupTemplateName><groupTemplateWeightage>100.0</groupTemplateWeightage><groupTemplateStartTime></groupTemplateStartTime><groupTemplateDuration>1</groupTemplateDuration><tasks><tasks0><taskTemplateObj><taskTemplateObj0 taskTemplateCategory="PM" taskTemplateName="Provide Job Data(PACE data publication)"/></taskTemplateObj><taskOrderWithinGroup>1</taskOrderWithinGroup><taskWeightageInGroup>100.0</taskWeightageInGroup><planStartTime>1</planStartTime><timeToExecute>1</timeToExecute><manHours>1</manHours><apiContext></apiContext><methodType></methodType><visibleToNotificationEnable>false</visibleToNotificationEnable><mandatory>false</mandatory><assigneeEnable>true</assigneeEnable><recallOwnerEnable>false</recallOwnerEnable><workGroupEnable>false</workGroupEnable><apiUrl></apiUrl><customApiToCall>false</customApiToCall><recallRollList></recallRollList><recallRestart></recallRestart><woActivityId></woActivityId><reassign>false</reassign><assignedFrom>All Roles</assignedFrom><assignedTo></assignedTo><slaIdentifier></slaIdentifier><mileStoneStage></mileStoneStage><billable>false</billable><taskConfiguration>FULLY_CONFIGURED</taskConfiguration><priorityObj><priorityObj0 priorityName="Medium" priorityType="PROJECTTASK"/></priorityObj><templateNotificationList></templateNotificationList><templateTaskExecutionCategoryList></templateTaskExecutionCategoryList><taskActivityMappings><taskActivityMappings0 actionTooDo="" actionVisibleOn="BOTH" checkListAction="" completionPercentage="100.0" contextJson="" defaultAssignee="" displayViewName="" isAcquire="false" isBulkReview="false" isOnSite="false" isReview="false" isValidate="false" isViewable="false" moduleStage="" roleList="All Roles" siteStage="" siteStatus="" taskActionName="Complete" taskActionNameIcon="Like-Outline" taskStatus="" viewName="" workflowId="WSJobInitMTFinal693_Copy:1:42065195" workflowTaskId="Activity_1cdp3gs" workflowTaskName="Provide Job Data(PACE data publication)"/></taskActivityMappings></tasks0></tasks></groups0></groups><templateDependencyList/></xml>