<?xml version="1.0" encoding="UTF-8"?><xml><projectTemplateName>RealEstate WO</projectTemplateName><projectTemplateCategory>Outdoor</projectTemplateCategory><projectTemplateProcessList><projectTemplateProcessList0><processDefinitionId>Process_1_422581:14:42165356</processDefinitionId><associatedWorkflowName>WS_RealEstate_MTFinal</associatedWorkflowName></projectTemplateProcessList0></projectTemplateProcessList><status>ACTIVE</status><siteType>Radio BS</siteType><band>1234GHz</band><label></label><woidPrefix>RWO</woidPrefix><nominal>NOMINAL</nominal><instantiationType>MULTIPLE</instantiationType><technologyName>5G</technologyName><timeBase>DAYS</timeBase><templateType>LOCAL</templateType><groups><groups0><groupTemplateName>RealEstate WO</groupTemplateName><groupTemplateWeightage>100.0</groupTemplateWeightage><groupTemplateStartTime></groupTemplateStartTime><groupTemplateDuration>1054</groupTemplateDuration><tasks><tasks0><taskTemplateObj><taskTemplateObj0 taskTemplateCategory="PM" taskTemplateName="Select Job Scope"/></taskTemplateObj><taskOrderWithinGroup>1</taskOrderWithinGroup><taskWeightageInGroup>0.09</taskWeightageInGroup><planStartTime>1</planStartTime><timeToExecute>1</timeToExecute><manHours>1</manHours><apiContext></apiContext><methodType></methodType><visibleToNotificationEnable>false</visibleToNotificationEnable><mandatory>false</mandatory><assigneeEnable>true</assigneeEnable><recallOwnerEnable>false</recallOwnerEnable><workGroupEnable>false</workGroupEnable><apiUrl></apiUrl><customApiToCall>false</customApiToCall><recallRollList></recallRollList><recallRestart></recallRestart><woActivityId></woActivityId><reassign>false</reassign><assignedFrom>All Roles</assignedFrom><assignedTo></assignedTo><slaIdentifier></slaIdentifier><mileStoneStage></mileStoneStage><billable>false</billable><taskConfiguration>FULLY_CONFIGURED</taskConfiguration><priorityObj><priorityObj0 priorityName="Medium" priorityType="PROJECTTASK"/></priorityObj><templateNotificationList></templateNotificationList><templateTaskExecutionCategoryList></templateTaskExecutionCategoryList><taskActivityMappings><taskActivityMappings0 actionTooDo="" actionVisibleOn="BOTH" checkListAction="" completionPercentage="100.0" contextJson="{&quot;Scope_Variable&quot; :&quot;ProjectCustomField-projectDropDown1&quot;}" defaultAssignee="" displayViewName="Scope Selection_MT" isAcquire="false" isBulkReview="false" isOnSite="false" isReview="false" isValidate="false" isViewable="false" moduleStage="" roleList="All Roles" siteStage="" siteStatus="" taskActionName="Complete" taskActionNameIcon="Like-Outline" taskStatus="" viewName="scopeselection_mt" workflowId="Process_1_422581:14:42165356" workflowTaskId="Activity_0mg7x1w" workflowTaskName="Select Job Scope"/></taskActivityMappings></tasks0><tasks1><taskTemplateObj><taskTemplateObj0 taskTemplateCategory="PM" taskTemplateName="RE005 Submit Zoning"/></taskTemplateObj><taskOrderWithinGroup>2</taskOrderWithinGroup><taskWeightageInGroup>2.85</taskWeightageInGroup><planStartTime>1</planStartTime><timeToExecute>30</timeToExecute><manHours>1</manHours><apiContext></apiContext><methodType></methodType><visibleToNotificationEnable>false</visibleToNotificationEnable><mandatory>false</mandatory><assigneeEnable>true</assigneeEnable><recallOwnerEnable>false</recallOwnerEnable><workGroupEnable>false</workGroupEnable><apiUrl></apiUrl><customApiToCall>false</customApiToCall><recallRollList></recallRollList><recallRestart></recallRestart><woActivityId></woActivityId><reassign>false</reassign><assignedFrom>All Roles</assignedFrom><assignedTo></assignedTo><slaIdentifier></slaIdentifier><mileStoneStage></mileStoneStage><billable>false</billable><taskConfiguration>FULLY_CONFIGURED</taskConfiguration><priorityObj><priorityObj0 priorityName="Medium" priorityType="PROJECTTASK"/></priorityObj><templateNotificationList></templateNotificationList><templateTaskExecutionCategoryList></templateTaskExecutionCategoryList><taskActivityMappings><taskActivityMappings0 actionTooDo="" actionVisibleOn="BOTH" checkListAction="" completionPercentage="100.0" contextJson="" defaultAssignee="" displayViewName="" isAcquire="false" isBulkReview="false" isOnSite="false" isReview="false" isValidate="false" isViewable="false" moduleStage="" roleList="All Roles" siteStage="" siteStatus="" taskActionName="Complete" taskActionNameIcon="Like-Outline" taskStatus="" viewName="" workflowId="Process_1_422581:14:42165356" workflowTaskId="Activity_0pj2rbz" workflowTaskName="RE005 Submit Zoning"/></taskActivityMappings></tasks1><tasks2><taskTemplateObj><taskTemplateObj0 taskTemplateCategory="PM" taskTemplateName="RE066 Complete Zoning Application"/></taskTemplateObj><taskOrderWithinGroup>3</taskOrderWithinGroup><taskWeightageInGroup>2.85</taskWeightageInGroup><planStartTime>1</planStartTime><timeToExecute>30</timeToExecute><manHours>1</manHours><apiContext></apiContext><methodType></methodType><visibleToNotificationEnable>false</visibleToNotificationEnable><mandatory>false</mandatory><assigneeEnable>true</assigneeEnable><recallOwnerEnable>false</recallOwnerEnable><workGroupEnable>false</workGroupEnable><apiUrl></apiUrl><customApiToCall>false</customApiToCall><recallRollList></recallRollList><recallRestart></recallRestart><woActivityId></woActivityId><reassign>false</reassign><assignedFrom>All Roles</assignedFrom><assignedTo></assignedTo><slaIdentifier></slaIdentifier><mileStoneStage></mileStoneStage><billable>false</billable><taskConfiguration>FULLY_CONFIGURED</taskConfiguration><priorityObj><priorityObj0 priorityName="Medium" priorityType="PROJECTTASK"/></priorityObj><templateNotificationList></templateNotificationList><templateTaskExecutionCategoryList></templateTaskExecutionCategoryList><taskActivityMappings><taskActivityMappings0 actionTooDo="" actionVisibleOn="BOTH" checkListAction="" completionPercentage="100.0" contextJson="" defaultAssignee="" displayViewName="" isAcquire="false" isBulkReview="false" isOnSite="false" isReview="false" isValidate="false" isViewable="false" moduleStage="" roleList="All Roles" siteStage="" siteStatus="" taskActionName="Complete" taskActionNameIcon="Like-Outline" taskStatus="" viewName="" workflowId="Process_1_422581:14:42165356" workflowTaskId="Activity_0ke56zz" workflowTaskName="RE066 Complete Zoning Application"/></taskActivityMappings></tasks2><tasks3><taskTemplateObj><taskTemplateObj0 taskTemplateCategory="PM" taskTemplateName="RE030 Receive Zoning Approval"/></taskTemplateObj><taskOrderWithinGroup>4</taskOrderWithinGroup><taskWeightageInGroup>16.89</taskWeightageInGroup><planStartTime>1</planStartTime><timeToExecute>178</timeToExecute><manHours>1</manHours><apiContext></apiContext><methodType></methodType><visibleToNotificationEnable>false</visibleToNotificationEnable><mandatory>false</mandatory><assigneeEnable>true</assigneeEnable><recallOwnerEnable>false</recallOwnerEnable><workGroupEnable>false</workGroupEnable><apiUrl></apiUrl><customApiToCall>false</customApiToCall><recallRollList></recallRollList><recallRestart></recallRestart><woActivityId></woActivityId><reassign>false</reassign><assignedFrom>All Roles</assignedFrom><assignedTo></assignedTo><slaIdentifier></slaIdentifier><mileStoneStage></mileStoneStage><billable>false</billable><taskConfiguration>FULLY_CONFIGURED</taskConfiguration><priorityObj><priorityObj0 priorityName="Medium" priorityType="PROJECTTASK"/></priorityObj><templateNotificationList></templateNotificationList><templateTaskExecutionCategoryList></templateTaskExecutionCategoryList><taskActivityMappings><taskActivityMappings0 actionTooDo="" actionVisibleOn="BOTH" checkListAction="" completionPercentage="100.0" contextJson="" defaultAssignee="" displayViewName="" isAcquire="false" isBulkReview="false" isOnSite="false" isReview="false" isValidate="false" isViewable="false" moduleStage="" roleList="All Roles" siteStage="" siteStatus="" taskActionName="Complete" taskActionNameIcon="Like-Outline" taskStatus="" viewName="" workflowId="Process_1_422581:14:42165356" workflowTaskId="Activity_1pc1c99" workflowTaskName="RE030 Receive Zoning Approval"/></taskActivityMappings></tasks3><tasks4><taskTemplateObj><taskTemplateObj0 taskTemplateCategory="PM" taskTemplateName="Structural Analysis Result"/></taskTemplateObj><taskOrderWithinGroup>5</taskOrderWithinGroup><taskWeightageInGroup>0.09</taskWeightageInGroup><planStartTime>1</planStartTime><timeToExecute>1</timeToExecute><manHours>1</manHours><apiContext></apiContext><methodType></methodType><visibleToNotificationEnable>false</visibleToNotificationEnable><mandatory>false</mandatory><assigneeEnable>true</assigneeEnable><recallOwnerEnable>false</recallOwnerEnable><workGroupEnable>false</workGroupEnable><apiUrl></apiUrl><customApiToCall>false</customApiToCall><recallRollList></recallRollList><recallRestart></recallRestart><woActivityId></woActivityId><reassign>false</reassign><assignedFrom>All Roles</assignedFrom><assignedTo></assignedTo><slaIdentifier></slaIdentifier><mileStoneStage></mileStoneStage><billable>false</billable><taskConfiguration>FULLY_CONFIGURED</taskConfiguration><priorityObj><priorityObj0 priorityName="Medium" priorityType="PROJECTTASK"/></priorityObj><templateNotificationList></templateNotificationList><templateTaskExecutionCategoryList></templateTaskExecutionCategoryList><taskActivityMappings><taskActivityMappings0 actionTooDo="" actionVisibleOn="BOTH" checkListAction="" completionPercentage="100.0" contextJson="{&quot;Structural_Analysis&quot; :&quot;Pass&quot;}" defaultAssignee="" displayViewName="" isAcquire="false" isBulkReview="false" isOnSite="false" isReview="false" isValidate="false" isViewable="false" moduleStage="" roleList="All Roles" siteStage="" siteStatus="" taskActionName="Pass" taskActionNameIcon="double-check" taskStatus="" viewName="" workflowId="Process_1_422581:14:42165356" workflowTaskId="Activity_0u2vief" workflowTaskName="Structural Analysis Result"/><taskActivityMappings1 actionTooDo="" actionVisibleOn="BOTH" checkListAction="" completionPercentage="100.0" contextJson="{&quot;Structural_Analysis&quot; :&quot;Fail&quot;}" defaultAssignee="" displayViewName="" isAcquire="false" isBulkReview="false" isOnSite="false" isReview="false" isValidate="false" isViewable="false" moduleStage="" roleList="All Roles" siteStage="" siteStatus="" taskActionName="Fail" taskActionNameIcon="Rejected" taskStatus="" viewName="" workflowId="Process_1_422581:14:42165356" workflowTaskId="Activity_0u2vief" workflowTaskName="Structural Analysis Result"/></taskActivityMappings></tasks4><tasks5><taskTemplateObj><taskTemplateObj0 taskTemplateCategory="PM" taskTemplateName="RE057 Conduct  TARP Review"/></taskTemplateObj><taskOrderWithinGroup>6</taskOrderWithinGroup><taskWeightageInGroup>0.38</taskWeightageInGroup><planStartTime>1</planStartTime><timeToExecute>4</timeToExecute><manHours>1</manHours><apiContext></apiContext><methodType></methodType><visibleToNotificationEnable>false</visibleToNotificationEnable><mandatory>false</mandatory><assigneeEnable>true</assigneeEnable><recallOwnerEnable>false</recallOwnerEnable><workGroupEnable>false</workGroupEnable><apiUrl></apiUrl><customApiToCall>false</customApiToCall><recallRollList></recallRollList><recallRestart></recallRestart><woActivityId></woActivityId><reassign>false</reassign><assignedFrom>All Roles</assignedFrom><assignedTo></assignedTo><slaIdentifier></slaIdentifier><mileStoneStage></mileStoneStage><billable>false</billable><taskConfiguration>FULLY_CONFIGURED</taskConfiguration><priorityObj><priorityObj0 priorityName="Medium" priorityType="PROJECTTASK"/></priorityObj><templateNotificationList></templateNotificationList><templateTaskExecutionCategoryList></templateTaskExecutionCategoryList><taskActivityMappings><taskActivityMappings0 actionTooDo="" actionVisibleOn="BOTH" checkListAction="" completionPercentage="100.0" contextJson="" defaultAssignee="" displayViewName="" isAcquire="false" isBulkReview="false" isOnSite="false" isReview="false" isValidate="false" isViewable="false" moduleStage="" roleList="All Roles" siteStage="" siteStatus="" taskActionName="Complete" taskActionNameIcon="Like-Outline" taskStatus="" viewName="" workflowId="Process_1_422581:14:42165356" workflowTaskId="Activity_1q7x70b" workflowTaskName="RE057 Conduct  TARP Review"/></taskActivityMappings></tasks5><tasks6><taskTemplateObj><taskTemplateObj0 taskTemplateCategory="PM" taskTemplateName="RE001 Submit Building Permit"/></taskTemplateObj><taskOrderWithinGroup>7</taskOrderWithinGroup><taskWeightageInGroup>2.85</taskWeightageInGroup><planStartTime>1</planStartTime><timeToExecute>30</timeToExecute><manHours>1</manHours><apiContext></apiContext><methodType></methodType><visibleToNotificationEnable>false</visibleToNotificationEnable><mandatory>false</mandatory><assigneeEnable>true</assigneeEnable><recallOwnerEnable>false</recallOwnerEnable><workGroupEnable>false</workGroupEnable><apiUrl></apiUrl><customApiToCall>false</customApiToCall><recallRollList></recallRollList><recallRestart></recallRestart><woActivityId></woActivityId><reassign>false</reassign><assignedFrom>All Roles</assignedFrom><assignedTo></assignedTo><slaIdentifier></slaIdentifier><mileStoneStage></mileStoneStage><billable>false</billable><taskConfiguration>FULLY_CONFIGURED</taskConfiguration><priorityObj><priorityObj0 priorityName="Medium" priorityType="PROJECTTASK"/></priorityObj><templateNotificationList></templateNotificationList><templateTaskExecutionCategoryList></templateTaskExecutionCategoryList><taskActivityMappings><taskActivityMappings0 actionTooDo="" actionVisibleOn="BOTH" checkListAction="" completionPercentage="100.0" contextJson="" defaultAssignee="" displayViewName="" isAcquire="false" isBulkReview="false" isOnSite="false" isReview="false" isValidate="false" isViewable="false" moduleStage="" roleList="All Roles" siteStage="" siteStatus="" taskActionName="Complete" taskActionNameIcon="Like-Outline" taskStatus="" viewName="" workflowId="Process_1_422581:14:42165356" workflowTaskId="Activity_0pqqvac" workflowTaskName="RE001 Submit Building Permit"/></taskActivityMappings></tasks6><tasks7><taskTemplateObj><taskTemplateObj0 taskTemplateCategory="PM" taskTemplateName="RE031 Receive Building Permit"/></taskTemplateObj><taskOrderWithinGroup>8</taskOrderWithinGroup><taskWeightageInGroup>8.54</taskWeightageInGroup><planStartTime>1</planStartTime><timeToExecute>90</timeToExecute><manHours>1</manHours><apiContext></apiContext><methodType></methodType><visibleToNotificationEnable>false</visibleToNotificationEnable><mandatory>false</mandatory><assigneeEnable>true</assigneeEnable><recallOwnerEnable>false</recallOwnerEnable><workGroupEnable>false</workGroupEnable><apiUrl></apiUrl><customApiToCall>false</customApiToCall><recallRollList></recallRollList><recallRestart></recallRestart><woActivityId></woActivityId><reassign>false</reassign><assignedFrom>All Roles</assignedFrom><assignedTo></assignedTo><slaIdentifier></slaIdentifier><mileStoneStage></mileStoneStage><billable>false</billable><taskConfiguration>FULLY_CONFIGURED</taskConfiguration><priorityObj><priorityObj0 priorityName="Medium" priorityType="PROJECTTASK"/></priorityObj><templateNotificationList></templateNotificationList><templateTaskExecutionCategoryList></templateTaskExecutionCategoryList><taskActivityMappings><taskActivityMappings0 actionTooDo="" actionVisibleOn="BOTH" checkListAction="" completionPercentage="100.0" contextJson="" defaultAssignee="" displayViewName="" isAcquire="false" isBulkReview="false" isOnSite="false" isReview="false" isValidate="false" isViewable="false" moduleStage="" roleList="All Roles" siteStage="" siteStatus="" taskActionName="Complete" taskActionNameIcon="Like-Outline" taskStatus="" viewName="" workflowId="Process_1_422581:14:42165356" workflowTaskId="Activity_1qgxufl" workflowTaskName="RE031 Receive Building Permit"/></taskActivityMappings></tasks7><tasks8><taskTemplateObj><taskTemplateObj0 taskTemplateCategory="PM" taskTemplateName="RE020 Complete Site Acquisition"/></taskTemplateObj><taskOrderWithinGroup>9</taskOrderWithinGroup><taskWeightageInGroup>3.04</taskWeightageInGroup><planStartTime>1</planStartTime><timeToExecute>32</timeToExecute><manHours>1</manHours><apiContext></apiContext><methodType></methodType><visibleToNotificationEnable>false</visibleToNotificationEnable><mandatory>false</mandatory><assigneeEnable>true</assigneeEnable><recallOwnerEnable>false</recallOwnerEnable><workGroupEnable>false</workGroupEnable><apiUrl></apiUrl><customApiToCall>false</customApiToCall><recallRollList></recallRollList><recallRestart></recallRestart><woActivityId></woActivityId><reassign>false</reassign><assignedFrom>All Roles</assignedFrom><assignedTo></assignedTo><slaIdentifier></slaIdentifier><mileStoneStage></mileStoneStage><billable>false</billable><taskConfiguration>FULLY_CONFIGURED</taskConfiguration><priorityObj><priorityObj0 priorityName="Medium" priorityType="PROJECTTASK"/></priorityObj><templateNotificationList></templateNotificationList><templateTaskExecutionCategoryList></templateTaskExecutionCategoryList><taskActivityMappings><taskActivityMappings0 actionTooDo="" actionVisibleOn="BOTH" checkListAction="" completionPercentage="100.0" contextJson="" defaultAssignee="" displayViewName="" isAcquire="false" isBulkReview="false" isOnSite="false" isReview="false" isValidate="false" isViewable="false" moduleStage="" roleList="All Roles" siteStage="" siteStatus="" taskActionName="Complete" taskActionNameIcon="Like-Outline" taskStatus="" viewName="" workflowId="Process_1_422581:14:42165356" workflowTaskId="Activity_0qtve2q" workflowTaskName="RE020 Complete Site Acquisition"/></taskActivityMappings></tasks8><tasks9><taskTemplateObj><taskTemplateObj0 taskTemplateCategory="PM" taskTemplateName="RE097 Complete Site Acq Package"/></taskTemplateObj><taskOrderWithinGroup>10</taskOrderWithinGroup><taskWeightageInGroup>2.85</taskWeightageInGroup><planStartTime>1</planStartTime><timeToExecute>30</timeToExecute><manHours>1</manHours><apiContext></apiContext><methodType></methodType><visibleToNotificationEnable>false</visibleToNotificationEnable><mandatory>false</mandatory><assigneeEnable>true</assigneeEnable><recallOwnerEnable>false</recallOwnerEnable><workGroupEnable>false</workGroupEnable><apiUrl></apiUrl><customApiToCall>false</customApiToCall><recallRollList></recallRollList><recallRestart></recallRestart><woActivityId></woActivityId><reassign>false</reassign><assignedFrom>All Roles</assignedFrom><assignedTo></assignedTo><slaIdentifier></slaIdentifier><mileStoneStage></mileStoneStage><billable>false</billable><taskConfiguration>FULLY_CONFIGURED</taskConfiguration><priorityObj><priorityObj0 priorityName="Medium" priorityType="PROJECTTASK"/></priorityObj><templateNotificationList></templateNotificationList><templateTaskExecutionCategoryList></templateTaskExecutionCategoryList><taskActivityMappings><taskActivityMappings0 actionTooDo="" actionVisibleOn="BOTH" checkListAction="" completionPercentage="100.0" contextJson="" defaultAssignee="" displayViewName="" isAcquire="false" isBulkReview="false" isOnSite="false" isReview="false" isValidate="false" isViewable="false" moduleStage="" roleList="All Roles" siteStage="" siteStatus="" taskActionName="Complete" taskActionNameIcon="Like-Outline" taskStatus="" viewName="" workflowId="Process_1_422581:14:42165356" workflowTaskId="Activity_0xwkzkg" workflowTaskName="RE097 Complete Site Acq Package"/></taskActivityMappings></tasks9><tasks10><taskTemplateObj><taskTemplateObj0 taskTemplateCategory="PM" taskTemplateName="RE060 Provide Final Site Acq Acceptance"/></taskTemplateObj><taskOrderWithinGroup>11</taskOrderWithinGroup><taskWeightageInGroup>2.85</taskWeightageInGroup><planStartTime>1</planStartTime><timeToExecute>30</timeToExecute><manHours>1</manHours><apiContext></apiContext><methodType></methodType><visibleToNotificationEnable>false</visibleToNotificationEnable><mandatory>false</mandatory><assigneeEnable>true</assigneeEnable><recallOwnerEnable>false</recallOwnerEnable><workGroupEnable>false</workGroupEnable><apiUrl></apiUrl><customApiToCall>false</customApiToCall><recallRollList></recallRollList><recallRestart></recallRestart><woActivityId></woActivityId><reassign>false</reassign><assignedFrom>All Roles</assignedFrom><assignedTo></assignedTo><slaIdentifier></slaIdentifier><mileStoneStage></mileStoneStage><billable>false</billable><taskConfiguration>FULLY_CONFIGURED</taskConfiguration><priorityObj><priorityObj0 priorityName="Medium" priorityType="PROJECTTASK"/></priorityObj><templateNotificationList></templateNotificationList><templateTaskExecutionCategoryList></templateTaskExecutionCategoryList><taskActivityMappings><taskActivityMappings0 actionTooDo="" actionVisibleOn="BOTH" checkListAction="" completionPercentage="100.0" contextJson="" defaultAssignee="" displayViewName="" isAcquire="false" isBulkReview="false" isOnSite="false" isReview="false" isValidate="false" isViewable="false" moduleStage="" roleList="All Roles" siteStage="" siteStatus="" taskActionName="Complete" taskActionNameIcon="Like-Outline" taskStatus="" viewName="" workflowId="Process_1_422581:14:42165356" workflowTaskId="Activity_03eskav" workflowTaskName="RE060 Provide Final Site Acq Acceptance"/></taskActivityMappings></tasks10><tasks11><taskTemplateObj><taskTemplateObj0 taskTemplateCategory="PM" taskTemplateName="Send Message - Complete 3rd Party (CI153)"/></taskTemplateObj><taskOrderWithinGroup>12</taskOrderWithinGroup><taskWeightageInGroup>0.09</taskWeightageInGroup><planStartTime>1</planStartTime><timeToExecute>1</timeToExecute><manHours>1</manHours><apiContext></apiContext><methodType></methodType><visibleToNotificationEnable>false</visibleToNotificationEnable><mandatory>false</mandatory><assigneeEnable>true</assigneeEnable><recallOwnerEnable>false</recallOwnerEnable><workGroupEnable>false</workGroupEnable><apiUrl></apiUrl><customApiToCall>false</customApiToCall><recallRollList></recallRollList><recallRestart></recallRestart><woActivityId></woActivityId><reassign>false</reassign><assignedFrom>All Roles</assignedFrom><assignedTo></assignedTo><slaIdentifier></slaIdentifier><mileStoneStage></mileStoneStage><billable>false</billable><taskConfiguration>FULLY_CONFIGURED</taskConfiguration><priorityObj><priorityObj0 priorityName="Medium" priorityType="PROJECTTASK"/></priorityObj><templateNotificationList></templateNotificationList><templateTaskExecutionCategoryList></templateTaskExecutionCategoryList><taskActivityMappings><taskActivityMappings0 actionTooDo="" actionVisibleOn="BOTH" checkListAction="" completionPercentage="100.0" contextJson="" defaultAssignee="" displayViewName="" isAcquire="false" isBulkReview="false" isOnSite="false" isReview="false" isValidate="false" isViewable="false" moduleStage="" roleList="All Roles" siteStage="" siteStatus="" taskActionName="Complete" taskActionNameIcon="Like-Outline" taskStatus="" viewName="" workflowId="Process_1_422581:14:42165356" workflowTaskId="Activity_0azrmla" workflowTaskName="Send Message - Complete 3rd Party (CI153)"/></taskActivityMappings></tasks11><tasks12><taskTemplateObj><taskTemplateObj0 taskTemplateCategory="PM" taskTemplateName="Send Message - Call Out Tower (CI065)"/></taskTemplateObj><taskOrderWithinGroup>13</taskOrderWithinGroup><taskWeightageInGroup>0.09</taskWeightageInGroup><planStartTime>1</planStartTime><timeToExecute>1</timeToExecute><manHours>1</manHours><apiContext></apiContext><methodType></methodType><visibleToNotificationEnable>false</visibleToNotificationEnable><mandatory>false</mandatory><assigneeEnable>true</assigneeEnable><recallOwnerEnable>false</recallOwnerEnable><workGroupEnable>false</workGroupEnable><apiUrl></apiUrl><customApiToCall>false</customApiToCall><recallRollList></recallRollList><recallRestart></recallRestart><woActivityId></woActivityId><reassign>false</reassign><assignedFrom>All Roles</assignedFrom><assignedTo></assignedTo><slaIdentifier></slaIdentifier><mileStoneStage></mileStoneStage><billable>false</billable><taskConfiguration>FULLY_CONFIGURED</taskConfiguration><priorityObj><priorityObj0 priorityName="Medium" priorityType="PROJECTTASK"/></priorityObj><templateNotificationList></templateNotificationList><templateTaskExecutionCategoryList></templateTaskExecutionCategoryList><taskActivityMappings><taskActivityMappings0 actionTooDo="" actionVisibleOn="BOTH" checkListAction="" completionPercentage="100.0" contextJson="" defaultAssignee="" displayViewName="" isAcquire="false" isBulkReview="false" isOnSite="false" isReview="false" isValidate="false" isViewable="false" moduleStage="" roleList="All Roles" siteStage="" siteStatus="" taskActionName="Complete" taskActionNameIcon="Like-Outline" taskStatus="" viewName="" workflowId="Process_1_422581:14:42165356" workflowTaskId="Activity_1ve7vyi" workflowTaskName="Send Message - Call Out Tower (CI065)"/></taskActivityMappings></tasks12><tasks13><taskTemplateObj><taskTemplateObj0 taskTemplateCategory="PM" taskTemplateName="Send Message RBS Date Entered (CI004)"/></taskTemplateObj><taskOrderWithinGroup>14</taskOrderWithinGroup><taskWeightageInGroup>0.09</taskWeightageInGroup><planStartTime>1</planStartTime><timeToExecute>1</timeToExecute><manHours>1</manHours><apiContext></apiContext><methodType></methodType><visibleToNotificationEnable>false</visibleToNotificationEnable><mandatory>false</mandatory><assigneeEnable>true</assigneeEnable><recallOwnerEnable>false</recallOwnerEnable><workGroupEnable>false</workGroupEnable><apiUrl></apiUrl><customApiToCall>false</customApiToCall><recallRollList></recallRollList><recallRestart></recallRestart><woActivityId></woActivityId><reassign>false</reassign><assignedFrom>All Roles</assignedFrom><assignedTo></assignedTo><slaIdentifier></slaIdentifier><mileStoneStage></mileStoneStage><billable>false</billable><taskConfiguration>FULLY_CONFIGURED</taskConfiguration><priorityObj><priorityObj0 priorityName="Medium" priorityType="PROJECTTASK"/></priorityObj><templateNotificationList></templateNotificationList><templateTaskExecutionCategoryList></templateTaskExecutionCategoryList><taskActivityMappings><taskActivityMappings0 actionTooDo="" actionVisibleOn="BOTH" checkListAction="" completionPercentage="100.0" contextJson="" defaultAssignee="" displayViewName="" isAcquire="false" isBulkReview="false" isOnSite="false" isReview="false" isValidate="false" isViewable="false" moduleStage="" roleList="All Roles" siteStage="" siteStatus="" taskActionName="Complete" taskActionNameIcon="Like-Outline" taskStatus="" viewName="" workflowId="Process_1_422581:14:42165356" workflowTaskId="Activity_1vf2llw" workflowTaskName="Send Message RBS Date Entered (CI004)"/></taskActivityMappings></tasks13><tasks14><taskTemplateObj><taskTemplateObj0 taskTemplateCategory="PM" taskTemplateName="Send Message - Start Const-2 (CI025)"/></taskTemplateObj><taskOrderWithinGroup>15</taskOrderWithinGroup><taskWeightageInGroup>0.09</taskWeightageInGroup><planStartTime>1</planStartTime><timeToExecute>1</timeToExecute><manHours>1</manHours><apiContext></apiContext><methodType></methodType><visibleToNotificationEnable>false</visibleToNotificationEnable><mandatory>false</mandatory><assigneeEnable>true</assigneeEnable><recallOwnerEnable>false</recallOwnerEnable><workGroupEnable>false</workGroupEnable><apiUrl></apiUrl><customApiToCall>false</customApiToCall><recallRollList></recallRollList><recallRestart></recallRestart><woActivityId></woActivityId><reassign>false</reassign><assignedFrom>All Roles</assignedFrom><assignedTo></assignedTo><slaIdentifier></slaIdentifier><mileStoneStage></mileStoneStage><billable>false</billable><taskConfiguration>FULLY_CONFIGURED</taskConfiguration><priorityObj><priorityObj0 priorityName="Medium" priorityType="PROJECTTASK"/></priorityObj><templateNotificationList></templateNotificationList><templateTaskExecutionCategoryList></templateTaskExecutionCategoryList><taskActivityMappings><taskActivityMappings0 actionTooDo="" actionVisibleOn="BOTH" checkListAction="" completionPercentage="100.0" contextJson="" defaultAssignee="" displayViewName="" isAcquire="false" isBulkReview="false" isOnSite="false" isReview="false" isValidate="false" isViewable="false" moduleStage="" roleList="All Roles" siteStage="" siteStatus="" taskActionName="Complete" taskActionNameIcon="Like-Outline" taskStatus="" viewName="" workflowId="Process_1_422581:14:42165356" workflowTaskId="Activity_0738zyl" workflowTaskName="Send Message - Start Const-2 (CI025)"/></taskActivityMappings></tasks14><tasks15><taskTemplateObj><taskTemplateObj0 taskTemplateCategory="PM" taskTemplateName="Wait for Const Drawings -1 (SS107)"/></taskTemplateObj><taskOrderWithinGroup>16</taskOrderWithinGroup><taskWeightageInGroup>0.09</taskWeightageInGroup><planStartTime>1</planStartTime><timeToExecute>1</timeToExecute><manHours>1</manHours><apiContext></apiContext><methodType></methodType><visibleToNotificationEnable>false</visibleToNotificationEnable><mandatory>false</mandatory><assigneeEnable>true</assigneeEnable><recallOwnerEnable>false</recallOwnerEnable><workGroupEnable>false</workGroupEnable><apiUrl></apiUrl><customApiToCall>false</customApiToCall><recallRollList></recallRollList><recallRestart></recallRestart><woActivityId></woActivityId><reassign>false</reassign><assignedFrom>All Roles</assignedFrom><assignedTo></assignedTo><slaIdentifier></slaIdentifier><mileStoneStage></mileStoneStage><billable>false</billable><taskConfiguration>FULLY_CONFIGURED</taskConfiguration><priorityObj><priorityObj0 priorityName="Medium" priorityType="PROJECTTASK"/></priorityObj><templateNotificationList></templateNotificationList><templateTaskExecutionCategoryList></templateTaskExecutionCategoryList><taskActivityMappings><taskActivityMappings0 actionTooDo="" actionVisibleOn="BOTH" checkListAction="" completionPercentage="100.0" contextJson="" defaultAssignee="" displayViewName="" isAcquire="false" isBulkReview="false" isOnSite="false" isReview="false" isValidate="false" isViewable="false" moduleStage="" roleList="All Roles" siteStage="" siteStatus="" taskActionName="Complete" taskActionNameIcon="Like-Outline" taskStatus="" viewName="" workflowId="Process_1_422581:14:42165356" workflowTaskId="Activity_0icaicq" workflowTaskName="Wait for Const Drawings -1 (SS107)"/></taskActivityMappings></tasks15><tasks16><taskTemplateObj><taskTemplateObj0 taskTemplateCategory="PM" taskTemplateName="RE103 Request Draft Lease from Tower Owner"/></taskTemplateObj><taskOrderWithinGroup>17</taskOrderWithinGroup><taskWeightageInGroup>2.66</taskWeightageInGroup><planStartTime>1</planStartTime><timeToExecute>28</timeToExecute><manHours>1</manHours><apiContext></apiContext><methodType></methodType><visibleToNotificationEnable>false</visibleToNotificationEnable><mandatory>false</mandatory><assigneeEnable>true</assigneeEnable><recallOwnerEnable>false</recallOwnerEnable><workGroupEnable>false</workGroupEnable><apiUrl></apiUrl><customApiToCall>false</customApiToCall><recallRollList></recallRollList><recallRestart></recallRestart><woActivityId></woActivityId><reassign>false</reassign><assignedFrom>All Roles</assignedFrom><assignedTo></assignedTo><slaIdentifier></slaIdentifier><mileStoneStage></mileStoneStage><billable>false</billable><taskConfiguration>FULLY_CONFIGURED</taskConfiguration><priorityObj><priorityObj0 priorityName="Medium" priorityType="PROJECTTASK"/></priorityObj><templateNotificationList></templateNotificationList><templateTaskExecutionCategoryList></templateTaskExecutionCategoryList><taskActivityMappings><taskActivityMappings0 actionTooDo="" actionVisibleOn="BOTH" checkListAction="" completionPercentage="100.0" contextJson="" defaultAssignee="" displayViewName="" isAcquire="false" isBulkReview="false" isOnSite="false" isReview="false" isValidate="false" isViewable="false" moduleStage="" roleList="All Roles" siteStage="" siteStatus="" taskActionName="Complete" taskActionNameIcon="Like-Outline" taskStatus="" viewName="" workflowId="Process_1_422581:14:42165356" workflowTaskId="Activity_1g5zjme" workflowTaskName="RE103 Request Draft Lease from Tower Owner"/></taskActivityMappings></tasks16><tasks17><taskTemplateObj><taskTemplateObj0 taskTemplateCategory="PM" taskTemplateName="RE015 Receive Sign Leasing Agreement"/></taskTemplateObj><taskOrderWithinGroup>18</taskOrderWithinGroup><taskWeightageInGroup>16.03</taskWeightageInGroup><planStartTime>1</planStartTime><timeToExecute>169</timeToExecute><manHours>1</manHours><apiContext></apiContext><methodType></methodType><visibleToNotificationEnable>false</visibleToNotificationEnable><mandatory>false</mandatory><assigneeEnable>true</assigneeEnable><recallOwnerEnable>false</recallOwnerEnable><workGroupEnable>false</workGroupEnable><apiUrl></apiUrl><customApiToCall>false</customApiToCall><recallRollList></recallRollList><recallRestart></recallRestart><woActivityId></woActivityId><reassign>false</reassign><assignedFrom>All Roles</assignedFrom><assignedTo></assignedTo><slaIdentifier></slaIdentifier><mileStoneStage></mileStoneStage><billable>false</billable><taskConfiguration>FULLY_CONFIGURED</taskConfiguration><priorityObj><priorityObj0 priorityName="Medium" priorityType="PROJECTTASK"/></priorityObj><templateNotificationList></templateNotificationList><templateTaskExecutionCategoryList></templateTaskExecutionCategoryList><taskActivityMappings><taskActivityMappings0 actionTooDo="" actionVisibleOn="BOTH" checkListAction="" completionPercentage="100.0" contextJson="" defaultAssignee="" displayViewName="" isAcquire="false" isBulkReview="false" isOnSite="false" isReview="false" isValidate="false" isViewable="false" moduleStage="" roleList="All Roles" siteStage="" siteStatus="" taskActionName="Complete" taskActionNameIcon="Like-Outline" taskStatus="" viewName="" workflowId="Process_1_422581:14:42165356" workflowTaskId="Activity_19e3u19" workflowTaskName="RE015 Receive Sign Leasing Agreement"/></taskActivityMappings></tasks17><tasks18><taskTemplateObj><taskTemplateObj0 taskTemplateCategory="PM" taskTemplateName="Wait for - Site Audit Uploaded TFN? (SS005)"/></taskTemplateObj><taskOrderWithinGroup>19</taskOrderWithinGroup><taskWeightageInGroup>0.09</taskWeightageInGroup><planStartTime>1</planStartTime><timeToExecute>1</timeToExecute><manHours>1</manHours><apiContext></apiContext><methodType></methodType><visibleToNotificationEnable>false</visibleToNotificationEnable><mandatory>false</mandatory><assigneeEnable>true</assigneeEnable><recallOwnerEnable>false</recallOwnerEnable><workGroupEnable>false</workGroupEnable><apiUrl></apiUrl><customApiToCall>false</customApiToCall><recallRollList></recallRollList><recallRestart></recallRestart><woActivityId></woActivityId><reassign>false</reassign><assignedFrom>All Roles</assignedFrom><assignedTo></assignedTo><slaIdentifier></slaIdentifier><mileStoneStage></mileStoneStage><billable>false</billable><taskConfiguration>FULLY_CONFIGURED</taskConfiguration><priorityObj><priorityObj0 priorityName="Medium" priorityType="PROJECTTASK"/></priorityObj><templateNotificationList></templateNotificationList><templateTaskExecutionCategoryList></templateTaskExecutionCategoryList><taskActivityMappings><taskActivityMappings0 actionTooDo="" actionVisibleOn="BOTH" checkListAction="" completionPercentage="100.0" contextJson="" defaultAssignee="" displayViewName="" isAcquire="false" isBulkReview="false" isOnSite="false" isReview="false" isValidate="false" isViewable="false" moduleStage="" roleList="All Roles" siteStage="" siteStatus="" taskActionName="Complete" taskActionNameIcon="Like-Outline" taskStatus="" viewName="" workflowId="Process_1_422581:14:42165356" workflowTaskId="Activity_0514uvt" workflowTaskName="Wait for - Site Audit Uploaded TFN? (SS005)"/></taskActivityMappings></tasks18><tasks19><taskTemplateObj><taskTemplateObj0 taskTemplateCategory="PM" taskTemplateName="RE007 Submit Co-Location Application to"/></taskTemplateObj><taskOrderWithinGroup>20</taskOrderWithinGroup><taskWeightageInGroup>0.95</taskWeightageInGroup><planStartTime>1</planStartTime><timeToExecute>10</timeToExecute><manHours>1</manHours><apiContext></apiContext><methodType></methodType><visibleToNotificationEnable>false</visibleToNotificationEnable><mandatory>false</mandatory><assigneeEnable>true</assigneeEnable><recallOwnerEnable>false</recallOwnerEnable><workGroupEnable>false</workGroupEnable><apiUrl></apiUrl><customApiToCall>false</customApiToCall><recallRollList></recallRollList><recallRestart></recallRestart><woActivityId></woActivityId><reassign>false</reassign><assignedFrom>All Roles</assignedFrom><assignedTo></assignedTo><slaIdentifier></slaIdentifier><mileStoneStage></mileStoneStage><billable>false</billable><taskConfiguration>FULLY_CONFIGURED</taskConfiguration><priorityObj><priorityObj0 priorityName="Medium" priorityType="PROJECTTASK"/></priorityObj><templateNotificationList></templateNotificationList><templateTaskExecutionCategoryList></templateTaskExecutionCategoryList><taskActivityMappings><taskActivityMappings0 actionTooDo="" actionVisibleOn="BOTH" checkListAction="" completionPercentage="100.0" contextJson="" defaultAssignee="" displayViewName="" isAcquire="false" isBulkReview="false" isOnSite="false" isReview="false" isValidate="false" isViewable="false" moduleStage="" roleList="All Roles" siteStage="" siteStatus="" taskActionName="Complete" taskActionNameIcon="Like-Outline" taskStatus="" viewName="" workflowId="Process_1_422581:14:42165356" workflowTaskId="Activity_0q3v9gx" workflowTaskName="RE007 Submit Co-Location Application to"/></taskActivityMappings></tasks19><tasks20><taskTemplateObj><taskTemplateObj0 taskTemplateCategory="PM" taskTemplateName="RE056 Request CNTP"/></taskTemplateObj><taskOrderWithinGroup>21</taskOrderWithinGroup><taskWeightageInGroup>4.27</taskWeightageInGroup><planStartTime>1</planStartTime><timeToExecute>45</timeToExecute><manHours>1</manHours><apiContext></apiContext><methodType></methodType><visibleToNotificationEnable>false</visibleToNotificationEnable><mandatory>false</mandatory><assigneeEnable>true</assigneeEnable><recallOwnerEnable>false</recallOwnerEnable><workGroupEnable>false</workGroupEnable><apiUrl></apiUrl><customApiToCall>false</customApiToCall><recallRollList></recallRollList><recallRestart></recallRestart><woActivityId></woActivityId><reassign>false</reassign><assignedFrom>All Roles</assignedFrom><assignedTo></assignedTo><slaIdentifier></slaIdentifier><mileStoneStage></mileStoneStage><billable>false</billable><taskConfiguration>FULLY_CONFIGURED</taskConfiguration><priorityObj><priorityObj0 priorityName="Medium" priorityType="PROJECTTASK"/></priorityObj><templateNotificationList></templateNotificationList><templateTaskExecutionCategoryList></templateTaskExecutionCategoryList><taskActivityMappings><taskActivityMappings0 actionTooDo="" actionVisibleOn="BOTH" checkListAction="" completionPercentage="100.0" contextJson="" defaultAssignee="" displayViewName="" isAcquire="false" isBulkReview="false" isOnSite="false" isReview="false" isValidate="false" isViewable="false" moduleStage="" roleList="All Roles" siteStage="" siteStatus="" taskActionName="Complete" taskActionNameIcon="Like-Outline" taskStatus="" viewName="" workflowId="Process_1_422581:14:42165356" workflowTaskId="Activity_1i6t3fm" workflowTaskName="RE056 Request CNTP"/></taskActivityMappings></tasks20><tasks21><taskTemplateObj><taskTemplateObj0 taskTemplateCategory="PM" taskTemplateName="RE032 Receive CNTP Approval"/></taskTemplateObj><taskOrderWithinGroup>22</taskOrderWithinGroup><taskWeightageInGroup>11.39</taskWeightageInGroup><planStartTime>1</planStartTime><timeToExecute>120</timeToExecute><manHours>1</manHours><apiContext></apiContext><methodType></methodType><visibleToNotificationEnable>false</visibleToNotificationEnable><mandatory>false</mandatory><assigneeEnable>true</assigneeEnable><recallOwnerEnable>false</recallOwnerEnable><workGroupEnable>false</workGroupEnable><apiUrl></apiUrl><customApiToCall>false</customApiToCall><recallRollList></recallRollList><recallRestart></recallRestart><woActivityId></woActivityId><reassign>false</reassign><assignedFrom>All Roles</assignedFrom><assignedTo></assignedTo><slaIdentifier></slaIdentifier><mileStoneStage></mileStoneStage><billable>false</billable><taskConfiguration>FULLY_CONFIGURED</taskConfiguration><priorityObj><priorityObj0 priorityName="Medium" priorityType="PROJECTTASK"/></priorityObj><templateNotificationList></templateNotificationList><templateTaskExecutionCategoryList></templateTaskExecutionCategoryList><taskActivityMappings><taskActivityMappings0 actionTooDo="" actionVisibleOn="BOTH" checkListAction="" completionPercentage="100.0" contextJson="" defaultAssignee="" displayViewName="" isAcquire="false" isBulkReview="false" isOnSite="false" isReview="false" isValidate="false" isViewable="false" moduleStage="" roleList="All Roles" siteStage="" siteStatus="" taskActionName="Complete" taskActionNameIcon="Like-Outline" taskStatus="" viewName="" workflowId="Process_1_422581:14:42165356" workflowTaskId="Activity_1k9443z" workflowTaskName="RE032 Receive CNTP Approval"/></taskActivityMappings></tasks21><tasks22><taskTemplateObj><taskTemplateObj0 taskTemplateCategory="PM" taskTemplateName="Send Message - Start Const-1 (CI025)"/></taskTemplateObj><taskOrderWithinGroup>23</taskOrderWithinGroup><taskWeightageInGroup>0.09</taskWeightageInGroup><planStartTime>1</planStartTime><timeToExecute>1</timeToExecute><manHours>1</manHours><apiContext></apiContext><methodType></methodType><visibleToNotificationEnable>false</visibleToNotificationEnable><mandatory>false</mandatory><assigneeEnable>true</assigneeEnable><recallOwnerEnable>false</recallOwnerEnable><workGroupEnable>false</workGroupEnable><apiUrl></apiUrl><customApiToCall>false</customApiToCall><recallRollList></recallRollList><recallRestart></recallRestart><woActivityId></woActivityId><reassign>false</reassign><assignedFrom>All Roles</assignedFrom><assignedTo></assignedTo><slaIdentifier></slaIdentifier><mileStoneStage></mileStoneStage><billable>false</billable><taskConfiguration>FULLY_CONFIGURED</taskConfiguration><priorityObj><priorityObj0 priorityName="Medium" priorityType="PROJECTTASK"/></priorityObj><templateNotificationList></templateNotificationList><templateTaskExecutionCategoryList></templateTaskExecutionCategoryList><taskActivityMappings><taskActivityMappings0 actionTooDo="" actionVisibleOn="BOTH" checkListAction="" completionPercentage="100.0" contextJson="" defaultAssignee="" displayViewName="" isAcquire="false" isBulkReview="false" isOnSite="false" isReview="false" isValidate="false" isViewable="false" moduleStage="" roleList="All Roles" siteStage="" siteStatus="" taskActionName="Complete" taskActionNameIcon="Like-Outline" taskStatus="" viewName="" workflowId="Process_1_422581:14:42165356" workflowTaskId="Activity_0zs6tl7" workflowTaskName="Send Message - Start Const-1 (CI025)"/></taskActivityMappings></tasks22><tasks23><taskTemplateObj><taskTemplateObj0 taskTemplateCategory="PM" taskTemplateName="Wait for - Const  Comp-2 (SS107)"/></taskTemplateObj><taskOrderWithinGroup>24</taskOrderWithinGroup><taskWeightageInGroup>0.09</taskWeightageInGroup><planStartTime>1</planStartTime><timeToExecute>1</timeToExecute><manHours>1</manHours><apiContext></apiContext><methodType></methodType><visibleToNotificationEnable>false</visibleToNotificationEnable><mandatory>false</mandatory><assigneeEnable>true</assigneeEnable><recallOwnerEnable>false</recallOwnerEnable><workGroupEnable>false</workGroupEnable><apiUrl></apiUrl><customApiToCall>false</customApiToCall><recallRollList></recallRollList><recallRestart></recallRestart><woActivityId></woActivityId><reassign>false</reassign><assignedFrom>All Roles</assignedFrom><assignedTo></assignedTo><slaIdentifier></slaIdentifier><mileStoneStage></mileStoneStage><billable>false</billable><taskConfiguration>FULLY_CONFIGURED</taskConfiguration><priorityObj><priorityObj0 priorityName="Medium" priorityType="PROJECTTASK"/></priorityObj><templateNotificationList></templateNotificationList><templateTaskExecutionCategoryList></templateTaskExecutionCategoryList><taskActivityMappings><taskActivityMappings0 actionTooDo="" actionVisibleOn="BOTH" checkListAction="" completionPercentage="100.0" contextJson="" defaultAssignee="" displayViewName="" isAcquire="false" isBulkReview="false" isOnSite="false" isReview="false" isValidate="false" isViewable="false" moduleStage="" roleList="All Roles" siteStage="" siteStatus="" taskActionName="Complete" taskActionNameIcon="Like-Outline" taskStatus="" viewName="" workflowId="Process_1_422581:14:42165356" workflowTaskId="Activity_0acbd68" workflowTaskName="Wait for - Const  Comp-2 (SS107)"/></taskActivityMappings></tasks23><tasks24><taskTemplateObj><taskTemplateObj0 taskTemplateCategory="PM" taskTemplateName="Wait for - Const  Comp-3 (SS107)"/></taskTemplateObj><taskOrderWithinGroup>25</taskOrderWithinGroup><taskWeightageInGroup>0.09</taskWeightageInGroup><planStartTime>1</planStartTime><timeToExecute>1</timeToExecute><manHours>1</manHours><apiContext></apiContext><methodType></methodType><visibleToNotificationEnable>false</visibleToNotificationEnable><mandatory>false</mandatory><assigneeEnable>true</assigneeEnable><recallOwnerEnable>false</recallOwnerEnable><workGroupEnable>false</workGroupEnable><apiUrl></apiUrl><customApiToCall>false</customApiToCall><recallRollList></recallRollList><recallRestart></recallRestart><woActivityId></woActivityId><reassign>false</reassign><assignedFrom>All Roles</assignedFrom><assignedTo></assignedTo><slaIdentifier></slaIdentifier><mileStoneStage></mileStoneStage><billable>false</billable><taskConfiguration>FULLY_CONFIGURED</taskConfiguration><priorityObj><priorityObj0 priorityName="Medium" priorityType="PROJECTTASK"/></priorityObj><templateNotificationList></templateNotificationList><templateTaskExecutionCategoryList></templateTaskExecutionCategoryList><taskActivityMappings><taskActivityMappings0 actionTooDo="" actionVisibleOn="BOTH" checkListAction="" completionPercentage="100.0" contextJson="" defaultAssignee="" displayViewName="" isAcquire="false" isBulkReview="false" isOnSite="false" isReview="false" isValidate="false" isViewable="false" moduleStage="" roleList="All Roles" siteStage="" siteStatus="" taskActionName="Complete" taskActionNameIcon="Like-Outline" taskStatus="" viewName="" workflowId="Process_1_422581:14:42165356" workflowTaskId="Activity_0km8uka" workflowTaskName="Wait for - Const  Comp-3 (SS107)"/></taskActivityMappings></tasks24><tasks25><taskTemplateObj><taskTemplateObj0 taskTemplateCategory="PM" taskTemplateName="RE068 Complete Tower Modification Construction"/></taskTemplateObj><taskOrderWithinGroup>26</taskOrderWithinGroup><taskWeightageInGroup>8.54</taskWeightageInGroup><planStartTime>1</planStartTime><timeToExecute>90</timeToExecute><manHours>1</manHours><apiContext></apiContext><methodType></methodType><visibleToNotificationEnable>false</visibleToNotificationEnable><mandatory>false</mandatory><assigneeEnable>true</assigneeEnable><recallOwnerEnable>false</recallOwnerEnable><workGroupEnable>false</workGroupEnable><apiUrl></apiUrl><customApiToCall>false</customApiToCall><recallRollList></recallRollList><recallRestart></recallRestart><woActivityId></woActivityId><reassign>false</reassign><assignedFrom>All Roles</assignedFrom><assignedTo></assignedTo><slaIdentifier></slaIdentifier><mileStoneStage></mileStoneStage><billable>false</billable><taskConfiguration>FULLY_CONFIGURED</taskConfiguration><priorityObj><priorityObj0 priorityName="Medium" priorityType="PROJECTTASK"/></priorityObj><templateNotificationList></templateNotificationList><templateTaskExecutionCategoryList></templateTaskExecutionCategoryList><taskActivityMappings><taskActivityMappings0 actionTooDo="" actionVisibleOn="BOTH" checkListAction="" completionPercentage="100.0" contextJson="" defaultAssignee="" displayViewName="" isAcquire="false" isBulkReview="false" isOnSite="false" isReview="false" isValidate="false" isViewable="false" moduleStage="" roleList="All Roles" siteStage="" siteStatus="" taskActionName="Complete" taskActionNameIcon="Like-Outline" taskStatus="" viewName="" workflowId="Process_1_422581:14:42165356" workflowTaskId="Activity_1l36hd2" workflowTaskName="RE068 Complete Tower Modification Construction"/></taskActivityMappings></tasks25><tasks26><taskTemplateObj><taskTemplateObj0 taskTemplateCategory="PM" taskTemplateName="Send Message - Site and/or Shelter RFE (CI060)"/></taskTemplateObj><taskOrderWithinGroup>27</taskOrderWithinGroup><taskWeightageInGroup>0.09</taskWeightageInGroup><planStartTime>1</planStartTime><timeToExecute>1</timeToExecute><manHours>1</manHours><apiContext></apiContext><methodType></methodType><visibleToNotificationEnable>false</visibleToNotificationEnable><mandatory>false</mandatory><assigneeEnable>true</assigneeEnable><recallOwnerEnable>false</recallOwnerEnable><workGroupEnable>false</workGroupEnable><apiUrl></apiUrl><customApiToCall>false</customApiToCall><recallRollList></recallRollList><recallRestart></recallRestart><woActivityId></woActivityId><reassign>false</reassign><assignedFrom>All Roles</assignedFrom><assignedTo></assignedTo><slaIdentifier></slaIdentifier><mileStoneStage></mileStoneStage><billable>false</billable><taskConfiguration>FULLY_CONFIGURED</taskConfiguration><priorityObj><priorityObj0 priorityName="Medium" priorityType="PROJECTTASK"/></priorityObj><templateNotificationList></templateNotificationList><templateTaskExecutionCategoryList></templateTaskExecutionCategoryList><taskActivityMappings><taskActivityMappings0 actionTooDo="" actionVisibleOn="BOTH" checkListAction="" completionPercentage="100.0" contextJson="" defaultAssignee="" displayViewName="" isAcquire="false" isBulkReview="false" isOnSite="false" isReview="false" isValidate="false" isViewable="false" moduleStage="" roleList="All Roles" siteStage="" siteStatus="" taskActionName="Complete" taskActionNameIcon="Like-Outline" taskStatus="" viewName="" workflowId="Process_1_422581:14:42165356" workflowTaskId="Activity_0v75p6h" workflowTaskName="Send Message - Site and/or Shelter RFE (CI060)"/></taskActivityMappings></tasks26><tasks27><taskTemplateObj><taskTemplateObj0 taskTemplateCategory="PM" taskTemplateName="RE081 Complete Transport Contract"/></taskTemplateObj><taskOrderWithinGroup>28</taskOrderWithinGroup><taskWeightageInGroup>0.47</taskWeightageInGroup><planStartTime>1</planStartTime><timeToExecute>5</timeToExecute><manHours>1</manHours><apiContext></apiContext><methodType></methodType><visibleToNotificationEnable>false</visibleToNotificationEnable><mandatory>false</mandatory><assigneeEnable>true</assigneeEnable><recallOwnerEnable>false</recallOwnerEnable><workGroupEnable>false</workGroupEnable><apiUrl></apiUrl><customApiToCall>false</customApiToCall><recallRollList></recallRollList><recallRestart></recallRestart><woActivityId></woActivityId><reassign>false</reassign><assignedFrom>All Roles</assignedFrom><assignedTo></assignedTo><slaIdentifier></slaIdentifier><mileStoneStage></mileStoneStage><billable>false</billable><taskConfiguration>FULLY_CONFIGURED</taskConfiguration><priorityObj><priorityObj0 priorityName="Medium" priorityType="PROJECTTASK"/></priorityObj><templateNotificationList></templateNotificationList><templateTaskExecutionCategoryList></templateTaskExecutionCategoryList><taskActivityMappings><taskActivityMappings0 actionTooDo="" actionVisibleOn="BOTH" checkListAction="" completionPercentage="100.0" contextJson="" defaultAssignee="" displayViewName="" isAcquire="false" isBulkReview="false" isOnSite="false" isReview="false" isValidate="false" isViewable="false" moduleStage="" roleList="All Roles" siteStage="" siteStatus="" taskActionName="Complete" taskActionNameIcon="Like-Outline" taskStatus="" viewName="" workflowId="Process_1_422581:14:42165356" workflowTaskId="Activity_179kurc" workflowTaskName="RE081 Complete Transport Contract"/></taskActivityMappings></tasks27><tasks28><taskTemplateObj><taskTemplateObj0 taskTemplateCategory="PM" taskTemplateName="RE027 Notify EH&amp;S"/></taskTemplateObj><taskOrderWithinGroup>29</taskOrderWithinGroup><taskWeightageInGroup>2.85</taskWeightageInGroup><planStartTime>1</planStartTime><timeToExecute>30</timeToExecute><manHours>1</manHours><apiContext></apiContext><methodType></methodType><visibleToNotificationEnable>false</visibleToNotificationEnable><mandatory>false</mandatory><assigneeEnable>true</assigneeEnable><recallOwnerEnable>false</recallOwnerEnable><workGroupEnable>false</workGroupEnable><apiUrl></apiUrl><customApiToCall>false</customApiToCall><recallRollList></recallRollList><recallRestart></recallRestart><woActivityId></woActivityId><reassign>false</reassign><assignedFrom>All Roles</assignedFrom><assignedTo></assignedTo><slaIdentifier></slaIdentifier><mileStoneStage></mileStoneStage><billable>false</billable><taskConfiguration>FULLY_CONFIGURED</taskConfiguration><priorityObj><priorityObj0 priorityName="Medium" priorityType="PROJECTTASK"/></priorityObj><templateNotificationList></templateNotificationList><templateTaskExecutionCategoryList></templateTaskExecutionCategoryList><taskActivityMappings><taskActivityMappings0 actionTooDo="" actionVisibleOn="BOTH" checkListAction="" completionPercentage="100.0" contextJson="" defaultAssignee="" displayViewName="" isAcquire="false" isBulkReview="false" isOnSite="false" isReview="false" isValidate="false" isViewable="false" moduleStage="" roleList="All Roles" siteStage="" siteStatus="" taskActionName="Complete" taskActionNameIcon="Like-Outline" taskStatus="" viewName="" workflowId="Process_1_422581:14:42165356" workflowTaskId="Activity_1nleps4" workflowTaskName="RE027 Notify EH&amp;S"/></taskActivityMappings></tasks28><tasks29><taskTemplateObj><taskTemplateObj0 taskTemplateCategory="PM" taskTemplateName="RE028 Receive EH&amp;S Approval"/></taskTemplateObj><taskOrderWithinGroup>30</taskOrderWithinGroup><taskWeightageInGroup>8.54</taskWeightageInGroup><planStartTime>1</planStartTime><timeToExecute>90</timeToExecute><manHours>1</manHours><apiContext></apiContext><methodType></methodType><visibleToNotificationEnable>false</visibleToNotificationEnable><mandatory>false</mandatory><assigneeEnable>true</assigneeEnable><recallOwnerEnable>false</recallOwnerEnable><workGroupEnable>false</workGroupEnable><apiUrl></apiUrl><customApiToCall>false</customApiToCall><recallRollList></recallRollList><recallRestart></recallRestart><woActivityId></woActivityId><reassign>false</reassign><assignedFrom>All Roles</assignedFrom><assignedTo></assignedTo><slaIdentifier></slaIdentifier><mileStoneStage></mileStoneStage><billable>false</billable><taskConfiguration>FULLY_CONFIGURED</taskConfiguration><priorityObj><priorityObj0 priorityName="Medium" priorityType="PROJECTTASK"/></priorityObj><templateNotificationList></templateNotificationList><templateTaskExecutionCategoryList></templateTaskExecutionCategoryList><taskActivityMappings><taskActivityMappings0 actionTooDo="" actionVisibleOn="BOTH" checkListAction="" completionPercentage="100.0" contextJson="" defaultAssignee="" displayViewName="" isAcquire="false" isBulkReview="false" isOnSite="false" isReview="false" isValidate="false" isViewable="false" moduleStage="" roleList="All Roles" siteStage="" siteStatus="" taskActionName="Complete" taskActionNameIcon="Like-Outline" taskStatus="" viewName="" workflowId="Process_1_422581:14:42165356" workflowTaskId="Activity_012o36e" workflowTaskName="RE028 Receive EH&amp;S Approval"/></taskActivityMappings></tasks29><tasks30><taskTemplateObj><taskTemplateObj0 taskTemplateCategory="PM" taskTemplateName="Send Message - Order EH&amp;S  (CI093)"/></taskTemplateObj><taskOrderWithinGroup>31</taskOrderWithinGroup><taskWeightageInGroup>0.09</taskWeightageInGroup><planStartTime>1</planStartTime><timeToExecute>1</timeToExecute><manHours>1</manHours><apiContext></apiContext><methodType></methodType><visibleToNotificationEnable>false</visibleToNotificationEnable><mandatory>false</mandatory><assigneeEnable>true</assigneeEnable><recallOwnerEnable>false</recallOwnerEnable><workGroupEnable>false</workGroupEnable><apiUrl></apiUrl><customApiToCall>false</customApiToCall><recallRollList></recallRollList><recallRestart></recallRestart><woActivityId></woActivityId><reassign>false</reassign><assignedFrom>All Roles</assignedFrom><assignedTo></assignedTo><slaIdentifier></slaIdentifier><mileStoneStage></mileStoneStage><billable>false</billable><taskConfiguration>FULLY_CONFIGURED</taskConfiguration><priorityObj><priorityObj0 priorityName="Medium" priorityType="PROJECTTASK"/></priorityObj><templateNotificationList></templateNotificationList><templateTaskExecutionCategoryList></templateTaskExecutionCategoryList><taskActivityMappings><taskActivityMappings0 actionTooDo="" actionVisibleOn="BOTH" checkListAction="" completionPercentage="100.0" contextJson="" defaultAssignee="" displayViewName="" isAcquire="false" isBulkReview="false" isOnSite="false" isReview="false" isValidate="false" isViewable="false" moduleStage="" roleList="All Roles" siteStage="" siteStatus="" taskActionName="Complete" taskActionNameIcon="Like-Outline" taskStatus="" viewName="" workflowId="Process_1_422581:14:42165356" workflowTaskId="Activity_0cfk9q6" workflowTaskName="Send Message - Order EH&amp;S  (CI093)"/></taskActivityMappings></tasks30></tasks></groups0></groups><templateDependencyList><templateDependencyList0><leadTime>1</leadTime><hardDependency>false</hardDependency><dependencyType>SS</dependencyType><dependentGroupName>RealEstate WO</dependentGroupName><dependsUponGroupName>RealEstate WO</dependsUponGroupName><dependentTaskName>RE066 Complete Zoning Application</dependentTaskName><dependsUponTaskName>RE005 Submit Zoning</dependsUponTaskName></templateDependencyList0><templateDependencyList1><leadTime>1</leadTime><hardDependency>false</hardDependency><dependencyType>FS</dependencyType><dependentGroupName>RealEstate WO</dependentGroupName><dependsUponGroupName>RealEstate WO</dependsUponGroupName><dependentTaskName>RE030 Receive Zoning Approval</dependentTaskName><dependsUponTaskName>RE066 Complete Zoning Application</dependsUponTaskName></templateDependencyList1><templateDependencyList2><leadTime>1</leadTime><hardDependency>false</hardDependency><dependencyType>FS</dependencyType><dependentGroupName>RealEstate WO</dependentGroupName><dependsUponGroupName>RealEstate WO</dependsUponGroupName><dependentTaskName>RE001 Submit Building Permit</dependentTaskName><dependsUponTaskName>RE030 Receive Zoning Approval</dependsUponTaskName></templateDependencyList2><templateDependencyList3><leadTime>1</leadTime><hardDependency>false</hardDependency><dependencyType>FS</dependencyType><dependentGroupName>RealEstate WO</dependentGroupName><dependsUponGroupName>RealEstate WO</dependsUponGroupName><dependentTaskName>RE031 Receive Building Permit</dependentTaskName><dependsUponTaskName>RE001 Submit Building Permit</dependsUponTaskName></templateDependencyList3><templateDependencyList4><leadTime>1</leadTime><hardDependency>false</hardDependency><dependencyType>FS</dependencyType><dependentGroupName>RealEstate WO</dependentGroupName><dependsUponGroupName>RealEstate WO</dependsUponGroupName><dependentTaskName>RE031 Receive Building Permit</dependentTaskName><dependsUponTaskName>RE030 Receive Zoning Approval</dependsUponTaskName></templateDependencyList4><templateDependencyList5><leadTime>1</leadTime><hardDependency>false</hardDependency><dependencyType>FS</dependencyType><dependentGroupName>RealEstate WO</dependentGroupName><dependsUponGroupName>RealEstate WO</dependsUponGroupName><dependentTaskName>RE020 Complete Site Acquisition</dependentTaskName><dependsUponTaskName>RE015 Receive Sign Leasing Agreement</dependsUponTaskName></templateDependencyList5><templateDependencyList6><leadTime>1</leadTime><hardDependency>false</hardDependency><dependencyType>FS</dependencyType><dependentGroupName>RealEstate WO</dependentGroupName><dependsUponGroupName>RealEstate WO</dependsUponGroupName><dependentTaskName>RE020 Complete Site Acquisition</dependentTaskName><dependsUponTaskName>RE030 Receive Zoning Approval</dependsUponTaskName></templateDependencyList6><templateDependencyList7><leadTime>1</leadTime><hardDependency>false</hardDependency><dependencyType>FS</dependencyType><dependentGroupName>RealEstate WO</dependentGroupName><dependsUponGroupName>RealEstate WO</dependsUponGroupName><dependentTaskName>RE020 Complete Site Acquisition</dependentTaskName><dependsUponTaskName>RE031 Receive Building Permit</dependsUponTaskName></templateDependencyList7><templateDependencyList8><leadTime>1</leadTime><hardDependency>false</hardDependency><dependencyType>FS</dependencyType><dependentGroupName>RealEstate WO</dependentGroupName><dependsUponGroupName>RealEstate WO</dependsUponGroupName><dependentTaskName>RE020 Complete Site Acquisition</dependentTaskName><dependsUponTaskName>RE032 Receive CNTP Approval</dependsUponTaskName></templateDependencyList8><templateDependencyList9><leadTime>1</leadTime><hardDependency>false</hardDependency><dependencyType>FS</dependencyType><dependentGroupName>RealEstate WO</dependentGroupName><dependsUponGroupName>RealEstate WO</dependsUponGroupName><dependentTaskName>RE020 Complete Site Acquisition</dependentTaskName><dependsUponTaskName>RE056 Request CNTP</dependsUponTaskName></templateDependencyList9><templateDependencyList10><leadTime>1</leadTime><hardDependency>false</hardDependency><dependencyType>FS</dependencyType><dependentGroupName>RealEstate WO</dependentGroupName><dependsUponGroupName>RealEstate WO</dependsUponGroupName><dependentTaskName>RE020 Complete Site Acquisition</dependentTaskName><dependsUponTaskName>RE057 Conduct  TARP Review</dependsUponTaskName></templateDependencyList10><templateDependencyList11><leadTime>1</leadTime><hardDependency>false</hardDependency><dependencyType>FS</dependencyType><dependentGroupName>RealEstate WO</dependentGroupName><dependsUponGroupName>RealEstate WO</dependsUponGroupName><dependentTaskName>RE097 Complete Site Acq Package</dependentTaskName><dependsUponTaskName>RE020 Complete Site Acquisition</dependsUponTaskName></templateDependencyList11><templateDependencyList12><leadTime>1</leadTime><hardDependency>false</hardDependency><dependencyType>FS</dependencyType><dependentGroupName>RealEstate WO</dependentGroupName><dependsUponGroupName>RealEstate WO</dependsUponGroupName><dependentTaskName>RE060 Provide Final Site Acq Acceptance</dependentTaskName><dependsUponTaskName>RE020 Complete Site Acquisition</dependsUponTaskName></templateDependencyList12><templateDependencyList13><leadTime>1</leadTime><hardDependency>false</hardDependency><dependencyType>FS</dependencyType><dependentGroupName>RealEstate WO</dependentGroupName><dependsUponGroupName>RealEstate WO</dependsUponGroupName><dependentTaskName>RE060 Provide Final Site Acq Acceptance</dependentTaskName><dependsUponTaskName>RE097 Complete Site Acq Package</dependsUponTaskName></templateDependencyList13><templateDependencyList14><leadTime>1</leadTime><hardDependency>false</hardDependency><dependencyType>FS</dependencyType><dependentGroupName>RealEstate WO</dependentGroupName><dependsUponGroupName>RealEstate WO</dependsUponGroupName><dependentTaskName>RE103 Request Draft Lease from Tower Owner</dependentTaskName><dependsUponTaskName>RE007 Submit Co-Location Application to</dependsUponTaskName></templateDependencyList14><templateDependencyList15><leadTime>1</leadTime><hardDependency>false</hardDependency><dependencyType>FS</dependencyType><dependentGroupName>RealEstate WO</dependentGroupName><dependsUponGroupName>RealEstate WO</dependsUponGroupName><dependentTaskName>RE015 Receive Sign Leasing Agreement</dependentTaskName><dependsUponTaskName>RE007 Submit Co-Location Application to</dependsUponTaskName></templateDependencyList15><templateDependencyList16><leadTime>1</leadTime><hardDependency>false</hardDependency><dependencyType>FS</dependencyType><dependentGroupName>RealEstate WO</dependentGroupName><dependsUponGroupName>RealEstate WO</dependsUponGroupName><dependentTaskName>RE015 Receive Sign Leasing Agreement</dependentTaskName><dependsUponTaskName>RE103 Request Draft Lease from Tower Owner</dependsUponTaskName></templateDependencyList16><templateDependencyList17><leadTime>1</leadTime><hardDependency>false</hardDependency><dependencyType>FS</dependencyType><dependentGroupName>RealEstate WO</dependentGroupName><dependsUponGroupName>RealEstate WO</dependsUponGroupName><dependentTaskName>RE032 Receive CNTP Approval</dependentTaskName><dependsUponTaskName>RE056 Request CNTP</dependsUponTaskName></templateDependencyList17><templateDependencyList18><leadTime>1</leadTime><hardDependency>false</hardDependency><dependencyType>FS</dependencyType><dependentGroupName>RealEstate WO</dependentGroupName><dependsUponGroupName>RealEstate WO</dependsUponGroupName><dependentTaskName>RE028 Receive EH&amp;S Approval</dependentTaskName><dependsUponTaskName>RE027 Notify EH&amp;S</dependsUponTaskName></templateDependencyList18></templateDependencyList></xml>