<?xml version="1.0" encoding="UTF-8"?><xml><projectTemplateName>SiteScope WO</projectTemplateName><projectTemplateCategory>Outdoor</projectTemplateCategory><projectTemplateProcessList><projectTemplateProcessList0><processDefinitionId>WSSiteScopeMTFinal123_Copy:14:42234234</processDefinitionId><associatedWorkflowName>WS_SiteScope_MTFinal</associatedWorkflowName></projectTemplateProcessList0></projectTemplateProcessList><status>ACTIVE</status><siteType>Radio BS</siteType><band>1234GHz</band><label></label><woidPrefix>SIT2</woidPrefix><nominal>NOMINAL</nominal><instantiationType>MULTIPLE</instantiationType><technologyName>5G</technologyName><timeBase>DAYS</timeBase><templateType>LOCAL</templateType><groups><groups0><groupTemplateName>SiteScope_WO</groupTemplateName><groupTemplateWeightage>100.0</groupTemplateWeightage><groupTemplateStartTime></groupTemplateStartTime><groupTemplateDuration>618</groupTemplateDuration><tasks><tasks0><taskTemplateObj><taskTemplateObj0 taskTemplateCategory="PM" taskTemplateName="Wait for Job Initiation End"/></taskTemplateObj><taskOrderWithinGroup>1</taskOrderWithinGroup><taskWeightageInGroup>0.16</taskWeightageInGroup><planStartTime>1</planStartTime><timeToExecute>1</timeToExecute><manHours>1</manHours><apiContext></apiContext><methodType></methodType><visibleToNotificationEnable>false</visibleToNotificationEnable><mandatory>false</mandatory><assigneeEnable>true</assigneeEnable><recallOwnerEnable>false</recallOwnerEnable><workGroupEnable>false</workGroupEnable><apiUrl></apiUrl><customApiToCall>false</customApiToCall><recallRollList></recallRollList><recallRestart></recallRestart><woActivityId></woActivityId><reassign>false</reassign><assignedFrom>All Roles</assignedFrom><assignedTo></assignedTo><slaIdentifier></slaIdentifier><mileStoneStage></mileStoneStage><billable>false</billable><taskConfiguration>FULLY_CONFIGURED</taskConfiguration><priorityObj><priorityObj0 priorityName="Medium" priorityType="PROJECTTASK"/></priorityObj><templateNotificationList></templateNotificationList><templateTaskExecutionCategoryList></templateTaskExecutionCategoryList><taskActivityMappings><taskActivityMappings0 actionTooDo="" actionVisibleOn="BOTH" checkListAction="" completionPercentage="100.0" contextJson="" defaultAssignee="" displayViewName="" isAcquire="false" isBulkReview="false" isOnSite="false" isReview="false" isValidate="false" isViewable="false" moduleStage="" roleList="All Roles" siteStage="" siteStatus="" taskActionName="Complete" taskActionNameIcon="Like-Outline" taskStatus="" viewName="" workflowId="WSSiteScopeMTFinal123_Copy:14:42234234" workflowTaskId="Activity_13ska1a" workflowTaskName="Wait for Job Initiation End"/></taskActivityMappings></tasks0><tasks1><taskTemplateObj><taskTemplateObj0 taskTemplateCategory="PM" taskTemplateName="Select Job Scope"/></taskTemplateObj><taskOrderWithinGroup>2</taskOrderWithinGroup><taskWeightageInGroup>0.16</taskWeightageInGroup><planStartTime>1</planStartTime><timeToExecute>1</timeToExecute><manHours>1</manHours><apiContext></apiContext><methodType></methodType><visibleToNotificationEnable>false</visibleToNotificationEnable><mandatory>false</mandatory><assigneeEnable>true</assigneeEnable><recallOwnerEnable>false</recallOwnerEnable><workGroupEnable>false</workGroupEnable><apiUrl></apiUrl><customApiToCall>false</customApiToCall><recallRollList></recallRollList><recallRestart></recallRestart><woActivityId></woActivityId><reassign>false</reassign><assignedFrom>All Roles</assignedFrom><assignedTo></assignedTo><slaIdentifier></slaIdentifier><mileStoneStage></mileStoneStage><billable>false</billable><taskConfiguration>FULLY_CONFIGURED</taskConfiguration><priorityObj><priorityObj0 priorityName="Medium" priorityType="PROJECTTASK"/></priorityObj><templateNotificationList></templateNotificationList><templateTaskExecutionCategoryList></templateTaskExecutionCategoryList><taskActivityMappings><taskActivityMappings0 actionTooDo="" actionVisibleOn="BOTH" checkListAction="" completionPercentage="100.0" contextJson="{&quot;SelectScope&quot; :&quot;ProjectCustomField-projectDropDown1&quot;}" defaultAssignee="" displayViewName="Scope Selection_MT" isAcquire="false" isBulkReview="false" isOnSite="false" isReview="false" isValidate="false" isViewable="false" moduleStage="" roleList="All Roles" siteStage="" siteStatus="" taskActionName="Complete" taskActionNameIcon="Like-Outline" taskStatus="" viewName="scopeselection_mt" workflowId="WSSiteScopeMTFinal123_Copy:14:42234234" workflowTaskId="Activity_1r0xegg" workflowTaskName="Select Job Scope"/><taskActivityMappings1 actionTooDo="" actionVisibleOn="BOTH" checkListAction="" completionPercentage="0.0" contextJson="{&quot;SelectScope&quot; :&quot;&quot;}" defaultAssignee="" displayViewName="Scope Selection_MT" isAcquire="false" isBulkReview="false" isOnSite="false" isReview="false" isValidate="false" isViewable="true" moduleStage="" roleList="All Roles" siteStage="" siteStatus="" taskActionName="View" taskActionNameIcon="Eye-Outline" taskStatus="" viewName="scopeselection_mt" workflowId="WSSiteScopeMTFinal123_Copy:14:42234234" workflowTaskId="Activity_1r0xegg" workflowTaskName="Select Job Scope"/></taskActivityMappings></tasks1><tasks2><taskTemplateObj><taskTemplateObj0 taskTemplateCategory="PM" taskTemplateName="SS076 Market Baseline"/></taskTemplateObj><taskOrderWithinGroup>3</taskOrderWithinGroup><taskWeightageInGroup>0.16</taskWeightageInGroup><planStartTime>1</planStartTime><timeToExecute>1</timeToExecute><manHours>1</manHours><apiContext></apiContext><methodType></methodType><visibleToNotificationEnable>false</visibleToNotificationEnable><mandatory>false</mandatory><assigneeEnable>true</assigneeEnable><recallOwnerEnable>false</recallOwnerEnable><workGroupEnable>false</workGroupEnable><apiUrl></apiUrl><customApiToCall>false</customApiToCall><recallRollList></recallRollList><recallRestart></recallRestart><woActivityId></woActivityId><reassign>false</reassign><assignedFrom>All Roles</assignedFrom><assignedTo></assignedTo><slaIdentifier></slaIdentifier><mileStoneStage></mileStoneStage><billable>false</billable><taskConfiguration>FULLY_CONFIGURED</taskConfiguration><priorityObj><priorityObj0 priorityName="Medium" priorityType="PROJECTTASK"/></priorityObj><templateNotificationList></templateNotificationList><templateTaskExecutionCategoryList></templateTaskExecutionCategoryList><taskActivityMappings><taskActivityMappings0 actionTooDo="" actionVisibleOn="BOTH" checkListAction="" completionPercentage="100.0" contextJson="" defaultAssignee="" displayViewName="" isAcquire="false" isBulkReview="false" isOnSite="false" isReview="false" isValidate="false" isViewable="false" moduleStage="" roleList="All Roles" siteStage="" siteStatus="" taskActionName="Complete" taskActionNameIcon="Like-Outline" taskStatus="" viewName="" workflowId="WSSiteScopeMTFinal123_Copy:14:42234234" workflowTaskId="Activity_1qesyna" workflowTaskName="SS076 Market Baseline"/></taskActivityMappings></tasks2><tasks3><taskTemplateObj><taskTemplateObj0 taskTemplateCategory="PM" taskTemplateName="SS022 Handoff to Civil Vendor"/></taskTemplateObj><taskOrderWithinGroup>4</taskOrderWithinGroup><taskWeightageInGroup>0.81</taskWeightageInGroup><planStartTime>1</planStartTime><timeToExecute>5</timeToExecute><manHours>1</manHours><apiContext></apiContext><methodType></methodType><visibleToNotificationEnable>false</visibleToNotificationEnable><mandatory>false</mandatory><assigneeEnable>true</assigneeEnable><recallOwnerEnable>false</recallOwnerEnable><workGroupEnable>false</workGroupEnable><apiUrl></apiUrl><customApiToCall>false</customApiToCall><recallRollList></recallRollList><recallRestart></recallRestart><woActivityId></woActivityId><reassign>false</reassign><assignedFrom>All Roles</assignedFrom><assignedTo></assignedTo><slaIdentifier></slaIdentifier><mileStoneStage></mileStoneStage><billable>false</billable><taskConfiguration>FULLY_CONFIGURED</taskConfiguration><priorityObj><priorityObj0 priorityName="Medium" priorityType="PROJECTTASK"/></priorityObj><templateNotificationList></templateNotificationList><templateTaskExecutionCategoryList></templateTaskExecutionCategoryList><taskActivityMappings><taskActivityMappings0 actionTooDo="" actionVisibleOn="BOTH" checkListAction="" completionPercentage="100.0" contextJson="" defaultAssignee="" displayViewName="" isAcquire="false" isBulkReview="false" isOnSite="false" isReview="false" isValidate="false" isViewable="false" moduleStage="" roleList="All Roles" siteStage="" siteStatus="" taskActionName="Complete" taskActionNameIcon="Like-Outline" taskStatus="" viewName="" workflowId="WSSiteScopeMTFinal123_Copy:14:42234234" workflowTaskId="Activity_0ycn462" workflowTaskName="SS022 Handoff to Civil Vendor"/></taskActivityMappings></tasks3><tasks4><taskTemplateObj><taskTemplateObj0 taskTemplateCategory="PM" taskTemplateName="SS055 Submit All Candidates to RF"/></taskTemplateObj><taskOrderWithinGroup>5</taskOrderWithinGroup><taskWeightageInGroup>0.49</taskWeightageInGroup><planStartTime>1</planStartTime><timeToExecute>3</timeToExecute><manHours>1</manHours><apiContext></apiContext><methodType></methodType><visibleToNotificationEnable>false</visibleToNotificationEnable><mandatory>false</mandatory><assigneeEnable>true</assigneeEnable><recallOwnerEnable>false</recallOwnerEnable><workGroupEnable>false</workGroupEnable><apiUrl></apiUrl><customApiToCall>false</customApiToCall><recallRollList></recallRollList><recallRestart></recallRestart><woActivityId></woActivityId><reassign>false</reassign><assignedFrom>All Roles</assignedFrom><assignedTo></assignedTo><slaIdentifier></slaIdentifier><mileStoneStage></mileStoneStage><billable>false</billable><taskConfiguration>FULLY_CONFIGURED</taskConfiguration><priorityObj><priorityObj0 priorityName="Medium" priorityType="PROJECTTASK"/></priorityObj><templateNotificationList></templateNotificationList><templateTaskExecutionCategoryList></templateTaskExecutionCategoryList><taskActivityMappings><taskActivityMappings0 actionTooDo="" actionVisibleOn="BOTH" checkListAction="" completionPercentage="100.0" contextJson="" defaultAssignee="" displayViewName="" isAcquire="false" isBulkReview="false" isOnSite="false" isReview="false" isValidate="false" isViewable="false" moduleStage="" roleList="All Roles" siteStage="" siteStatus="" taskActionName="Complete" taskActionNameIcon="Like-Outline" taskStatus="" viewName="" workflowId="WSSiteScopeMTFinal123_Copy:14:42234234" workflowTaskId="Activity_12pbhfy" workflowTaskName="SS055 Submit All Candidates to RF"/></taskActivityMappings></tasks4><tasks5><taskTemplateObj><taskTemplateObj0 taskTemplateCategory="PM" taskTemplateName="SS074  Select Primary Candidate"/></taskTemplateObj><taskOrderWithinGroup>6</taskOrderWithinGroup><taskWeightageInGroup>0.65</taskWeightageInGroup><planStartTime>1</planStartTime><timeToExecute>4</timeToExecute><manHours>1</manHours><apiContext></apiContext><methodType></methodType><visibleToNotificationEnable>false</visibleToNotificationEnable><mandatory>false</mandatory><assigneeEnable>true</assigneeEnable><recallOwnerEnable>false</recallOwnerEnable><workGroupEnable>false</workGroupEnable><apiUrl></apiUrl><customApiToCall>false</customApiToCall><recallRollList></recallRollList><recallRestart></recallRestart><woActivityId></woActivityId><reassign>false</reassign><assignedFrom>All Roles</assignedFrom><assignedTo></assignedTo><slaIdentifier></slaIdentifier><mileStoneStage></mileStoneStage><billable>false</billable><taskConfiguration>FULLY_CONFIGURED</taskConfiguration><priorityObj><priorityObj0 priorityName="Medium" priorityType="PROJECTTASK"/></priorityObj><templateNotificationList></templateNotificationList><templateTaskExecutionCategoryList></templateTaskExecutionCategoryList><taskActivityMappings><taskActivityMappings0 actionTooDo="" actionVisibleOn="BOTH" checkListAction="" completionPercentage="100.0" contextJson="" defaultAssignee="" displayViewName="" isAcquire="false" isBulkReview="false" isOnSite="false" isReview="false" isValidate="false" isViewable="false" moduleStage="" roleList="All Roles" siteStage="" siteStatus="" taskActionName="Complete" taskActionNameIcon="Like-Outline" taskStatus="" viewName="" workflowId="WSSiteScopeMTFinal123_Copy:14:42234234" workflowTaskId="Activity_0u431yw" workflowTaskName="SS074  Select Primary Candidate"/></taskActivityMappings></tasks5><tasks6><taskTemplateObj><taskTemplateObj0 taskTemplateCategory="PM" taskTemplateName="SS010 Approve Primary Candidate"/></taskTemplateObj><taskOrderWithinGroup>7</taskOrderWithinGroup><taskWeightageInGroup>5.5</taskWeightageInGroup><planStartTime>1</planStartTime><timeToExecute>34</timeToExecute><manHours>1</manHours><apiContext></apiContext><methodType></methodType><visibleToNotificationEnable>false</visibleToNotificationEnable><mandatory>false</mandatory><assigneeEnable>true</assigneeEnable><recallOwnerEnable>false</recallOwnerEnable><workGroupEnable>false</workGroupEnable><apiUrl></apiUrl><customApiToCall>false</customApiToCall><recallRollList></recallRollList><recallRestart></recallRestart><woActivityId></woActivityId><reassign>false</reassign><assignedFrom>All Roles</assignedFrom><assignedTo></assignedTo><slaIdentifier></slaIdentifier><mileStoneStage></mileStoneStage><billable>false</billable><taskConfiguration>FULLY_CONFIGURED</taskConfiguration><priorityObj><priorityObj0 priorityName="Medium" priorityType="PROJECTTASK"/></priorityObj><templateNotificationList></templateNotificationList><templateTaskExecutionCategoryList></templateTaskExecutionCategoryList><taskActivityMappings><taskActivityMappings0 actionTooDo="" actionVisibleOn="BOTH" checkListAction="" completionPercentage="100.0" contextJson="" defaultAssignee="" displayViewName="" isAcquire="false" isBulkReview="false" isOnSite="false" isReview="false" isValidate="false" isViewable="false" moduleStage="" roleList="All Roles" siteStage="" siteStatus="" taskActionName="Complete" taskActionNameIcon="Like-Outline" taskStatus="" viewName="" workflowId="WSSiteScopeMTFinal123_Copy:14:42234234" workflowTaskId="Activity_19rvrhd" workflowTaskName="SS010 Approve Primary Candidate"/></taskActivityMappings></tasks6><tasks7><taskTemplateObj><taskTemplateObj0 taskTemplateCategory="PM" taskTemplateName="SS004 Completed Site Audit"/></taskTemplateObj><taskOrderWithinGroup>8</taskOrderWithinGroup><taskWeightageInGroup>0.81</taskWeightageInGroup><planStartTime>1</planStartTime><timeToExecute>5</timeToExecute><manHours>1</manHours><apiContext></apiContext><methodType></methodType><visibleToNotificationEnable>false</visibleToNotificationEnable><mandatory>false</mandatory><assigneeEnable>true</assigneeEnable><recallOwnerEnable>false</recallOwnerEnable><workGroupEnable>false</workGroupEnable><apiUrl></apiUrl><customApiToCall>false</customApiToCall><recallRollList></recallRollList><recallRestart></recallRestart><woActivityId></woActivityId><reassign>false</reassign><assignedFrom>All Roles</assignedFrom><assignedTo></assignedTo><slaIdentifier></slaIdentifier><mileStoneStage></mileStoneStage><billable>false</billable><taskConfiguration>FULLY_CONFIGURED</taskConfiguration><priorityObj><priorityObj0 priorityName="Medium" priorityType="PROJECTTASK"/></priorityObj><templateNotificationList></templateNotificationList><templateTaskExecutionCategoryList></templateTaskExecutionCategoryList><taskActivityMappings><taskActivityMappings0 actionTooDo="" actionVisibleOn="BOTH" checkListAction="" completionPercentage="100.0" contextJson="" defaultAssignee="" displayViewName="" isAcquire="false" isBulkReview="false" isOnSite="false" isReview="false" isValidate="false" isViewable="false" moduleStage="" roleList="All Roles" siteStage="" siteStatus="" taskActionName="Complete" taskActionNameIcon="Like-Outline" taskStatus="" viewName="" workflowId="WSSiteScopeMTFinal123_Copy:14:42234234" workflowTaskId="Activity_0r1m4zt" workflowTaskName="SS004 Completed Site Audit"/></taskActivityMappings></tasks7><tasks8><taskTemplateObj><taskTemplateObj0 taskTemplateCategory="PM" taskTemplateName="SS005 Upload Site Audit to File Net"/></taskTemplateObj><taskOrderWithinGroup>9</taskOrderWithinGroup><taskWeightageInGroup>1.13</taskWeightageInGroup><planStartTime>1</planStartTime><timeToExecute>7</timeToExecute><manHours>1</manHours><apiContext></apiContext><methodType></methodType><visibleToNotificationEnable>false</visibleToNotificationEnable><mandatory>false</mandatory><assigneeEnable>true</assigneeEnable><recallOwnerEnable>false</recallOwnerEnable><workGroupEnable>false</workGroupEnable><apiUrl></apiUrl><customApiToCall>false</customApiToCall><recallRollList></recallRollList><recallRestart></recallRestart><woActivityId></woActivityId><reassign>false</reassign><assignedFrom>All Roles</assignedFrom><assignedTo></assignedTo><slaIdentifier></slaIdentifier><mileStoneStage></mileStoneStage><billable>false</billable><taskConfiguration>FULLY_CONFIGURED</taskConfiguration><priorityObj><priorityObj0 priorityName="Medium" priorityType="PROJECTTASK"/></priorityObj><templateNotificationList></templateNotificationList><templateTaskExecutionCategoryList></templateTaskExecutionCategoryList><taskActivityMappings><taskActivityMappings0 actionTooDo="" actionVisibleOn="BOTH" checkListAction="" completionPercentage="100.0" contextJson="" defaultAssignee="" displayViewName="" isAcquire="false" isBulkReview="false" isOnSite="false" isReview="false" isValidate="false" isViewable="false" moduleStage="" roleList="All Roles" siteStage="" siteStatus="" taskActionName="Complete" taskActionNameIcon="Like-Outline" taskStatus="" viewName="" workflowId="WSSiteScopeMTFinal123_Copy:14:42234234" workflowTaskId="Activity_0y8ig7t" workflowTaskName="SS005 Upload Site Audit to File Net"/></taskActivityMappings></tasks8><tasks9><taskTemplateObj><taskTemplateObj0 taskTemplateCategory="PM" taskTemplateName="SS099         Order Mount S.A"/></taskTemplateObj><taskOrderWithinGroup>10</taskOrderWithinGroup><taskWeightageInGroup>0.16</taskWeightageInGroup><planStartTime>1</planStartTime><timeToExecute>1</timeToExecute><manHours>1</manHours><apiContext></apiContext><methodType></methodType><visibleToNotificationEnable>false</visibleToNotificationEnable><mandatory>false</mandatory><assigneeEnable>true</assigneeEnable><recallOwnerEnable>false</recallOwnerEnable><workGroupEnable>false</workGroupEnable><apiUrl></apiUrl><customApiToCall>false</customApiToCall><recallRollList></recallRollList><recallRestart></recallRestart><woActivityId></woActivityId><reassign>false</reassign><assignedFrom>All Roles</assignedFrom><assignedTo></assignedTo><slaIdentifier></slaIdentifier><mileStoneStage></mileStoneStage><billable>false</billable><taskConfiguration>FULLY_CONFIGURED</taskConfiguration><priorityObj><priorityObj0 priorityName="Medium" priorityType="PROJECTTASK"/></priorityObj><templateNotificationList></templateNotificationList><templateTaskExecutionCategoryList></templateTaskExecutionCategoryList><taskActivityMappings><taskActivityMappings0 actionTooDo="" actionVisibleOn="BOTH" checkListAction="" completionPercentage="100.0" contextJson="" defaultAssignee="" displayViewName="" isAcquire="false" isBulkReview="false" isOnSite="false" isReview="false" isValidate="false" isViewable="false" moduleStage="" roleList="All Roles" siteStage="" siteStatus="" taskActionName="Complete" taskActionNameIcon="Like-Outline" taskStatus="" viewName="" workflowId="WSSiteScopeMTFinal123_Copy:14:42234234" workflowTaskId="Activity_0djsefe" workflowTaskName="SS099         Order Mount S.A"/></taskActivityMappings></tasks9><tasks10><taskTemplateObj><taskTemplateObj0 taskTemplateCategory="PM" taskTemplateName="SS100 Receive Mount Mod S.A"/></taskTemplateObj><taskOrderWithinGroup>11</taskOrderWithinGroup><taskWeightageInGroup>2.27</taskWeightageInGroup><planStartTime>1</planStartTime><timeToExecute>14</timeToExecute><manHours>1</manHours><apiContext></apiContext><methodType></methodType><visibleToNotificationEnable>false</visibleToNotificationEnable><mandatory>false</mandatory><assigneeEnable>true</assigneeEnable><recallOwnerEnable>false</recallOwnerEnable><workGroupEnable>false</workGroupEnable><apiUrl></apiUrl><customApiToCall>false</customApiToCall><recallRollList></recallRollList><recallRestart></recallRestart><woActivityId></woActivityId><reassign>false</reassign><assignedFrom>All Roles</assignedFrom><assignedTo></assignedTo><slaIdentifier></slaIdentifier><mileStoneStage></mileStoneStage><billable>false</billable><taskConfiguration>FULLY_CONFIGURED</taskConfiguration><priorityObj><priorityObj0 priorityName="Medium" priorityType="PROJECTTASK"/></priorityObj><templateNotificationList></templateNotificationList><templateTaskExecutionCategoryList></templateTaskExecutionCategoryList><taskActivityMappings><taskActivityMappings0 actionTooDo="" actionVisibleOn="BOTH" checkListAction="" completionPercentage="100.0" contextJson="" defaultAssignee="" displayViewName="" isAcquire="false" isBulkReview="false" isOnSite="false" isReview="false" isValidate="false" isViewable="false" moduleStage="" roleList="All Roles" siteStage="" siteStatus="" taskActionName="Complete" taskActionNameIcon="Like-Outline" taskStatus="" viewName="" workflowId="WSSiteScopeMTFinal123_Copy:14:42234234" workflowTaskId="Activity_0x6vz6l" workflowTaskName="SS100 Receive Mount Mod S.A"/></taskActivityMappings></tasks10><tasks11><taskTemplateObj><taskTemplateObj0 taskTemplateCategory="PM" taskTemplateName="SS101  Receive Mount Mod S.D"/></taskTemplateObj><taskOrderWithinGroup>12</taskOrderWithinGroup><taskWeightageInGroup>2.27</taskWeightageInGroup><planStartTime>1</planStartTime><timeToExecute>14</timeToExecute><manHours>1</manHours><apiContext></apiContext><methodType></methodType><visibleToNotificationEnable>false</visibleToNotificationEnable><mandatory>false</mandatory><assigneeEnable>true</assigneeEnable><recallOwnerEnable>false</recallOwnerEnable><workGroupEnable>false</workGroupEnable><apiUrl></apiUrl><customApiToCall>false</customApiToCall><recallRollList></recallRollList><recallRestart></recallRestart><woActivityId></woActivityId><reassign>false</reassign><assignedFrom>All Roles</assignedFrom><assignedTo></assignedTo><slaIdentifier></slaIdentifier><mileStoneStage></mileStoneStage><billable>false</billable><taskConfiguration>FULLY_CONFIGURED</taskConfiguration><priorityObj><priorityObj0 priorityName="Medium" priorityType="PROJECTTASK"/></priorityObj><templateNotificationList></templateNotificationList><templateTaskExecutionCategoryList></templateTaskExecutionCategoryList><taskActivityMappings><taskActivityMappings0 actionTooDo="" actionVisibleOn="BOTH" checkListAction="" completionPercentage="100.0" contextJson="" defaultAssignee="" displayViewName="" isAcquire="false" isBulkReview="false" isOnSite="false" isReview="false" isValidate="false" isViewable="false" moduleStage="" roleList="All Roles" siteStage="" siteStatus="" taskActionName="Complete" taskActionNameIcon="Like-Outline" taskStatus="" viewName="" workflowId="WSSiteScopeMTFinal123_Copy:14:42234234" workflowTaskId="Activity_01ossx6" workflowTaskName="SS101  Receive Mount Mod S.D"/></taskActivityMappings></tasks11><tasks12><taskTemplateObj><taskTemplateObj0 taskTemplateCategory="PM" taskTemplateName="SS102 Conduct TARP Mount Review"/></taskTemplateObj><taskOrderWithinGroup>13</taskOrderWithinGroup><taskWeightageInGroup>0.81</taskWeightageInGroup><planStartTime>1</planStartTime><timeToExecute>5</timeToExecute><manHours>1</manHours><apiContext></apiContext><methodType></methodType><visibleToNotificationEnable>false</visibleToNotificationEnable><mandatory>false</mandatory><assigneeEnable>true</assigneeEnable><recallOwnerEnable>false</recallOwnerEnable><workGroupEnable>false</workGroupEnable><apiUrl></apiUrl><customApiToCall>false</customApiToCall><recallRollList></recallRollList><recallRestart></recallRestart><woActivityId></woActivityId><reassign>false</reassign><assignedFrom>All Roles</assignedFrom><assignedTo></assignedTo><slaIdentifier></slaIdentifier><mileStoneStage></mileStoneStage><billable>false</billable><taskConfiguration>FULLY_CONFIGURED</taskConfiguration><priorityObj><priorityObj0 priorityName="Medium" priorityType="PROJECTTASK"/></priorityObj><templateNotificationList></templateNotificationList><templateTaskExecutionCategoryList></templateTaskExecutionCategoryList><taskActivityMappings><taskActivityMappings0 actionTooDo="" actionVisibleOn="BOTH" checkListAction="" completionPercentage="100.0" contextJson="" defaultAssignee="" displayViewName="" isAcquire="false" isBulkReview="false" isOnSite="false" isReview="false" isValidate="false" isViewable="false" moduleStage="" roleList="All Roles" siteStage="" siteStatus="" taskActionName="Complete" taskActionNameIcon="Like-Outline" taskStatus="" viewName="" workflowId="WSSiteScopeMTFinal123_Copy:14:42234234" workflowTaskId="Activity_0ggecpx" workflowTaskName="SS102 Conduct TARP Mount Review"/></taskActivityMappings></tasks12><tasks13><taskTemplateObj><taskTemplateObj0 taskTemplateCategory="PM" taskTemplateName="SS014 Site Scoping D.C"/></taskTemplateObj><taskOrderWithinGroup>14</taskOrderWithinGroup><taskWeightageInGroup>0.81</taskWeightageInGroup><planStartTime>1</planStartTime><timeToExecute>5</timeToExecute><manHours>1</manHours><apiContext></apiContext><methodType></methodType><visibleToNotificationEnable>false</visibleToNotificationEnable><mandatory>false</mandatory><assigneeEnable>true</assigneeEnable><recallOwnerEnable>false</recallOwnerEnable><workGroupEnable>false</workGroupEnable><apiUrl></apiUrl><customApiToCall>false</customApiToCall><recallRollList></recallRollList><recallRestart></recallRestart><woActivityId></woActivityId><reassign>false</reassign><assignedFrom>All Roles</assignedFrom><assignedTo></assignedTo><slaIdentifier></slaIdentifier><mileStoneStage></mileStoneStage><billable>false</billable><taskConfiguration>FULLY_CONFIGURED</taskConfiguration><priorityObj><priorityObj0 priorityName="Medium" priorityType="PROJECTTASK"/></priorityObj><templateNotificationList></templateNotificationList><templateTaskExecutionCategoryList></templateTaskExecutionCategoryList><taskActivityMappings><taskActivityMappings0 actionTooDo="" actionVisibleOn="BOTH" checkListAction="" completionPercentage="100.0" contextJson="" defaultAssignee="" displayViewName="" isAcquire="false" isBulkReview="false" isOnSite="false" isReview="false" isValidate="false" isViewable="false" moduleStage="" roleList="All Roles" siteStage="" siteStatus="" taskActionName="Complete" taskActionNameIcon="Like-Outline" taskStatus="" viewName="" workflowId="WSSiteScopeMTFinal123_Copy:14:42234234" workflowTaskId="Activity_0vxirg7" workflowTaskName="SS014 Site Scoping D.C"/></taskActivityMappings></tasks13><tasks14><taskTemplateObj><taskTemplateObj0 taskTemplateCategory="PM" taskTemplateName="SS020 Construction Ready"/></taskTemplateObj><taskOrderWithinGroup>15</taskOrderWithinGroup><taskWeightageInGroup>7.93</taskWeightageInGroup><planStartTime>1</planStartTime><timeToExecute>49</timeToExecute><manHours>1</manHours><apiContext></apiContext><methodType></methodType><visibleToNotificationEnable>false</visibleToNotificationEnable><mandatory>false</mandatory><assigneeEnable>true</assigneeEnable><recallOwnerEnable>false</recallOwnerEnable><workGroupEnable>false</workGroupEnable><apiUrl></apiUrl><customApiToCall>false</customApiToCall><recallRollList></recallRollList><recallRestart></recallRestart><woActivityId></woActivityId><reassign>false</reassign><assignedFrom>All Roles</assignedFrom><assignedTo></assignedTo><slaIdentifier></slaIdentifier><mileStoneStage></mileStoneStage><billable>false</billable><taskConfiguration>FULLY_CONFIGURED</taskConfiguration><priorityObj><priorityObj0 priorityName="Medium" priorityType="PROJECTTASK"/></priorityObj><templateNotificationList></templateNotificationList><templateTaskExecutionCategoryList></templateTaskExecutionCategoryList><taskActivityMappings><taskActivityMappings0 actionTooDo="" actionVisibleOn="BOTH" checkListAction="" completionPercentage="100.0" contextJson="" defaultAssignee="" displayViewName="" isAcquire="false" isBulkReview="false" isOnSite="false" isReview="false" isValidate="false" isViewable="false" moduleStage="" roleList="All Roles" siteStage="" siteStatus="" taskActionName="Complete" taskActionNameIcon="Like-Outline" taskStatus="" viewName="" workflowId="WSSiteScopeMTFinal123_Copy:14:42234234" workflowTaskId="Activity_11k57w0" workflowTaskName="SS020 Construction Ready"/></taskActivityMappings></tasks14><tasks15><taskTemplateObj><taskTemplateObj0 taskTemplateCategory="PM" taskTemplateName="SS023 Upload Site Information"/></taskTemplateObj><taskOrderWithinGroup>16</taskOrderWithinGroup><taskWeightageInGroup>7.28</taskWeightageInGroup><planStartTime>1</planStartTime><timeToExecute>45</timeToExecute><manHours>1</manHours><apiContext></apiContext><methodType></methodType><visibleToNotificationEnable>false</visibleToNotificationEnable><mandatory>false</mandatory><assigneeEnable>true</assigneeEnable><recallOwnerEnable>false</recallOwnerEnable><workGroupEnable>false</workGroupEnable><apiUrl></apiUrl><customApiToCall>false</customApiToCall><recallRollList></recallRollList><recallRestart></recallRestart><woActivityId></woActivityId><reassign>false</reassign><assignedFrom>All Roles</assignedFrom><assignedTo></assignedTo><slaIdentifier></slaIdentifier><mileStoneStage></mileStoneStage><billable>false</billable><taskConfiguration>FULLY_CONFIGURED</taskConfiguration><priorityObj><priorityObj0 priorityName="Medium" priorityType="PROJECTTASK"/></priorityObj><templateNotificationList></templateNotificationList><templateTaskExecutionCategoryList></templateTaskExecutionCategoryList><taskActivityMappings><taskActivityMappings0 actionTooDo="" actionVisibleOn="BOTH" checkListAction="" completionPercentage="100.0" contextJson="" defaultAssignee="" displayViewName="" isAcquire="false" isBulkReview="false" isOnSite="false" isReview="false" isValidate="false" isViewable="false" moduleStage="" roleList="All Roles" siteStage="" siteStatus="" taskActionName="Complete" taskActionNameIcon="Like-Outline" taskStatus="" viewName="" workflowId="WSSiteScopeMTFinal123_Copy:14:42234234" workflowTaskId="Activity_0ciiwu4" workflowTaskName="SS023 Upload Site Information"/></taskActivityMappings></tasks15><tasks16><taskTemplateObj><taskTemplateObj0 taskTemplateCategory="PM" taskTemplateName="SS007 Order Structural Analysis"/></taskTemplateObj><taskOrderWithinGroup>17</taskOrderWithinGroup><taskWeightageInGroup>7.28</taskWeightageInGroup><planStartTime>1</planStartTime><timeToExecute>45</timeToExecute><manHours>1</manHours><apiContext></apiContext><methodType></methodType><visibleToNotificationEnable>false</visibleToNotificationEnable><mandatory>false</mandatory><assigneeEnable>true</assigneeEnable><recallOwnerEnable>false</recallOwnerEnable><workGroupEnable>false</workGroupEnable><apiUrl></apiUrl><customApiToCall>false</customApiToCall><recallRollList></recallRollList><recallRestart></recallRestart><woActivityId></woActivityId><reassign>false</reassign><assignedFrom>All Roles</assignedFrom><assignedTo></assignedTo><slaIdentifier></slaIdentifier><mileStoneStage></mileStoneStage><billable>false</billable><taskConfiguration>FULLY_CONFIGURED</taskConfiguration><priorityObj><priorityObj0 priorityName="Medium" priorityType="PROJECTTASK"/></priorityObj><templateNotificationList></templateNotificationList><templateTaskExecutionCategoryList></templateTaskExecutionCategoryList><taskActivityMappings><taskActivityMappings0 actionTooDo="" actionVisibleOn="BOTH" checkListAction="" completionPercentage="100.0" contextJson="{&quot;SA&quot; :&quot;true&quot;}" defaultAssignee="" displayViewName="" isAcquire="false" isBulkReview="false" isOnSite="false" isReview="false" isValidate="false" isViewable="false" moduleStage="" roleList="All Roles" siteStage="" siteStatus="" taskActionName="Pass" taskActionNameIcon="double-check" taskStatus="" viewName="" workflowId="WSSiteScopeMTFinal123_Copy:14:42234234" workflowTaskId="Activity_1adqlgz" workflowTaskName="SS007 Order Structural Analysis"/><taskActivityMappings1 actionTooDo="" actionVisibleOn="BOTH" checkListAction="" completionPercentage="100.0" contextJson="{&quot;SA&quot; :&quot;false&quot;}" defaultAssignee="" displayViewName="" isAcquire="false" isBulkReview="false" isOnSite="false" isReview="false" isValidate="false" isViewable="false" moduleStage="" roleList="All Roles" siteStage="" siteStatus="" taskActionName="Fail" taskActionNameIcon="Rejected" taskStatus="" viewName="" workflowId="WSSiteScopeMTFinal123_Copy:14:42234234" workflowTaskId="Activity_1adqlgz" workflowTaskName="SS007 Order Structural Analysis"/></taskActivityMappings></tasks16><tasks17><taskTemplateObj><taskTemplateObj0 taskTemplateCategory="PM" taskTemplateName="SS107 Construction Drawings"/></taskTemplateObj><taskOrderWithinGroup>18</taskOrderWithinGroup><taskWeightageInGroup>3.07</taskWeightageInGroup><planStartTime>1</planStartTime><timeToExecute>19</timeToExecute><manHours>1</manHours><apiContext></apiContext><methodType></methodType><visibleToNotificationEnable>false</visibleToNotificationEnable><mandatory>false</mandatory><assigneeEnable>true</assigneeEnable><recallOwnerEnable>false</recallOwnerEnable><workGroupEnable>false</workGroupEnable><apiUrl></apiUrl><customApiToCall>false</customApiToCall><recallRollList></recallRollList><recallRestart></recallRestart><woActivityId></woActivityId><reassign>false</reassign><assignedFrom>All Roles</assignedFrom><assignedTo></assignedTo><slaIdentifier></slaIdentifier><mileStoneStage></mileStoneStage><billable>false</billable><taskConfiguration>FULLY_CONFIGURED</taskConfiguration><priorityObj><priorityObj0 priorityName="Medium" priorityType="PROJECTTASK"/></priorityObj><templateNotificationList></templateNotificationList><templateTaskExecutionCategoryList></templateTaskExecutionCategoryList><taskActivityMappings><taskActivityMappings0 actionTooDo="" actionVisibleOn="BOTH" checkListAction="" completionPercentage="100.0" contextJson="" defaultAssignee="" displayViewName="" isAcquire="false" isBulkReview="false" isOnSite="false" isReview="false" isValidate="false" isViewable="false" moduleStage="" roleList="All Roles" siteStage="" siteStatus="" taskActionName="Complete" taskActionNameIcon="Like-Outline" taskStatus="" viewName="" workflowId="WSSiteScopeMTFinal123_Copy:14:42234234" workflowTaskId="Activity_0cj4o1m" workflowTaskName="SS107 Construction Drawings"/></taskActivityMappings></tasks17><tasks18><taskTemplateObj><taskTemplateObj0 taskTemplateCategory="PM" taskTemplateName="SS103 Structural Analysis Fail"/></taskTemplateObj><taskOrderWithinGroup>19</taskOrderWithinGroup><taskWeightageInGroup>4.85</taskWeightageInGroup><planStartTime>1</planStartTime><timeToExecute>30</timeToExecute><manHours>1</manHours><apiContext></apiContext><methodType></methodType><visibleToNotificationEnable>false</visibleToNotificationEnable><mandatory>false</mandatory><assigneeEnable>true</assigneeEnable><recallOwnerEnable>false</recallOwnerEnable><workGroupEnable>false</workGroupEnable><apiUrl></apiUrl><customApiToCall>false</customApiToCall><recallRollList></recallRollList><recallRestart></recallRestart><woActivityId></woActivityId><reassign>false</reassign><assignedFrom>All Roles</assignedFrom><assignedTo></assignedTo><slaIdentifier></slaIdentifier><mileStoneStage></mileStoneStage><billable>false</billable><taskConfiguration>FULLY_CONFIGURED</taskConfiguration><priorityObj><priorityObj0 priorityName="Medium" priorityType="PROJECTTASK"/></priorityObj><templateNotificationList></templateNotificationList><templateTaskExecutionCategoryList></templateTaskExecutionCategoryList><taskActivityMappings><taskActivityMappings0 actionTooDo="" actionVisibleOn="BOTH" checkListAction="" completionPercentage="100.0" contextJson="" defaultAssignee="" displayViewName="" isAcquire="false" isBulkReview="false" isOnSite="false" isReview="false" isValidate="false" isViewable="false" moduleStage="" roleList="All Roles" siteStage="" siteStatus="" taskActionName="Fail" taskActionNameIcon="Rejected" taskStatus="" viewName="" workflowId="WSSiteScopeMTFinal123_Copy:14:42234234" workflowTaskId="Activity_0u4rn5s" workflowTaskName="SS103 Structural Analysis Fail"/></taskActivityMappings></tasks18><tasks19><taskTemplateObj><taskTemplateObj0 taskTemplateCategory="PM" taskTemplateName="RE057 Conduct TARP Review"/></taskTemplateObj><taskOrderWithinGroup>20</taskOrderWithinGroup><taskWeightageInGroup>0.16</taskWeightageInGroup><planStartTime>1</planStartTime><timeToExecute>1</timeToExecute><manHours>1</manHours><apiContext></apiContext><methodType></methodType><visibleToNotificationEnable>false</visibleToNotificationEnable><mandatory>false</mandatory><assigneeEnable>true</assigneeEnable><recallOwnerEnable>false</recallOwnerEnable><workGroupEnable>false</workGroupEnable><apiUrl></apiUrl><customApiToCall>false</customApiToCall><recallRollList></recallRollList><recallRestart></recallRestart><woActivityId></woActivityId><reassign>false</reassign><assignedFrom>All Roles</assignedFrom><assignedTo></assignedTo><slaIdentifier></slaIdentifier><mileStoneStage></mileStoneStage><billable>false</billable><taskConfiguration>FULLY_CONFIGURED</taskConfiguration><priorityObj><priorityObj0 priorityName="Medium" priorityType="PROJECTTASK"/></priorityObj><templateNotificationList></templateNotificationList><templateTaskExecutionCategoryList></templateTaskExecutionCategoryList><taskActivityMappings><taskActivityMappings0 actionTooDo="" actionVisibleOn="BOTH" checkListAction="" completionPercentage="100.0" contextJson="" defaultAssignee="" displayViewName="" isAcquire="false" isBulkReview="false" isOnSite="false" isReview="false" isValidate="false" isViewable="false" moduleStage="" roleList="All Roles" siteStage="" siteStatus="" taskActionName="Complete" taskActionNameIcon="Like-Outline" taskStatus="" viewName="" workflowId="WSSiteScopeMTFinal123_Copy:14:42234234" workflowTaskId="Activity_1qgc3iu" workflowTaskName="RE057 Conduct TARP Review"/></taskActivityMappings></tasks19><tasks20><taskTemplateObj><taskTemplateObj0 taskTemplateCategory="PM" taskTemplateName="SS071 Structural Analysis passes"/></taskTemplateObj><taskOrderWithinGroup>21</taskOrderWithinGroup><taskWeightageInGroup>4.85</taskWeightageInGroup><planStartTime>1</planStartTime><timeToExecute>30</timeToExecute><manHours>1</manHours><apiContext></apiContext><methodType></methodType><visibleToNotificationEnable>false</visibleToNotificationEnable><mandatory>false</mandatory><assigneeEnable>true</assigneeEnable><recallOwnerEnable>false</recallOwnerEnable><workGroupEnable>false</workGroupEnable><apiUrl></apiUrl><customApiToCall>false</customApiToCall><recallRollList></recallRollList><recallRestart></recallRestart><woActivityId></woActivityId><reassign>false</reassign><assignedFrom>All Roles</assignedFrom><assignedTo></assignedTo><slaIdentifier></slaIdentifier><mileStoneStage></mileStoneStage><billable>false</billable><taskConfiguration>FULLY_CONFIGURED</taskConfiguration><priorityObj><priorityObj0 priorityName="Medium" priorityType="PROJECTTASK"/></priorityObj><templateNotificationList></templateNotificationList><templateTaskExecutionCategoryList></templateTaskExecutionCategoryList><taskActivityMappings><taskActivityMappings0 actionTooDo="" actionVisibleOn="BOTH" checkListAction="" completionPercentage="100.0" contextJson="" defaultAssignee="" displayViewName="" isAcquire="false" isBulkReview="false" isOnSite="false" isReview="false" isValidate="false" isViewable="false" moduleStage="" roleList="All Roles" siteStage="" siteStatus="" taskActionName="Pass" taskActionNameIcon="double-check" taskStatus="" viewName="" workflowId="WSSiteScopeMTFinal123_Copy:14:42234234" workflowTaskId="Activity_13fs7ar" workflowTaskName="SS071 Structural Analysis passes"/></taskActivityMappings></tasks20><tasks21><taskTemplateObj><taskTemplateObj0 taskTemplateCategory="PM" taskTemplateName="Start Construction Flow"/></taskTemplateObj><taskOrderWithinGroup>22</taskOrderWithinGroup><taskWeightageInGroup>0.16</taskWeightageInGroup><planStartTime>1</planStartTime><timeToExecute>1</timeToExecute><manHours>1</manHours><apiContext></apiContext><methodType></methodType><visibleToNotificationEnable>false</visibleToNotificationEnable><mandatory>false</mandatory><assigneeEnable>true</assigneeEnable><recallOwnerEnable>false</recallOwnerEnable><workGroupEnable>false</workGroupEnable><apiUrl></apiUrl><customApiToCall>false</customApiToCall><recallRollList></recallRollList><recallRestart></recallRestart><woActivityId></woActivityId><reassign>false</reassign><assignedFrom>All Roles</assignedFrom><assignedTo></assignedTo><slaIdentifier></slaIdentifier><mileStoneStage></mileStoneStage><billable>false</billable><taskConfiguration>FULLY_CONFIGURED</taskConfiguration><priorityObj><priorityObj0 priorityName="Medium" priorityType="PROJECTTASK"/></priorityObj><templateNotificationList></templateNotificationList><templateTaskExecutionCategoryList></templateTaskExecutionCategoryList><taskActivityMappings><taskActivityMappings0 actionTooDo="" actionVisibleOn="BOTH" checkListAction="" completionPercentage="100.0" contextJson="" defaultAssignee="" displayViewName="" isAcquire="false" isBulkReview="false" isOnSite="false" isReview="false" isValidate="false" isViewable="false" moduleStage="" roleList="All Roles" siteStage="" siteStatus="" taskActionName="Complete" taskActionNameIcon="Like-Outline" taskStatus="" viewName="" workflowId="WSSiteScopeMTFinal123_Copy:14:42234234" workflowTaskId="Activity_0k98nqm" workflowTaskName="Start Construction Flow"/></taskActivityMappings></tasks21><tasks22><taskTemplateObj><taskTemplateObj0 taskTemplateCategory="PM" taskTemplateName="Start Integration Flow"/></taskTemplateObj><taskOrderWithinGroup>23</taskOrderWithinGroup><taskWeightageInGroup>0.16</taskWeightageInGroup><planStartTime>1</planStartTime><timeToExecute>1</timeToExecute><manHours>1</manHours><apiContext></apiContext><methodType></methodType><visibleToNotificationEnable>false</visibleToNotificationEnable><mandatory>false</mandatory><assigneeEnable>true</assigneeEnable><recallOwnerEnable>false</recallOwnerEnable><workGroupEnable>false</workGroupEnable><apiUrl></apiUrl><customApiToCall>false</customApiToCall><recallRollList></recallRollList><recallRestart></recallRestart><woActivityId></woActivityId><reassign>false</reassign><assignedFrom>All Roles</assignedFrom><assignedTo></assignedTo><slaIdentifier></slaIdentifier><mileStoneStage></mileStoneStage><billable>false</billable><taskConfiguration>FULLY_CONFIGURED</taskConfiguration><priorityObj><priorityObj0 priorityName="Medium" priorityType="PROJECTTASK"/></priorityObj><templateNotificationList></templateNotificationList><templateTaskExecutionCategoryList></templateTaskExecutionCategoryList><taskActivityMappings><taskActivityMappings0 actionTooDo="" actionVisibleOn="BOTH" checkListAction="" completionPercentage="100.0" contextJson="" defaultAssignee="" displayViewName="" isAcquire="false" isBulkReview="false" isOnSite="false" isReview="false" isValidate="false" isViewable="false" moduleStage="" roleList="All Roles" siteStage="" siteStatus="" taskActionName="Complete" taskActionNameIcon="Like-Outline" taskStatus="" viewName="" workflowId="WSSiteScopeMTFinal123_Copy:14:42234234" workflowTaskId="Activity_0mezvz9" workflowTaskName="Start Integration Flow"/></taskActivityMappings></tasks22><tasks23><taskTemplateObj><taskTemplateObj0 taskTemplateCategory="PM" taskTemplateName="SS011 Conduct Design Visit"/></taskTemplateObj><taskOrderWithinGroup>24</taskOrderWithinGroup><taskWeightageInGroup>7.28</taskWeightageInGroup><planStartTime>1</planStartTime><timeToExecute>45</timeToExecute><manHours>1</manHours><apiContext></apiContext><methodType></methodType><visibleToNotificationEnable>false</visibleToNotificationEnable><mandatory>false</mandatory><assigneeEnable>true</assigneeEnable><recallOwnerEnable>false</recallOwnerEnable><workGroupEnable>false</workGroupEnable><apiUrl></apiUrl><customApiToCall>false</customApiToCall><recallRollList></recallRollList><recallRestart></recallRestart><woActivityId></woActivityId><reassign>false</reassign><assignedFrom>All Roles</assignedFrom><assignedTo></assignedTo><slaIdentifier></slaIdentifier><mileStoneStage></mileStoneStage><billable>false</billable><taskConfiguration>FULLY_CONFIGURED</taskConfiguration><priorityObj><priorityObj0 priorityName="Medium" priorityType="PROJECTTASK"/></priorityObj><templateNotificationList></templateNotificationList><templateTaskExecutionCategoryList></templateTaskExecutionCategoryList><taskActivityMappings><taskActivityMappings0 actionTooDo="" actionVisibleOn="BOTH" checkListAction="" completionPercentage="100.0" contextJson="" defaultAssignee="" displayViewName="" isAcquire="false" isBulkReview="false" isOnSite="false" isReview="false" isValidate="false" isViewable="false" moduleStage="" roleList="All Roles" siteStage="" siteStatus="" taskActionName="Complete" taskActionNameIcon="Like-Outline" taskStatus="" viewName="" workflowId="WSSiteScopeMTFinal123_Copy:14:42234234" workflowTaskId="Activity_1u84u2z" workflowTaskName="SS011 Conduct Design Visit"/></taskActivityMappings></tasks23><tasks24><taskTemplateObj><taskTemplateObj0 taskTemplateCategory="PM" taskTemplateName="SS096 Confirm MAA or Other Multi-Structure"/></taskTemplateObj><taskOrderWithinGroup>25</taskOrderWithinGroup><taskWeightageInGroup>8.09</taskWeightageInGroup><planStartTime>1</planStartTime><timeToExecute>50</timeToExecute><manHours>1</manHours><apiContext></apiContext><methodType></methodType><visibleToNotificationEnable>false</visibleToNotificationEnable><mandatory>false</mandatory><assigneeEnable>true</assigneeEnable><recallOwnerEnable>false</recallOwnerEnable><workGroupEnable>false</workGroupEnable><apiUrl></apiUrl><customApiToCall>false</customApiToCall><recallRollList></recallRollList><recallRestart></recallRestart><woActivityId></woActivityId><reassign>false</reassign><assignedFrom>All Roles</assignedFrom><assignedTo></assignedTo><slaIdentifier></slaIdentifier><mileStoneStage></mileStoneStage><billable>false</billable><taskConfiguration>FULLY_CONFIGURED</taskConfiguration><priorityObj><priorityObj0 priorityName="Medium" priorityType="PROJECTTASK"/></priorityObj><templateNotificationList></templateNotificationList><templateTaskExecutionCategoryList></templateTaskExecutionCategoryList><taskActivityMappings><taskActivityMappings0 actionTooDo="" actionVisibleOn="BOTH" checkListAction="" completionPercentage="100.0" contextJson="" defaultAssignee="" displayViewName="" isAcquire="false" isBulkReview="false" isOnSite="false" isReview="false" isValidate="false" isViewable="false" moduleStage="" roleList="All Roles" siteStage="" siteStatus="" taskActionName="Complete" taskActionNameIcon="Like-Outline" taskStatus="" viewName="" workflowId="WSSiteScopeMTFinal123_Copy:14:42234234" workflowTaskId="Activity_1yghlm7" workflowTaskName="SS096 Confirm MAA or Other Multi-Structure"/></taskActivityMappings></tasks24><tasks25><taskTemplateObj><taskTemplateObj0 taskTemplateCategory="PM" taskTemplateName="SS097 Submit to NAM"/></taskTemplateObj><taskOrderWithinGroup>26</taskOrderWithinGroup><taskWeightageInGroup>3.4</taskWeightageInGroup><planStartTime>1</planStartTime><timeToExecute>21</timeToExecute><manHours>1</manHours><apiContext></apiContext><methodType></methodType><visibleToNotificationEnable>false</visibleToNotificationEnable><mandatory>false</mandatory><assigneeEnable>true</assigneeEnable><recallOwnerEnable>false</recallOwnerEnable><workGroupEnable>false</workGroupEnable><apiUrl></apiUrl><customApiToCall>false</customApiToCall><recallRollList></recallRollList><recallRestart></recallRestart><woActivityId></woActivityId><reassign>false</reassign><assignedFrom>All Roles</assignedFrom><assignedTo></assignedTo><slaIdentifier></slaIdentifier><mileStoneStage></mileStoneStage><billable>false</billable><taskConfiguration>FULLY_CONFIGURED</taskConfiguration><priorityObj><priorityObj0 priorityName="Medium" priorityType="PROJECTTASK"/></priorityObj><templateNotificationList></templateNotificationList><templateTaskExecutionCategoryList></templateTaskExecutionCategoryList><taskActivityMappings><taskActivityMappings0 actionTooDo="" actionVisibleOn="BOTH" checkListAction="" completionPercentage="100.0" contextJson="" defaultAssignee="" displayViewName="" isAcquire="false" isBulkReview="false" isOnSite="false" isReview="false" isValidate="false" isViewable="false" moduleStage="" roleList="All Roles" siteStage="" siteStatus="" taskActionName="Complete" taskActionNameIcon="Like-Outline" taskStatus="" viewName="" workflowId="WSSiteScopeMTFinal123_Copy:14:42234234" workflowTaskId="Activity_133m63s" workflowTaskName="SS097 Submit to NAM"/></taskActivityMappings></tasks25><tasks26><taskTemplateObj><taskTemplateObj0 taskTemplateCategory="PM" taskTemplateName="SS098 Select NAM Supplier"/></taskTemplateObj><taskOrderWithinGroup>27</taskOrderWithinGroup><taskWeightageInGroup>29.13</taskWeightageInGroup><planStartTime>1</planStartTime><timeToExecute>180</timeToExecute><manHours>1</manHours><apiContext></apiContext><methodType></methodType><visibleToNotificationEnable>false</visibleToNotificationEnable><mandatory>false</mandatory><assigneeEnable>true</assigneeEnable><recallOwnerEnable>false</recallOwnerEnable><workGroupEnable>false</workGroupEnable><apiUrl></apiUrl><customApiToCall>false</customApiToCall><recallRollList></recallRollList><recallRestart></recallRestart><woActivityId></woActivityId><reassign>false</reassign><assignedFrom>All Roles</assignedFrom><assignedTo></assignedTo><slaIdentifier></slaIdentifier><mileStoneStage></mileStoneStage><billable>false</billable><taskConfiguration>FULLY_CONFIGURED</taskConfiguration><priorityObj><priorityObj0 priorityName="Medium" priorityType="PROJECTTASK"/></priorityObj><templateNotificationList></templateNotificationList><templateTaskExecutionCategoryList></templateTaskExecutionCategoryList><taskActivityMappings><taskActivityMappings0 actionTooDo="" actionVisibleOn="BOTH" checkListAction="" completionPercentage="100.0" contextJson="" defaultAssignee="" displayViewName="" isAcquire="false" isBulkReview="false" isOnSite="false" isReview="false" isValidate="false" isViewable="false" moduleStage="" roleList="All Roles" siteStage="" siteStatus="" taskActionName="Complete" taskActionNameIcon="Like-Outline" taskStatus="" viewName="" workflowId="WSSiteScopeMTFinal123_Copy:14:42234234" workflowTaskId="Activity_109lug5" workflowTaskName="SS098 Select NAM Supplier"/></taskActivityMappings></tasks26><tasks27><taskTemplateObj><taskTemplateObj0 taskTemplateCategory="PM" taskTemplateName="Start Integration Flow-1"/></taskTemplateObj><taskOrderWithinGroup>28</taskOrderWithinGroup><taskWeightageInGroup>0.17</taskWeightageInGroup><planStartTime>1</planStartTime><timeToExecute>1</timeToExecute><manHours>1</manHours><apiContext></apiContext><methodType></methodType><visibleToNotificationEnable>false</visibleToNotificationEnable><mandatory>false</mandatory><assigneeEnable>true</assigneeEnable><recallOwnerEnable>false</recallOwnerEnable><workGroupEnable>false</workGroupEnable><apiUrl></apiUrl><customApiToCall>false</customApiToCall><recallRollList></recallRollList><recallRestart></recallRestart><woActivityId></woActivityId><reassign>false</reassign><assignedFrom>All Roles</assignedFrom><assignedTo></assignedTo><slaIdentifier></slaIdentifier><mileStoneStage></mileStoneStage><billable>false</billable><taskConfiguration>FULLY_CONFIGURED</taskConfiguration><priorityObj><priorityObj0 priorityName="Medium" priorityType="PROJECTTASK"/></priorityObj><templateNotificationList></templateNotificationList><templateTaskExecutionCategoryList></templateTaskExecutionCategoryList><taskActivityMappings><taskActivityMappings0 actionTooDo="" actionVisibleOn="BOTH" checkListAction="" completionPercentage="100.0" contextJson="" defaultAssignee="" displayViewName="" isAcquire="false" isBulkReview="false" isOnSite="false" isReview="false" isValidate="false" isViewable="false" moduleStage="" roleList="All Roles" siteStage="" siteStatus="" taskActionName="Complete" taskActionNameIcon="Like-Outline" taskStatus="" viewName="" workflowId="WSSiteScopeMTFinal123_Copy:14:42234234" workflowTaskId="Activity_1ktznak" workflowTaskName="Start Integration Flow-1"/></taskActivityMappings></tasks27></tasks></groups0></groups><templateDependencyList><templateDependencyList0><leadTime>1</leadTime><hardDependency>false</hardDependency><dependencyType>FS</dependencyType><dependentGroupName>SiteScope_WO</dependentGroupName><dependsUponGroupName>SiteScope_WO</dependsUponGroupName><dependentTaskName>Select Job Scope</dependentTaskName><dependsUponTaskName>RE057 Conduct TARP Review</dependsUponTaskName></templateDependencyList0><templateDependencyList1><leadTime>1</leadTime><hardDependency>false</hardDependency><dependencyType>FS</dependencyType><dependentGroupName>SiteScope_WO</dependentGroupName><dependsUponGroupName>SiteScope_WO</dependsUponGroupName><dependentTaskName>SS071 Structural Analysis passes</dependentTaskName><dependsUponTaskName>SS007 Order Structural Analysis</dependsUponTaskName></templateDependencyList1><templateDependencyList2><leadTime>1</leadTime><hardDependency>false</hardDependency><dependencyType>FS</dependencyType><dependentGroupName>SiteScope_WO</dependentGroupName><dependsUponGroupName>SiteScope_WO</dependsUponGroupName><dependentTaskName>SS071 Structural Analysis passes</dependentTaskName><dependsUponTaskName>SS103 Structural Analysis Fail</dependsUponTaskName></templateDependencyList2><templateDependencyList3><leadTime>1</leadTime><hardDependency>false</hardDependency><dependencyType>FS</dependencyType><dependentGroupName>SiteScope_WO</dependentGroupName><dependsUponGroupName>SiteScope_WO</dependsUponGroupName><dependentTaskName>SS103 Structural Analysis Fail</dependentTaskName><dependsUponTaskName>SS007 Order Structural Analysis</dependsUponTaskName></templateDependencyList3><templateDependencyList4><leadTime>1</leadTime><hardDependency>false</hardDependency><dependencyType>FS</dependencyType><dependentGroupName>SiteScope_WO</dependentGroupName><dependsUponGroupName>SiteScope_WO</dependsUponGroupName><dependentTaskName>SS107 Construction Drawings</dependentTaskName><dependsUponTaskName>SS007 Order Structural Analysis</dependsUponTaskName></templateDependencyList4><templateDependencyList5><leadTime>1</leadTime><hardDependency>false</hardDependency><dependencyType>FS</dependencyType><dependentGroupName>SiteScope_WO</dependentGroupName><dependsUponGroupName>SiteScope_WO</dependsUponGroupName><dependentTaskName>SS107 Construction Drawings</dependentTaskName><dependsUponTaskName>SS099         Order Mount S.A</dependsUponTaskName></templateDependencyList5><templateDependencyList6><leadTime>1</leadTime><hardDependency>false</hardDependency><dependencyType>FS</dependencyType><dependentGroupName>SiteScope_WO</dependentGroupName><dependsUponGroupName>SiteScope_WO</dependsUponGroupName><dependentTaskName>SS098 Select NAM Supplier</dependentTaskName><dependsUponTaskName>SS076 Market Baseline</dependsUponTaskName></templateDependencyList6><templateDependencyList7><leadTime>1</leadTime><hardDependency>false</hardDependency><dependencyType>FS</dependencyType><dependentGroupName>SiteScope_WO</dependentGroupName><dependsUponGroupName>SiteScope_WO</dependsUponGroupName><dependentTaskName>SS097 Submit to NAM</dependentTaskName><dependsUponTaskName>SS076 Market Baseline</dependsUponTaskName></templateDependencyList7><templateDependencyList8><leadTime>1</leadTime><hardDependency>false</hardDependency><dependencyType>FS</dependencyType><dependentGroupName>SiteScope_WO</dependentGroupName><dependsUponGroupName>SiteScope_WO</dependsUponGroupName><dependentTaskName>SS011 Conduct Design Visit</dependentTaskName><dependsUponTaskName>SS010 Approve Primary Candidate</dependsUponTaskName></templateDependencyList8><templateDependencyList9><leadTime>1</leadTime><hardDependency>false</hardDependency><dependencyType>FS</dependencyType><dependentGroupName>SiteScope_WO</dependentGroupName><dependsUponGroupName>SiteScope_WO</dependsUponGroupName><dependentTaskName>SS022 Handoff to Civil Vendor</dependentTaskName><dependsUponTaskName>SS076 Market Baseline</dependsUponTaskName></templateDependencyList9><templateDependencyList10><leadTime>1</leadTime><hardDependency>false</hardDependency><dependencyType>FS</dependencyType><dependentGroupName>SiteScope_WO</dependentGroupName><dependsUponGroupName>SiteScope_WO</dependsUponGroupName><dependentTaskName>SS055 Submit All Candidates to RF</dependentTaskName><dependsUponTaskName>SS022 Handoff to Civil Vendor</dependsUponTaskName></templateDependencyList10><templateDependencyList11><leadTime>1</leadTime><hardDependency>false</hardDependency><dependencyType>FS</dependencyType><dependentGroupName>SiteScope_WO</dependentGroupName><dependsUponGroupName>SiteScope_WO</dependsUponGroupName><dependentTaskName>SS074  Select Primary Candidate</dependentTaskName><dependsUponTaskName>SS055 Submit All Candidates to RF</dependsUponTaskName></templateDependencyList11><templateDependencyList12><leadTime>1</leadTime><hardDependency>false</hardDependency><dependencyType>FS</dependencyType><dependentGroupName>SiteScope_WO</dependentGroupName><dependsUponGroupName>SiteScope_WO</dependsUponGroupName><dependentTaskName>SS010 Approve Primary Candidate</dependentTaskName><dependsUponTaskName>SS022 Handoff to Civil Vendor</dependsUponTaskName></templateDependencyList12><templateDependencyList13><leadTime>1</leadTime><hardDependency>false</hardDependency><dependencyType>FS</dependencyType><dependentGroupName>SiteScope_WO</dependentGroupName><dependsUponGroupName>SiteScope_WO</dependsUponGroupName><dependentTaskName>SS010 Approve Primary Candidate</dependentTaskName><dependsUponTaskName>SS076 Market Baseline</dependsUponTaskName></templateDependencyList13><templateDependencyList14><leadTime>1</leadTime><hardDependency>false</hardDependency><dependencyType>FS</dependencyType><dependentGroupName>SiteScope_WO</dependentGroupName><dependsUponGroupName>SiteScope_WO</dependsUponGroupName><dependentTaskName>SS010 Approve Primary Candidate</dependentTaskName><dependsUponTaskName>SS097 Submit to NAM</dependsUponTaskName></templateDependencyList14><templateDependencyList15><leadTime>1</leadTime><hardDependency>false</hardDependency><dependencyType>FS</dependencyType><dependentGroupName>SiteScope_WO</dependentGroupName><dependsUponGroupName>SiteScope_WO</dependsUponGroupName><dependentTaskName>SS004 Completed Site Audit</dependentTaskName><dependsUponTaskName>SS010 Approve Primary Candidate</dependsUponTaskName></templateDependencyList15><templateDependencyList16><leadTime>1</leadTime><hardDependency>false</hardDependency><dependencyType>FS</dependencyType><dependentGroupName>SiteScope_WO</dependentGroupName><dependsUponGroupName>SiteScope_WO</dependsUponGroupName><dependentTaskName>SS005 Upload Site Audit to File Net</dependentTaskName><dependsUponTaskName>SS004 Completed Site Audit</dependsUponTaskName></templateDependencyList16><templateDependencyList17><leadTime>1</leadTime><hardDependency>false</hardDependency><dependencyType>FS</dependencyType><dependentGroupName>SiteScope_WO</dependentGroupName><dependsUponGroupName>SiteScope_WO</dependsUponGroupName><dependentTaskName>SS099         Order Mount S.A</dependentTaskName><dependsUponTaskName>SS076 Market Baseline</dependsUponTaskName></templateDependencyList17><templateDependencyList18><leadTime>1</leadTime><hardDependency>false</hardDependency><dependencyType>FS</dependencyType><dependentGroupName>SiteScope_WO</dependentGroupName><dependsUponGroupName>SiteScope_WO</dependsUponGroupName><dependentTaskName>SS100 Receive Mount Mod S.A</dependentTaskName><dependsUponTaskName>SS099         Order Mount S.A</dependsUponTaskName></templateDependencyList18><templateDependencyList19><leadTime>1</leadTime><hardDependency>false</hardDependency><dependencyType>FS</dependencyType><dependentGroupName>SiteScope_WO</dependentGroupName><dependsUponGroupName>SiteScope_WO</dependsUponGroupName><dependentTaskName>SS101  Receive Mount Mod S.D</dependentTaskName><dependsUponTaskName>SS100 Receive Mount Mod S.A</dependsUponTaskName></templateDependencyList19><templateDependencyList20><leadTime>1</leadTime><hardDependency>false</hardDependency><dependencyType>FS</dependencyType><dependentGroupName>SiteScope_WO</dependentGroupName><dependsUponGroupName>SiteScope_WO</dependsUponGroupName><dependentTaskName>SS102 Conduct TARP Mount Review</dependentTaskName><dependsUponTaskName>SS100 Receive Mount Mod S.A</dependsUponTaskName></templateDependencyList20><templateDependencyList21><leadTime>1</leadTime><hardDependency>false</hardDependency><dependencyType>FS</dependencyType><dependentGroupName>SiteScope_WO</dependentGroupName><dependsUponGroupName>SiteScope_WO</dependsUponGroupName><dependentTaskName>SS102 Conduct TARP Mount Review</dependentTaskName><dependsUponTaskName>SS101  Receive Mount Mod S.D</dependsUponTaskName></templateDependencyList21><templateDependencyList22><leadTime>1</leadTime><hardDependency>false</hardDependency><dependencyType>FS</dependencyType><dependentGroupName>SiteScope_WO</dependentGroupName><dependsUponGroupName>SiteScope_WO</dependsUponGroupName><dependentTaskName>SS014 Site Scoping D.C</dependentTaskName><dependsUponTaskName>SS076 Market Baseline</dependsUponTaskName></templateDependencyList22><templateDependencyList23><leadTime>1</leadTime><hardDependency>false</hardDependency><dependencyType>FS</dependencyType><dependentGroupName>SiteScope_WO</dependentGroupName><dependsUponGroupName>SiteScope_WO</dependsUponGroupName><dependentTaskName>SS014 Site Scoping D.C</dependentTaskName><dependsUponTaskName>SS102 Conduct TARP Mount Review</dependsUponTaskName></templateDependencyList23><templateDependencyList24><leadTime>1</leadTime><hardDependency>false</hardDependency><dependencyType>FS</dependencyType><dependentGroupName>SiteScope_WO</dependentGroupName><dependsUponGroupName>SiteScope_WO</dependsUponGroupName><dependentTaskName>SS020 Construction Ready</dependentTaskName><dependsUponTaskName>SS010 Approve Primary Candidate</dependsUponTaskName></templateDependencyList24><templateDependencyList25><leadTime>1</leadTime><hardDependency>false</hardDependency><dependencyType>FS</dependencyType><dependentGroupName>SiteScope_WO</dependentGroupName><dependsUponGroupName>SiteScope_WO</dependsUponGroupName><dependentTaskName>SS023 Upload Site Information</dependentTaskName><dependsUponTaskName>SS020 Construction Ready</dependsUponTaskName></templateDependencyList25><templateDependencyList26><leadTime>1</leadTime><hardDependency>false</hardDependency><dependencyType>FS</dependencyType><dependentGroupName>SiteScope_WO</dependentGroupName><dependsUponGroupName>SiteScope_WO</dependsUponGroupName><dependentTaskName>SS007 Order Structural Analysis</dependentTaskName><dependsUponTaskName>SS011 Conduct Design Visit</dependsUponTaskName></templateDependencyList26><templateDependencyList27><leadTime>1</leadTime><hardDependency>false</hardDependency><dependencyType>FS</dependencyType><dependentGroupName>SiteScope_WO</dependentGroupName><dependsUponGroupName>SiteScope_WO</dependsUponGroupName><dependentTaskName>SS096 Confirm MAA or Other Multi-Structure</dependentTaskName><dependsUponTaskName>SS010 Approve Primary Candidate</dependsUponTaskName></templateDependencyList27></templateDependencyList></xml>