<?xml version="1.0" encoding="UTF-8"?><xml><projectTemplateName>Transport WO</projectTemplateName><projectTemplateCategory>Outdoor</projectTemplateCategory><projectTemplateProcessList><projectTemplateProcessList0><processDefinitionId>WSTransportMTFinal535_Copy:4:42172382</processDefinitionId><associatedWorkflowName>WS_Transport_MTFinal</associatedWorkflowName></projectTemplateProcessList0></projectTemplateProcessList><status>ACTIVE</status><siteType>Radio BS</siteType><band>1234GHz</band><label></label><woidPrefix>TWO</woidPrefix><nominal>NOMINAL</nominal><instantiationType>MULTIPLE</instantiationType><technologyName>5G</technologyName><timeBase>DAYS</timeBase><templateType>LOCAL</templateType><groups><groups0><groupTemplateName>Transport WO</groupTemplateName><groupTemplateWeightage>100.0</groupTemplateWeightage><groupTemplateStartTime></groupTemplateStartTime><groupTemplateDuration>252</groupTemplateDuration><tasks><tasks0><taskTemplateObj><taskTemplateObj0 taskTemplateCategory="PM" taskTemplateName="Select Job Scope"/></taskTemplateObj><taskOrderWithinGroup>1</taskOrderWithinGroup><taskWeightageInGroup>0.4</taskWeightageInGroup><planStartTime>1</planStartTime><timeToExecute>1</timeToExecute><manHours>1</manHours><apiContext></apiContext><methodType></methodType><visibleToNotificationEnable>false</visibleToNotificationEnable><mandatory>false</mandatory><assigneeEnable>true</assigneeEnable><recallOwnerEnable>false</recallOwnerEnable><workGroupEnable>false</workGroupEnable><apiUrl></apiUrl><customApiToCall>false</customApiToCall><recallRollList></recallRollList><recallRestart></recallRestart><woActivityId></woActivityId><reassign>false</reassign><assignedFrom>All Roles</assignedFrom><assignedTo></assignedTo><slaIdentifier></slaIdentifier><mileStoneStage></mileStoneStage><billable>false</billable><taskConfiguration>FULLY_CONFIGURED</taskConfiguration><priorityObj><priorityObj0 priorityName="Medium" priorityType="PROJECTTASK"/></priorityObj><templateNotificationList></templateNotificationList><templateTaskExecutionCategoryList></templateTaskExecutionCategoryList><taskActivityMappings><taskActivityMappings0 actionTooDo="" actionVisibleOn="BOTH" checkListAction="" completionPercentage="100.0" contextJson="{&quot;ScopeVariable&quot; :&quot;ProjectCustomField-projectDropDown1&quot;}" defaultAssignee="" displayViewName="Scope Selection_MT" isAcquire="false" isBulkReview="false" isOnSite="false" isReview="false" isValidate="false" isViewable="false" moduleStage="" roleList="All Roles" siteStage="" siteStatus="" taskActionName="Complete" taskActionNameIcon="Like-Outline" taskStatus="" viewName="scopeselection_mt" workflowId="WSTransportMTFinal535_Copy:4:42172382" workflowTaskId="Activity_12c27sl" workflowTaskName="Select Job Scope"/></taskActivityMappings></tasks0><tasks1><taskTemplateObj><taskTemplateObj0 taskTemplateCategory="PM" taskTemplateName="Wait for Primary Site C.A (SS010)"/></taskTemplateObj><taskOrderWithinGroup>2</taskOrderWithinGroup><taskWeightageInGroup>0.4</taskWeightageInGroup><planStartTime>1</planStartTime><timeToExecute>1</timeToExecute><manHours>1</manHours><apiContext></apiContext><methodType></methodType><visibleToNotificationEnable>false</visibleToNotificationEnable><mandatory>false</mandatory><assigneeEnable>true</assigneeEnable><recallOwnerEnable>false</recallOwnerEnable><workGroupEnable>false</workGroupEnable><apiUrl></apiUrl><customApiToCall>false</customApiToCall><recallRollList></recallRollList><recallRestart></recallRestart><woActivityId></woActivityId><reassign>false</reassign><assignedFrom>All Roles</assignedFrom><assignedTo></assignedTo><slaIdentifier></slaIdentifier><mileStoneStage></mileStoneStage><billable>false</billable><taskConfiguration>FULLY_CONFIGURED</taskConfiguration><priorityObj><priorityObj0 priorityName="Medium" priorityType="PROJECTTASK"/></priorityObj><templateNotificationList></templateNotificationList><templateTaskExecutionCategoryList></templateTaskExecutionCategoryList><taskActivityMappings><taskActivityMappings0 actionTooDo="" actionVisibleOn="BOTH" checkListAction="" completionPercentage="100.0" contextJson="" defaultAssignee="" displayViewName="" isAcquire="false" isBulkReview="false" isOnSite="false" isReview="false" isValidate="false" isViewable="false" moduleStage="" roleList="All Roles" siteStage="" siteStatus="" taskActionName="Complete" taskActionNameIcon="Like-Outline" taskStatus="" viewName="" workflowId="WSTransportMTFinal535_Copy:4:42172382" workflowTaskId="Activity_0z6jeo9" workflowTaskName="Wait for Primary Site C.A (SS010)"/></taskActivityMappings></tasks1><tasks2><taskTemplateObj><taskTemplateObj0 taskTemplateCategory="PM" taskTemplateName="Wait for NAM  S.S (SS098)"/></taskTemplateObj><taskOrderWithinGroup>3</taskOrderWithinGroup><taskWeightageInGroup>0.4</taskWeightageInGroup><planStartTime>1</planStartTime><timeToExecute>1</timeToExecute><manHours>1</manHours><apiContext></apiContext><methodType></methodType><visibleToNotificationEnable>false</visibleToNotificationEnable><mandatory>false</mandatory><assigneeEnable>true</assigneeEnable><recallOwnerEnable>false</recallOwnerEnable><workGroupEnable>false</workGroupEnable><apiUrl></apiUrl><customApiToCall>false</customApiToCall><recallRollList></recallRollList><recallRestart></recallRestart><woActivityId></woActivityId><reassign>false</reassign><assignedFrom>All Roles</assignedFrom><assignedTo></assignedTo><slaIdentifier></slaIdentifier><mileStoneStage></mileStoneStage><billable>false</billable><taskConfiguration>FULLY_CONFIGURED</taskConfiguration><priorityObj><priorityObj0 priorityName="Medium" priorityType="PROJECTTASK"/></priorityObj><templateNotificationList></templateNotificationList><templateTaskExecutionCategoryList></templateTaskExecutionCategoryList><taskActivityMappings><taskActivityMappings0 actionTooDo="" actionVisibleOn="BOTH" checkListAction="" completionPercentage="100.0" contextJson="" defaultAssignee="" displayViewName="" isAcquire="false" isBulkReview="false" isOnSite="false" isReview="false" isValidate="false" isViewable="false" moduleStage="" roleList="All Roles" siteStage="" siteStatus="" taskActionName="Complete" taskActionNameIcon="Like-Outline" taskStatus="" viewName="" workflowId="WSTransportMTFinal535_Copy:4:42172382" workflowTaskId="Activity_0lpwx33" workflowTaskName="Wait for NAM  S.S (SS098)"/></taskActivityMappings></tasks2><tasks3><taskTemplateObj><taskTemplateObj0 taskTemplateCategory="PM" taskTemplateName="CI042 Deliver Transport"/></taskTemplateObj><taskOrderWithinGroup>4</taskOrderWithinGroup><taskWeightageInGroup>47.62</taskWeightageInGroup><planStartTime>1</planStartTime><timeToExecute>120</timeToExecute><manHours>1</manHours><apiContext></apiContext><methodType></methodType><visibleToNotificationEnable>false</visibleToNotificationEnable><mandatory>false</mandatory><assigneeEnable>true</assigneeEnable><recallOwnerEnable>false</recallOwnerEnable><workGroupEnable>false</workGroupEnable><apiUrl></apiUrl><customApiToCall>false</customApiToCall><recallRollList></recallRollList><recallRestart></recallRestart><woActivityId></woActivityId><reassign>false</reassign><assignedFrom>All Roles</assignedFrom><assignedTo></assignedTo><slaIdentifier></slaIdentifier><mileStoneStage></mileStoneStage><billable>false</billable><taskConfiguration>FULLY_CONFIGURED</taskConfiguration><priorityObj><priorityObj0 priorityName="Medium" priorityType="PROJECTTASK"/></priorityObj><templateNotificationList></templateNotificationList><templateTaskExecutionCategoryList></templateTaskExecutionCategoryList><taskActivityMappings><taskActivityMappings0 actionTooDo="" actionVisibleOn="BOTH" checkListAction="" completionPercentage="100.0" contextJson="" defaultAssignee="" displayViewName="" isAcquire="false" isBulkReview="false" isOnSite="false" isReview="false" isValidate="false" isViewable="false" moduleStage="" roleList="All Roles" siteStage="" siteStatus="" taskActionName="Complete" taskActionNameIcon="Like-Outline" taskStatus="" viewName="" workflowId="WSTransportMTFinal535_Copy:4:42172382" workflowTaskId="Activity_03ysm5t" workflowTaskName="CI042 Deliver Transport"/></taskActivityMappings></tasks3><tasks4><taskTemplateObj><taskTemplateObj0 taskTemplateCategory="PM" taskTemplateName="Send Message Prepare Site (CI118)"/></taskTemplateObj><taskOrderWithinGroup>5</taskOrderWithinGroup><taskWeightageInGroup>0.4</taskWeightageInGroup><planStartTime>1</planStartTime><timeToExecute>1</timeToExecute><manHours>1</manHours><apiContext></apiContext><methodType></methodType><visibleToNotificationEnable>false</visibleToNotificationEnable><mandatory>false</mandatory><assigneeEnable>true</assigneeEnable><recallOwnerEnable>false</recallOwnerEnable><workGroupEnable>false</workGroupEnable><apiUrl></apiUrl><customApiToCall>false</customApiToCall><recallRollList></recallRollList><recallRestart></recallRestart><woActivityId></woActivityId><reassign>false</reassign><assignedFrom>All Roles</assignedFrom><assignedTo></assignedTo><slaIdentifier></slaIdentifier><mileStoneStage></mileStoneStage><billable>false</billable><taskConfiguration>FULLY_CONFIGURED</taskConfiguration><priorityObj><priorityObj0 priorityName="Medium" priorityType="PROJECTTASK"/></priorityObj><templateNotificationList></templateNotificationList><templateTaskExecutionCategoryList></templateTaskExecutionCategoryList><taskActivityMappings><taskActivityMappings0 actionTooDo="" actionVisibleOn="BOTH" checkListAction="" completionPercentage="100.0" contextJson="" defaultAssignee="" displayViewName="" isAcquire="false" isBulkReview="false" isOnSite="false" isReview="false" isValidate="false" isViewable="false" moduleStage="" roleList="All Roles" siteStage="" siteStatus="" taskActionName="Complete" taskActionNameIcon="Like-Outline" taskStatus="" viewName="" workflowId="WSTransportMTFinal535_Copy:4:42172382" workflowTaskId="Activity_133k708" workflowTaskName="Send Message Prepare Site (CI118)"/></taskActivityMappings></tasks4><tasks5><taskTemplateObj><taskTemplateObj0 taskTemplateCategory="PM" taskTemplateName="Send Message Complete (CI262)"/></taskTemplateObj><taskOrderWithinGroup>6</taskOrderWithinGroup><taskWeightageInGroup>0.4</taskWeightageInGroup><planStartTime>1</planStartTime><timeToExecute>1</timeToExecute><manHours>1</manHours><apiContext></apiContext><methodType></methodType><visibleToNotificationEnable>false</visibleToNotificationEnable><mandatory>false</mandatory><assigneeEnable>true</assigneeEnable><recallOwnerEnable>false</recallOwnerEnable><workGroupEnable>false</workGroupEnable><apiUrl></apiUrl><customApiToCall>false</customApiToCall><recallRollList></recallRollList><recallRestart></recallRestart><woActivityId></woActivityId><reassign>false</reassign><assignedFrom>All Roles</assignedFrom><assignedTo></assignedTo><slaIdentifier></slaIdentifier><mileStoneStage></mileStoneStage><billable>false</billable><taskConfiguration>FULLY_CONFIGURED</taskConfiguration><priorityObj><priorityObj0 priorityName="Medium" priorityType="PROJECTTASK"/></priorityObj><templateNotificationList></templateNotificationList><templateTaskExecutionCategoryList></templateTaskExecutionCategoryList><taskActivityMappings><taskActivityMappings0 actionTooDo="" actionVisibleOn="BOTH" checkListAction="" completionPercentage="100.0" contextJson="" defaultAssignee="" displayViewName="" isAcquire="false" isBulkReview="false" isOnSite="false" isReview="false" isValidate="false" isViewable="false" moduleStage="" roleList="All Roles" siteStage="" siteStatus="" taskActionName="Complete" taskActionNameIcon="Like-Outline" taskStatus="" viewName="" workflowId="WSTransportMTFinal535_Copy:4:42172382" workflowTaskId="Activity_10e0qfh" workflowTaskName="Send Message Complete (CI262)"/></taskActivityMappings></tasks5><tasks6><taskTemplateObj><taskTemplateObj0 taskTemplateCategory="PM" taskTemplateName="Send Message Complete  (CI035)"/></taskTemplateObj><taskOrderWithinGroup>7</taskOrderWithinGroup><taskWeightageInGroup>0.4</taskWeightageInGroup><planStartTime>1</planStartTime><timeToExecute>1</timeToExecute><manHours>1</manHours><apiContext></apiContext><methodType></methodType><visibleToNotificationEnable>false</visibleToNotificationEnable><mandatory>false</mandatory><assigneeEnable>true</assigneeEnable><recallOwnerEnable>false</recallOwnerEnable><workGroupEnable>false</workGroupEnable><apiUrl></apiUrl><customApiToCall>false</customApiToCall><recallRollList></recallRollList><recallRestart></recallRestart><woActivityId></woActivityId><reassign>false</reassign><assignedFrom>All Roles</assignedFrom><assignedTo></assignedTo><slaIdentifier></slaIdentifier><mileStoneStage></mileStoneStage><billable>false</billable><taskConfiguration>FULLY_CONFIGURED</taskConfiguration><priorityObj><priorityObj0 priorityName="Medium" priorityType="PROJECTTASK"/></priorityObj><templateNotificationList></templateNotificationList><templateTaskExecutionCategoryList></templateTaskExecutionCategoryList><taskActivityMappings><taskActivityMappings0 actionTooDo="" actionVisibleOn="BOTH" checkListAction="" completionPercentage="100.0" contextJson="" defaultAssignee="" displayViewName="" isAcquire="false" isBulkReview="false" isOnSite="false" isReview="false" isValidate="false" isViewable="false" moduleStage="" roleList="All Roles" siteStage="" siteStatus="" taskActionName="Complete" taskActionNameIcon="Like-Outline" taskStatus="" viewName="" workflowId="WSTransportMTFinal535_Copy:4:42172382" workflowTaskId="Activity_03y7vrf" workflowTaskName="Send Message Complete  (CI035)"/></taskActivityMappings></tasks6><tasks7><taskTemplateObj><taskTemplateObj0 taskTemplateCategory="PM" taskTemplateName="RE098 Conduct Initial Transport F.W"/></taskTemplateObj><taskOrderWithinGroup>8</taskOrderWithinGroup><taskWeightageInGroup>17.86</taskWeightageInGroup><planStartTime>1</planStartTime><timeToExecute>45</timeToExecute><manHours>1</manHours><apiContext></apiContext><methodType></methodType><visibleToNotificationEnable>false</visibleToNotificationEnable><mandatory>false</mandatory><assigneeEnable>true</assigneeEnable><recallOwnerEnable>false</recallOwnerEnable><workGroupEnable>false</workGroupEnable><apiUrl></apiUrl><customApiToCall>false</customApiToCall><recallRollList></recallRollList><recallRestart></recallRestart><woActivityId></woActivityId><reassign>false</reassign><assignedFrom>All Roles</assignedFrom><assignedTo></assignedTo><slaIdentifier></slaIdentifier><mileStoneStage></mileStoneStage><billable>false</billable><taskConfiguration>FULLY_CONFIGURED</taskConfiguration><priorityObj><priorityObj0 priorityName="Medium" priorityType="PROJECTTASK"/></priorityObj><templateNotificationList></templateNotificationList><templateTaskExecutionCategoryList></templateTaskExecutionCategoryList><taskActivityMappings><taskActivityMappings0 actionTooDo="" actionVisibleOn="BOTH" checkListAction="" completionPercentage="100.0" contextJson="" defaultAssignee="" displayViewName="" isAcquire="false" isBulkReview="false" isOnSite="false" isReview="false" isValidate="false" isViewable="false" moduleStage="" roleList="All Roles" siteStage="" siteStatus="" taskActionName="Complete" taskActionNameIcon="Like-Outline" taskStatus="" viewName="" workflowId="WSTransportMTFinal535_Copy:4:42172382" workflowTaskId="Activity_0m81j84" workflowTaskName="RE098 Conduct Initial Transport F.W"/></taskActivityMappings></tasks7><tasks8><taskTemplateObj><taskTemplateObj0 taskTemplateCategory="PM" taskTemplateName="RE095 Receive Fronthaul F.TNTP"/></taskTemplateObj><taskOrderWithinGroup>9</taskOrderWithinGroup><taskWeightageInGroup>23.81</taskWeightageInGroup><planStartTime>1</planStartTime><timeToExecute>60</timeToExecute><manHours>1</manHours><apiContext></apiContext><methodType></methodType><visibleToNotificationEnable>false</visibleToNotificationEnable><mandatory>false</mandatory><assigneeEnable>true</assigneeEnable><recallOwnerEnable>false</recallOwnerEnable><workGroupEnable>false</workGroupEnable><apiUrl></apiUrl><customApiToCall>false</customApiToCall><recallRollList></recallRollList><recallRestart></recallRestart><woActivityId></woActivityId><reassign>false</reassign><assignedFrom>All Roles</assignedFrom><assignedTo></assignedTo><slaIdentifier></slaIdentifier><mileStoneStage></mileStoneStage><billable>false</billable><taskConfiguration>FULLY_CONFIGURED</taskConfiguration><priorityObj><priorityObj0 priorityName="Medium" priorityType="PROJECTTASK"/></priorityObj><templateNotificationList></templateNotificationList><templateTaskExecutionCategoryList></templateTaskExecutionCategoryList><taskActivityMappings><taskActivityMappings0 actionTooDo="" actionVisibleOn="BOTH" checkListAction="" completionPercentage="100.0" contextJson="" defaultAssignee="" displayViewName="" isAcquire="false" isBulkReview="false" isOnSite="false" isReview="false" isValidate="false" isViewable="false" moduleStage="" roleList="All Roles" siteStage="" siteStatus="" taskActionName="Complete" taskActionNameIcon="Like-Outline" taskStatus="" viewName="" workflowId="WSTransportMTFinal535_Copy:4:42172382" workflowTaskId="Activity_1mltr65" workflowTaskName="RE095 Receive Fronthaul F.TNTP"/></taskActivityMappings></tasks8><tasks9><taskTemplateObj><taskTemplateObj0 taskTemplateCategory="PM" taskTemplateName="Wait for RBS Data Entered (CI004)"/></taskTemplateObj><taskOrderWithinGroup>10</taskOrderWithinGroup><taskWeightageInGroup>0.4</taskWeightageInGroup><planStartTime>1</planStartTime><timeToExecute>1</timeToExecute><manHours>1</manHours><apiContext></apiContext><methodType></methodType><visibleToNotificationEnable>false</visibleToNotificationEnable><mandatory>false</mandatory><assigneeEnable>true</assigneeEnable><recallOwnerEnable>false</recallOwnerEnable><workGroupEnable>false</workGroupEnable><apiUrl></apiUrl><customApiToCall>false</customApiToCall><recallRollList></recallRollList><recallRestart></recallRestart><woActivityId></woActivityId><reassign>false</reassign><assignedFrom>All Roles</assignedFrom><assignedTo></assignedTo><slaIdentifier></slaIdentifier><mileStoneStage></mileStoneStage><billable>false</billable><taskConfiguration>FULLY_CONFIGURED</taskConfiguration><priorityObj><priorityObj0 priorityName="Medium" priorityType="PROJECTTASK"/></priorityObj><templateNotificationList></templateNotificationList><templateTaskExecutionCategoryList></templateTaskExecutionCategoryList><taskActivityMappings><taskActivityMappings0 actionTooDo="" actionVisibleOn="BOTH" checkListAction="" completionPercentage="100.0" contextJson="" defaultAssignee="" displayViewName="" isAcquire="false" isBulkReview="false" isOnSite="false" isReview="false" isValidate="false" isViewable="false" moduleStage="" roleList="All Roles" siteStage="" siteStatus="" taskActionName="Complete" taskActionNameIcon="Like-Outline" taskStatus="" viewName="" workflowId="WSTransportMTFinal535_Copy:4:42172382" workflowTaskId="Activity_14jwmlg" workflowTaskName="Wait for RBS Data Entered (CI004)"/></taskActivityMappings></tasks9><tasks10><taskTemplateObj><taskTemplateObj0 taskTemplateCategory="PM" taskTemplateName="Wait for Cabinet (CI272)"/></taskTemplateObj><taskOrderWithinGroup>11</taskOrderWithinGroup><taskWeightageInGroup>0.4</taskWeightageInGroup><planStartTime>1</planStartTime><timeToExecute>1</timeToExecute><manHours>1</manHours><apiContext></apiContext><methodType></methodType><visibleToNotificationEnable>false</visibleToNotificationEnable><mandatory>false</mandatory><assigneeEnable>true</assigneeEnable><recallOwnerEnable>false</recallOwnerEnable><workGroupEnable>false</workGroupEnable><apiUrl></apiUrl><customApiToCall>false</customApiToCall><recallRollList></recallRollList><recallRestart></recallRestart><woActivityId></woActivityId><reassign>false</reassign><assignedFrom>All Roles</assignedFrom><assignedTo></assignedTo><slaIdentifier></slaIdentifier><mileStoneStage></mileStoneStage><billable>false</billable><taskConfiguration>FULLY_CONFIGURED</taskConfiguration><priorityObj><priorityObj0 priorityName="Medium" priorityType="PROJECTTASK"/></priorityObj><templateNotificationList></templateNotificationList><templateTaskExecutionCategoryList></templateTaskExecutionCategoryList><taskActivityMappings><taskActivityMappings0 actionTooDo="" actionVisibleOn="BOTH" checkListAction="" completionPercentage="100.0" contextJson="" defaultAssignee="" displayViewName="" isAcquire="false" isBulkReview="false" isOnSite="false" isReview="false" isValidate="false" isViewable="false" moduleStage="" roleList="All Roles" siteStage="" siteStatus="" taskActionName="Complete" taskActionNameIcon="Like-Outline" taskStatus="" viewName="" workflowId="WSTransportMTFinal535_Copy:4:42172382" workflowTaskId="Activity_0ksr0nf" workflowTaskName="Wait for Cabinet (CI272)"/></taskActivityMappings></tasks10><tasks11><taskTemplateObj><taskTemplateObj0 taskTemplateCategory="PM" taskTemplateName="Wait for Construction Started (CI025)"/></taskTemplateObj><taskOrderWithinGroup>12</taskOrderWithinGroup><taskWeightageInGroup>0.4</taskWeightageInGroup><planStartTime>1</planStartTime><timeToExecute>1</timeToExecute><manHours>1</manHours><apiContext></apiContext><methodType></methodType><visibleToNotificationEnable>false</visibleToNotificationEnable><mandatory>false</mandatory><assigneeEnable>true</assigneeEnable><recallOwnerEnable>false</recallOwnerEnable><workGroupEnable>false</workGroupEnable><apiUrl></apiUrl><customApiToCall>false</customApiToCall><recallRollList></recallRollList><recallRestart></recallRestart><woActivityId></woActivityId><reassign>false</reassign><assignedFrom>All Roles</assignedFrom><assignedTo></assignedTo><slaIdentifier></slaIdentifier><mileStoneStage></mileStoneStage><billable>false</billable><taskConfiguration>FULLY_CONFIGURED</taskConfiguration><priorityObj><priorityObj0 priorityName="Medium" priorityType="PROJECTTASK"/></priorityObj><templateNotificationList></templateNotificationList><templateTaskExecutionCategoryList></templateTaskExecutionCategoryList><taskActivityMappings><taskActivityMappings0 actionTooDo="" actionVisibleOn="BOTH" checkListAction="" completionPercentage="100.0" contextJson="" defaultAssignee="" displayViewName="" isAcquire="false" isBulkReview="false" isOnSite="false" isReview="false" isValidate="false" isViewable="false" moduleStage="" roleList="All Roles" siteStage="" siteStatus="" taskActionName="Complete" taskActionNameIcon="Like-Outline" taskStatus="" viewName="" workflowId="WSTransportMTFinal535_Copy:4:42172382" workflowTaskId="Activity_1fplgjb" workflowTaskName="Wait for Construction Started (CI025)"/></taskActivityMappings></tasks11><tasks12><taskTemplateObj><taskTemplateObj0 taskTemplateCategory="PM" taskTemplateName="CI001 Ready Site for Transport Delivery"/></taskTemplateObj><taskOrderWithinGroup>13</taskOrderWithinGroup><taskWeightageInGroup>4.37</taskWeightageInGroup><planStartTime>1</planStartTime><timeToExecute>11</timeToExecute><manHours>1</manHours><apiContext></apiContext><methodType></methodType><visibleToNotificationEnable>false</visibleToNotificationEnable><mandatory>false</mandatory><assigneeEnable>true</assigneeEnable><recallOwnerEnable>false</recallOwnerEnable><workGroupEnable>false</workGroupEnable><apiUrl></apiUrl><customApiToCall>false</customApiToCall><recallRollList></recallRollList><recallRestart></recallRestart><woActivityId></woActivityId><reassign>false</reassign><assignedFrom>All Roles</assignedFrom><assignedTo></assignedTo><slaIdentifier></slaIdentifier><mileStoneStage></mileStoneStage><billable>false</billable><taskConfiguration>FULLY_CONFIGURED</taskConfiguration><priorityObj><priorityObj0 priorityName="Medium" priorityType="PROJECTTASK"/></priorityObj><templateNotificationList></templateNotificationList><templateTaskExecutionCategoryList></templateTaskExecutionCategoryList><taskActivityMappings><taskActivityMappings0 actionTooDo="" actionVisibleOn="BOTH" checkListAction="" completionPercentage="100.0" contextJson="" defaultAssignee="" displayViewName="" isAcquire="false" isBulkReview="false" isOnSite="false" isReview="false" isValidate="false" isViewable="false" moduleStage="" roleList="All Roles" siteStage="" siteStatus="" taskActionName="Complete" taskActionNameIcon="Like-Outline" taskStatus="" viewName="" workflowId="WSTransportMTFinal535_Copy:4:42172382" workflowTaskId="Activity_105rvbe" workflowTaskName="CI001 Ready Site for Transport Delivery"/></taskActivityMappings></tasks12><tasks13><taskTemplateObj><taskTemplateObj0 taskTemplateCategory="PM" taskTemplateName="Wait for Transport C.C (RE081)"/></taskTemplateObj><taskOrderWithinGroup>14</taskOrderWithinGroup><taskWeightageInGroup>0.4</taskWeightageInGroup><planStartTime>1</planStartTime><timeToExecute>1</timeToExecute><manHours>1</manHours><apiContext></apiContext><methodType></methodType><visibleToNotificationEnable>false</visibleToNotificationEnable><mandatory>false</mandatory><assigneeEnable>true</assigneeEnable><recallOwnerEnable>false</recallOwnerEnable><workGroupEnable>false</workGroupEnable><apiUrl></apiUrl><customApiToCall>false</customApiToCall><recallRollList></recallRollList><recallRestart></recallRestart><woActivityId></woActivityId><reassign>false</reassign><assignedFrom>All Roles</assignedFrom><assignedTo></assignedTo><slaIdentifier></slaIdentifier><mileStoneStage></mileStoneStage><billable>false</billable><taskConfiguration>FULLY_CONFIGURED</taskConfiguration><priorityObj><priorityObj0 priorityName="Medium" priorityType="PROJECTTASK"/></priorityObj><templateNotificationList></templateNotificationList><templateTaskExecutionCategoryList></templateTaskExecutionCategoryList><taskActivityMappings><taskActivityMappings0 actionTooDo="" actionVisibleOn="BOTH" checkListAction="" completionPercentage="100.0" contextJson="" defaultAssignee="" displayViewName="" isAcquire="false" isBulkReview="false" isOnSite="false" isReview="false" isValidate="false" isViewable="false" moduleStage="" roleList="All Roles" siteStage="" siteStatus="" taskActionName="Complete" taskActionNameIcon="Like-Outline" taskStatus="" viewName="" workflowId="WSTransportMTFinal535_Copy:4:42172382" workflowTaskId="Activity_1q6zm0w" workflowTaskName="Wait for Transport C.C (RE081)"/></taskActivityMappings></tasks13><tasks14><taskTemplateObj><taskTemplateObj0 taskTemplateCategory="PM" taskTemplateName="CI203 Submit IWOS"/></taskTemplateObj><taskOrderWithinGroup>15</taskOrderWithinGroup><taskWeightageInGroup>1.98</taskWeightageInGroup><planStartTime>1</planStartTime><timeToExecute>5</timeToExecute><manHours>1</manHours><apiContext></apiContext><methodType></methodType><visibleToNotificationEnable>false</visibleToNotificationEnable><mandatory>false</mandatory><assigneeEnable>true</assigneeEnable><recallOwnerEnable>false</recallOwnerEnable><workGroupEnable>false</workGroupEnable><apiUrl></apiUrl><customApiToCall>false</customApiToCall><recallRollList></recallRollList><recallRestart></recallRestart><woActivityId></woActivityId><reassign>false</reassign><assignedFrom>All Roles</assignedFrom><assignedTo></assignedTo><slaIdentifier></slaIdentifier><mileStoneStage></mileStoneStage><billable>false</billable><taskConfiguration>FULLY_CONFIGURED</taskConfiguration><priorityObj><priorityObj0 priorityName="Medium" priorityType="PROJECTTASK"/></priorityObj><templateNotificationList></templateNotificationList><templateTaskExecutionCategoryList></templateTaskExecutionCategoryList><taskActivityMappings><taskActivityMappings0 actionTooDo="" actionVisibleOn="BOTH" checkListAction="" completionPercentage="100.0" contextJson="" defaultAssignee="" displayViewName="" isAcquire="false" isBulkReview="false" isOnSite="false" isReview="false" isValidate="false" isViewable="false" moduleStage="" roleList="All Roles" siteStage="" siteStatus="" taskActionName="Complete" taskActionNameIcon="Like-Outline" taskStatus="" viewName="" workflowId="WSTransportMTFinal535_Copy:4:42172382" workflowTaskId="Activity_1c8p4rt" workflowTaskName="CI203 Submit IWOS"/></taskActivityMappings></tasks14><tasks15><taskTemplateObj><taskTemplateObj0 taskTemplateCategory="PM" taskTemplateName="Send Message Prepare (CI116)"/></taskTemplateObj><taskOrderWithinGroup>16</taskOrderWithinGroup><taskWeightageInGroup>0.36</taskWeightageInGroup><planStartTime>1</planStartTime><timeToExecute>1</timeToExecute><manHours>1</manHours><apiContext></apiContext><methodType></methodType><visibleToNotificationEnable>false</visibleToNotificationEnable><mandatory>false</mandatory><assigneeEnable>true</assigneeEnable><recallOwnerEnable>false</recallOwnerEnable><workGroupEnable>false</workGroupEnable><apiUrl></apiUrl><customApiToCall>false</customApiToCall><recallRollList></recallRollList><recallRestart></recallRestart><woActivityId></woActivityId><reassign>false</reassign><assignedFrom>All Roles</assignedFrom><assignedTo></assignedTo><slaIdentifier></slaIdentifier><mileStoneStage></mileStoneStage><billable>false</billable><taskConfiguration>FULLY_CONFIGURED</taskConfiguration><priorityObj><priorityObj0 priorityName="Medium" priorityType="PROJECTTASK"/></priorityObj><templateNotificationList></templateNotificationList><templateTaskExecutionCategoryList></templateTaskExecutionCategoryList><taskActivityMappings><taskActivityMappings0 actionTooDo="" actionVisibleOn="BOTH" checkListAction="" completionPercentage="100.0" contextJson="" defaultAssignee="" displayViewName="" isAcquire="false" isBulkReview="false" isOnSite="false" isReview="false" isValidate="false" isViewable="false" moduleStage="" roleList="All Roles" siteStage="" siteStatus="" taskActionName="Complete" taskActionNameIcon="Like-Outline" taskStatus="" viewName="" workflowId="WSTransportMTFinal535_Copy:4:42172382" workflowTaskId="Activity_0joa6ys" workflowTaskName="Send Message Prepare (CI116)"/></taskActivityMappings></tasks15></tasks></groups0></groups><templateDependencyList><templateDependencyList0><leadTime>1</leadTime><hardDependency>false</hardDependency><dependencyType>FS</dependencyType><dependentGroupName>Transport WO</dependentGroupName><dependsUponGroupName>Transport WO</dependsUponGroupName><dependentTaskName>RE095 Receive Fronthaul F.TNTP</dependentTaskName><dependsUponTaskName>RE098 Conduct Initial Transport F.W</dependsUponTaskName></templateDependencyList0></templateDependencyList></xml>