<?xml version="1.0" encoding="UTF-8"?><xml><projectTemplateName>WS Integration Minor</projectTemplateName><projectTemplateCategory></projectTemplateCategory><projectTemplateProcessList><projectTemplateProcessList0><processDefinitionId>Process_1_437736:4:eed4dbc1-e697-11ec-b63f-d65dada80a07</processDefinitionId><associatedWorkflowName>WS_Integration_Minor</associatedWorkflowName></projectTemplateProcessList0></projectTemplateProcessList><status>DRAFT</status><siteType>Default</siteType><band></band><label></label><woidPrefix>WSIMI</woidPrefix><nominal></nominal><instantiationType>MULTIPLE</instantiationType><technologyName>Wireless</technologyName><timeBase>DAYS</timeBase><templateType>LOCAL</templateType><groups><groups0><groupTemplateName>WS Integration Minor</groupTemplateName><groupTemplateWeightage>100.0</groupTemplateWeightage><groupTemplateStartTime></groupTemplateStartTime><groupTemplateDuration>4</groupTemplateDuration><tasks><tasks0><taskTemplateObj><taskTemplateObj0 taskTemplateCategory="PM" taskTemplateName="Complete e-Node B Integration"/></taskTemplateObj><taskOrderWithinGroup>1</taskOrderWithinGroup><taskWeightageInGroup>25.0</taskWeightageInGroup><planStartTime>1</planStartTime><timeToExecute>1</timeToExecute><apiContext></apiContext><methodType></methodType><visibleToNotificationEnable>false</visibleToNotificationEnable><mandatory>false</mandatory><assigneeEnable>false</assigneeEnable><recallOwnerEnable>false</recallOwnerEnable><workGroupEnable>false</workGroupEnable><apiUrl></apiUrl><apiJson></apiJson><customApiToCall>false</customApiToCall><recallRollList></recallRollList><recallRestart></recallRestart><woActivityId></woActivityId><slaIdentifier></slaIdentifier><mileStoneStage></mileStoneStage><taskConfiguration>FULLY_CONFIGURED</taskConfiguration><taskCode>5460T</taskCode><taskOrder>1</taskOrder><priorityObj><priorityObj0 priorityName="Medium" priorityType="PROJECTTASK"/></priorityObj><templateNotificationList></templateNotificationList><templateTaskExecutionCategoryList></templateTaskExecutionCategoryList><taskActivityMappings><taskActivityMappings0 actionTooDo="" actionVisibleOn="BOTH" allocated="Supplier" allocator="" checkListAction="" completionMessage="" completionPercentage="100.0" contextJson="" defaultAssignee="" displayViewName="" integration="false" isAcquire="false" isBulkReview="false" isOnSite="false" isReview="false" isValidate="false" isViewable="false" moduleStage="" reassign="false" roleList="Supplier" siteStage="" siteStatus="" skip="false" taskActionName="Complete" taskActionNameIcon="Like-Outline" taskStatus="" viewName="" workflowId="Process_1_437736:4:eed4dbc1-e697-11ec-b63f-d65dada80a07" workflowTaskId="Activity_0zuymvm" workflowTaskName="Complete e-Node B Integration"/></taskActivityMappings></tasks0><tasks1><taskTemplateObj><taskTemplateObj0 taskTemplateCategory="MILESTONE" taskTemplateName="e-Node B Integration Completed"/></taskTemplateObj><taskOrderWithinGroup>2</taskOrderWithinGroup><taskWeightageInGroup>0.0</taskWeightageInGroup><planStartTime>1</planStartTime><timeToExecute></timeToExecute><apiContext></apiContext><methodType></methodType><visibleToNotificationEnable>false</visibleToNotificationEnable><mandatory>false</mandatory><assigneeEnable>false</assigneeEnable><recallOwnerEnable>false</recallOwnerEnable><workGroupEnable>false</workGroupEnable><apiUrl></apiUrl><apiJson></apiJson><customApiToCall>false</customApiToCall><recallRollList></recallRollList><recallRestart></recallRestart><woActivityId></woActivityId><slaIdentifier></slaIdentifier><mileStoneStage>PROJECT,SITE,JOB</mileStoneStage><taskConfiguration>FULLY_CONFIGURED</taskConfiguration><taskCode>5460M</taskCode><taskOrder>2</taskOrder><priorityObj><priorityObj0 priorityName="Medium" priorityType="PROJECTTASK"/></priorityObj><templateNotificationList></templateNotificationList><templateTaskExecutionCategoryList></templateTaskExecutionCategoryList><taskActivityMappings/></tasks1><tasks2><taskTemplateObj><taskTemplateObj0 taskTemplateCategory="PM" taskTemplateName="Complete Turn Up"/></taskTemplateObj><taskOrderWithinGroup>3</taskOrderWithinGroup><taskWeightageInGroup>25.0</taskWeightageInGroup><planStartTime>1</planStartTime><timeToExecute>1</timeToExecute><apiContext></apiContext><methodType></methodType><visibleToNotificationEnable>false</visibleToNotificationEnable><mandatory>false</mandatory><assigneeEnable>false</assigneeEnable><recallOwnerEnable>false</recallOwnerEnable><workGroupEnable>false</workGroupEnable><apiUrl></apiUrl><apiJson></apiJson><customApiToCall>false</customApiToCall><recallRollList></recallRollList><recallRestart></recallRestart><woActivityId></woActivityId><slaIdentifier></slaIdentifier><mileStoneStage></mileStoneStage><taskConfiguration>FULLY_CONFIGURED</taskConfiguration><taskCode>5482T</taskCode><taskOrder>3</taskOrder><priorityObj><priorityObj0 priorityName="Medium" priorityType="PROJECTTASK"/></priorityObj><templateNotificationList></templateNotificationList><templateTaskExecutionCategoryList></templateTaskExecutionCategoryList><taskActivityMappings><taskActivityMappings0 actionTooDo="" actionVisibleOn="BOTH" allocated="PM" allocator="" checkListAction="" completionMessage="" completionPercentage="100.0" contextJson="" defaultAssignee="" displayViewName="" integration="false" isAcquire="false" isBulkReview="false" isOnSite="false" isReview="false" isValidate="false" isViewable="false" moduleStage="" reassign="false" roleList="PM" siteStage="" siteStatus="" skip="false" taskActionName="Complete" taskActionNameIcon="Like-Outline" taskStatus="" viewName="" workflowId="Process_1_437736:4:eed4dbc1-e697-11ec-b63f-d65dada80a07" workflowTaskId="Activity_0w596zf" workflowTaskName="Complete Turn Up"/></taskActivityMappings></tasks2><tasks3><taskTemplateObj><taskTemplateObj0 taskTemplateCategory="MILESTONE" taskTemplateName="Turn Up Completed"/></taskTemplateObj><taskOrderWithinGroup>4</taskOrderWithinGroup><taskWeightageInGroup>0.0</taskWeightageInGroup><planStartTime>1</planStartTime><timeToExecute></timeToExecute><apiContext></apiContext><methodType></methodType><visibleToNotificationEnable>false</visibleToNotificationEnable><mandatory>false</mandatory><assigneeEnable>false</assigneeEnable><recallOwnerEnable>false</recallOwnerEnable><workGroupEnable>false</workGroupEnable><apiUrl></apiUrl><apiJson></apiJson><customApiToCall>false</customApiToCall><recallRollList></recallRollList><recallRestart></recallRestart><woActivityId></woActivityId><slaIdentifier></slaIdentifier><mileStoneStage>PROJECT,SITE,JOB</mileStoneStage><taskConfiguration>FULLY_CONFIGURED</taskConfiguration><taskCode>5482M</taskCode><taskOrder>4</taskOrder><priorityObj><priorityObj0 priorityName="Medium" priorityType="PROJECTTASK"/></priorityObj><templateNotificationList></templateNotificationList><templateTaskExecutionCategoryList></templateTaskExecutionCategoryList><taskActivityMappings/></tasks3><tasks4><taskTemplateObj><taskTemplateObj0 taskTemplateCategory="PM" taskTemplateName="Integration/Optimization Vendor True-Up Complete"/></taskTemplateObj><taskOrderWithinGroup>5</taskOrderWithinGroup><taskWeightageInGroup>25.0</taskWeightageInGroup><planStartTime>1</planStartTime><timeToExecute>1</timeToExecute><apiContext></apiContext><methodType></methodType><visibleToNotificationEnable>false</visibleToNotificationEnable><mandatory>false</mandatory><assigneeEnable>false</assigneeEnable><recallOwnerEnable>false</recallOwnerEnable><workGroupEnable>false</workGroupEnable><apiUrl></apiUrl><apiJson></apiJson><customApiToCall>false</customApiToCall><recallRollList></recallRollList><recallRestart></recallRestart><woActivityId></woActivityId><slaIdentifier></slaIdentifier><mileStoneStage></mileStoneStage><taskConfiguration>FULLY_CONFIGURED</taskConfiguration><taskCode>5640T</taskCode><taskOrder>5</taskOrder><priorityObj><priorityObj0 priorityName="Medium" priorityType="PROJECTTASK"/></priorityObj><templateNotificationList></templateNotificationList><templateTaskExecutionCategoryList></templateTaskExecutionCategoryList><taskActivityMappings><taskActivityMappings0 actionTooDo="" actionVisibleOn="BOTH" allocated="PM" allocator="" checkListAction="" completionMessage="" completionPercentage="100.0" contextJson="" defaultAssignee="" displayViewName="" integration="false" isAcquire="false" isBulkReview="false" isOnSite="false" isReview="false" isValidate="false" isViewable="false" moduleStage="" reassign="false" roleList="PM" siteStage="" siteStatus="" skip="false" taskActionName="Complete" taskActionNameIcon="Like-Outline" taskStatus="" viewName="" workflowId="Process_1_437736:4:eed4dbc1-e697-11ec-b63f-d65dada80a07" workflowTaskId="Activity_0ymy0ma" workflowTaskName="Integration/Optimization Vendor True-Up Complete"/></taskActivityMappings></tasks4><tasks5><taskTemplateObj><taskTemplateObj0 taskTemplateCategory="PM" taskTemplateName="Optimization Complete/Final Integrtn-Vendor Accept"/></taskTemplateObj><taskOrderWithinGroup>6</taskOrderWithinGroup><taskWeightageInGroup>25.0</taskWeightageInGroup><planStartTime>1</planStartTime><timeToExecute>1</timeToExecute><apiContext></apiContext><methodType></methodType><visibleToNotificationEnable>false</visibleToNotificationEnable><mandatory>false</mandatory><assigneeEnable>false</assigneeEnable><recallOwnerEnable>false</recallOwnerEnable><workGroupEnable>false</workGroupEnable><apiUrl></apiUrl><apiJson></apiJson><customApiToCall>false</customApiToCall><recallRollList></recallRollList><recallRestart></recallRestart><woActivityId></woActivityId><slaIdentifier></slaIdentifier><mileStoneStage></mileStoneStage><taskConfiguration>FULLY_CONFIGURED</taskConfiguration><taskCode>5660T</taskCode><taskOrder>6</taskOrder><priorityObj><priorityObj0 priorityName="Medium" priorityType="PROJECTTASK"/></priorityObj><templateNotificationList></templateNotificationList><templateTaskExecutionCategoryList></templateTaskExecutionCategoryList><taskActivityMappings><taskActivityMappings0 actionTooDo="" actionVisibleOn="BOTH" allocated="PM" allocator="" checkListAction="" completionMessage="" completionPercentage="100.0" contextJson="" defaultAssignee="" displayViewName="" integration="false" isAcquire="false" isBulkReview="false" isOnSite="false" isReview="false" isValidate="false" isViewable="false" moduleStage="" reassign="false" roleList="PM" siteStage="" siteStatus="" skip="false" taskActionName="Complete" taskActionNameIcon="Like-Outline" taskStatus="" viewName="" workflowId="Process_1_437736:4:eed4dbc1-e697-11ec-b63f-d65dada80a07" workflowTaskId="Activity_16nd3fu" workflowTaskName="Optimization Complete/Final Integrtn-Vendor Accept"/></taskActivityMappings></tasks5><tasks6><taskTemplateObj><taskTemplateObj0 taskTemplateCategory="MILESTONE" taskTemplateName="Optimization Complete and Final Integration"/></taskTemplateObj><taskOrderWithinGroup>7</taskOrderWithinGroup><taskWeightageInGroup>0.0</taskWeightageInGroup><planStartTime>1</planStartTime><timeToExecute></timeToExecute><apiContext></apiContext><methodType></methodType><visibleToNotificationEnable>false</visibleToNotificationEnable><mandatory>false</mandatory><assigneeEnable>false</assigneeEnable><recallOwnerEnable>false</recallOwnerEnable><workGroupEnable>false</workGroupEnable><apiUrl></apiUrl><apiJson></apiJson><customApiToCall>false</customApiToCall><recallRollList></recallRollList><recallRestart></recallRestart><woActivityId></woActivityId><slaIdentifier></slaIdentifier><mileStoneStage>PROJECT,SITE,JOB</mileStoneStage><taskConfiguration>FULLY_CONFIGURED</taskConfiguration><taskCode>5660M</taskCode><taskOrder>7</taskOrder><priorityObj><priorityObj0 priorityName="Medium" priorityType="PROJECTTASK"/></priorityObj><templateNotificationList></templateNotificationList><templateTaskExecutionCategoryList></templateTaskExecutionCategoryList><taskActivityMappings/></tasks6></tasks></groups0></groups><templateDependencyList/></xml>