<?xml version="1.0" encoding="UTF-8"?><xml><projectTemplateName>WS Integration NHTA</projectTemplateName><projectTemplateCategory></projectTemplateCategory><projectTemplateProcessList><projectTemplateProcessList0><processDefinitionId>Process_1_699313:7:fb523667-e733-11ec-b63f-d65dada80a07</processDefinitionId><associatedWorkflowName>WS_Integration_NHTA</associatedWorkflowName></projectTemplateProcessList0></projectTemplateProcessList><status>DRAFT</status><siteType>Default</siteType><band></band><label></label><woidPrefix>WSINH</woidPrefix><nominal></nominal><instantiationType>MULTIPLE</instantiationType><technologyName>Wireless</technologyName><timeBase>DAYS</timeBase><templateType>LOCAL</templateType><groups><groups0><groupTemplateName>WS Integration NHTA</groupTemplateName><groupTemplateWeightage>100.0</groupTemplateWeightage><groupTemplateStartTime></groupTemplateStartTime><groupTemplateDuration>9</groupTemplateDuration><tasks><tasks0><taskTemplateObj><taskTemplateObj0 taskTemplateCategory="PM" taskTemplateName="Approve TA-2"/></taskTemplateObj><taskOrderWithinGroup>1</taskOrderWithinGroup><taskWeightageInGroup>11.11</taskWeightageInGroup><planStartTime>1</planStartTime><timeToExecute>1</timeToExecute><apiContext></apiContext><methodType></methodType><visibleToNotificationEnable>false</visibleToNotificationEnable><mandatory>false</mandatory><assigneeEnable>false</assigneeEnable><recallOwnerEnable>false</recallOwnerEnable><workGroupEnable>false</workGroupEnable><apiUrl></apiUrl><apiJson></apiJson><customApiToCall>false</customApiToCall><recallRollList></recallRollList><recallRestart></recallRestart><woActivityId></woActivityId><slaIdentifier></slaIdentifier><mileStoneStage></mileStoneStage><taskConfiguration>FULLY_CONFIGURED</taskConfiguration><taskCode>2814T</taskCode><taskOrder>1</taskOrder><priorityObj><priorityObj0 priorityName="Medium" priorityType="PROJECTTASK"/></priorityObj><templateNotificationList></templateNotificationList><templateTaskExecutionCategoryList></templateTaskExecutionCategoryList><taskActivityMappings><taskActivityMappings0 actionTooDo="" actionVisibleOn="BOTH" allocated="National RAN iPMO" allocator="" checkListAction="" completionMessage="" completionPercentage="100.0" contextJson="" defaultAssignee="" displayViewName="" integration="false" isAcquire="false" isBulkReview="false" isOnSite="false" isReview="false" isValidate="false" isViewable="false" moduleStage="" reassign="false" roleList="National RAN iPMO" siteStage="" siteStatus="" skip="false" taskActionName="Complete" taskActionNameIcon="Like-Outline" taskStatus="" viewName="" workflowId="Process_1_699313:7:fb523667-e733-11ec-b63f-d65dada80a07" workflowTaskId="Activity_0ejzi23" workflowTaskName="Approve TA-2"/></taskActivityMappings></tasks0><tasks1><taskTemplateObj><taskTemplateObj0 taskTemplateCategory="PM" taskTemplateName="Approve Design"/></taskTemplateObj><taskOrderWithinGroup>2</taskOrderWithinGroup><taskWeightageInGroup>11.11</taskWeightageInGroup><planStartTime>1</planStartTime><timeToExecute>1</timeToExecute><apiContext></apiContext><methodType></methodType><visibleToNotificationEnable>false</visibleToNotificationEnable><mandatory>false</mandatory><assigneeEnable>false</assigneeEnable><recallOwnerEnable>false</recallOwnerEnable><workGroupEnable>false</workGroupEnable><apiUrl></apiUrl><apiJson></apiJson><customApiToCall>false</customApiToCall><recallRollList></recallRollList><recallRestart></recallRestart><woActivityId></woActivityId><slaIdentifier></slaIdentifier><mileStoneStage></mileStoneStage><taskConfiguration>FULLY_CONFIGURED</taskConfiguration><taskCode>2815T</taskCode><taskOrder>2</taskOrder><priorityObj><priorityObj0 priorityName="Medium" priorityType="PROJECTTASK"/></priorityObj><templateNotificationList></templateNotificationList><templateTaskExecutionCategoryList></templateTaskExecutionCategoryList><taskActivityMappings><taskActivityMappings0 actionTooDo="" actionVisibleOn="BOTH" allocated="PM" allocator="" checkListAction="" completionMessage="" completionPercentage="100.0" contextJson="" defaultAssignee="" displayViewName="" integration="false" isAcquire="false" isBulkReview="false" isOnSite="false" isReview="false" isValidate="false" isViewable="false" moduleStage="" reassign="false" roleList="PM" siteStage="" siteStatus="" skip="false" taskActionName="Complete" taskActionNameIcon="Like-Outline" taskStatus="" viewName="" workflowId="Process_1_699313:7:fb523667-e733-11ec-b63f-d65dada80a07" workflowTaskId="Activity_1p2gb2l" workflowTaskName="Approve Design"/></taskActivityMappings></tasks1><tasks2><taskTemplateObj><taskTemplateObj0 taskTemplateCategory="PM" taskTemplateName="Equipment Call Out OEM"/></taskTemplateObj><taskOrderWithinGroup>3</taskOrderWithinGroup><taskWeightageInGroup>11.11</taskWeightageInGroup><planStartTime>1</planStartTime><timeToExecute>1</timeToExecute><apiContext></apiContext><methodType></methodType><visibleToNotificationEnable>false</visibleToNotificationEnable><mandatory>false</mandatory><assigneeEnable>false</assigneeEnable><recallOwnerEnable>false</recallOwnerEnable><workGroupEnable>false</workGroupEnable><apiUrl></apiUrl><apiJson></apiJson><customApiToCall>false</customApiToCall><recallRollList></recallRollList><recallRestart></recallRestart><woActivityId></woActivityId><slaIdentifier></slaIdentifier><mileStoneStage></mileStoneStage><taskConfiguration>FULLY_CONFIGURED</taskConfiguration><taskCode>4230T</taskCode><taskOrder>3</taskOrder><priorityObj><priorityObj0 priorityName="Medium" priorityType="PROJECTTASK"/></priorityObj><templateNotificationList></templateNotificationList><templateTaskExecutionCategoryList></templateTaskExecutionCategoryList><taskActivityMappings><taskActivityMappings0 actionTooDo="" actionVisibleOn="BOTH" allocated="Equipment Engineer" allocator="" checkListAction="" completionMessage="" completionPercentage="100.0" contextJson="" defaultAssignee="" displayViewName="" integration="false" isAcquire="false" isBulkReview="false" isOnSite="false" isReview="false" isValidate="false" isViewable="false" moduleStage="" reassign="false" roleList="Equipment Engineer" siteStage="" siteStatus="" skip="false" taskActionName="Complete" taskActionNameIcon="Like-Outline" taskStatus="" viewName="" workflowId="Process_1_699313:7:fb523667-e733-11ec-b63f-d65dada80a07" workflowTaskId="Activity_1dp5d6b" workflowTaskName="Equipment Call Out OEM"/></taskActivityMappings></tasks2><tasks3><taskTemplateObj><taskTemplateObj0 taskTemplateCategory="PM" taskTemplateName="Deliver OEM Equipment to Crossdock"/></taskTemplateObj><taskOrderWithinGroup>4</taskOrderWithinGroup><taskWeightageInGroup>11.11</taskWeightageInGroup><planStartTime>1</planStartTime><timeToExecute>1</timeToExecute><apiContext></apiContext><methodType></methodType><visibleToNotificationEnable>false</visibleToNotificationEnable><mandatory>false</mandatory><assigneeEnable>false</assigneeEnable><recallOwnerEnable>false</recallOwnerEnable><workGroupEnable>false</workGroupEnable><apiUrl></apiUrl><apiJson></apiJson><customApiToCall>false</customApiToCall><recallRollList></recallRollList><recallRestart></recallRestart><woActivityId></woActivityId><slaIdentifier></slaIdentifier><mileStoneStage></mileStoneStage><taskConfiguration>FULLY_CONFIGURED</taskConfiguration><taskCode>4270T</taskCode><taskOrder>4</taskOrder><priorityObj><priorityObj0 priorityName="Medium" priorityType="PROJECTTASK"/></priorityObj><templateNotificationList></templateNotificationList><templateTaskExecutionCategoryList></templateTaskExecutionCategoryList><taskActivityMappings><taskActivityMappings0 actionTooDo="" actionVisibleOn="BOTH" allocated="Equipment Engineer" allocator="" checkListAction="" completionMessage="" completionPercentage="100.0" contextJson="" defaultAssignee="" displayViewName="" integration="false" isAcquire="false" isBulkReview="false" isOnSite="false" isReview="false" isValidate="false" isViewable="false" moduleStage="" reassign="false" roleList="Equipment Engineer" siteStage="" siteStatus="" skip="false" taskActionName="Complete" taskActionNameIcon="Like-Outline" taskStatus="" viewName="" workflowId="Process_1_699313:7:fb523667-e733-11ec-b63f-d65dada80a07" workflowTaskId="Activity_0r3984v" workflowTaskName="Deliver OEM Equipment to Crossdock"/></taskActivityMappings></tasks3><tasks4><taskTemplateObj><taskTemplateObj0 taskTemplateCategory="MILESTONE" taskTemplateName="OEM Equipment Delivered to Crossdock"/></taskTemplateObj><taskOrderWithinGroup>5</taskOrderWithinGroup><taskWeightageInGroup>0.0</taskWeightageInGroup><planStartTime>1</planStartTime><timeToExecute></timeToExecute><apiContext></apiContext><methodType></methodType><visibleToNotificationEnable>false</visibleToNotificationEnable><mandatory>false</mandatory><assigneeEnable>false</assigneeEnable><recallOwnerEnable>false</recallOwnerEnable><workGroupEnable>false</workGroupEnable><apiUrl></apiUrl><apiJson></apiJson><customApiToCall>false</customApiToCall><recallRollList></recallRollList><recallRestart></recallRestart><woActivityId></woActivityId><slaIdentifier></slaIdentifier><mileStoneStage>PROJECT,SITE,JOB</mileStoneStage><taskConfiguration>FULLY_CONFIGURED</taskConfiguration><taskCode>4270M</taskCode><taskOrder>5</taskOrder><priorityObj><priorityObj0 priorityName="Medium" priorityType="PROJECTTASK"/></priorityObj><templateNotificationList></templateNotificationList><templateTaskExecutionCategoryList></templateTaskExecutionCategoryList><taskActivityMappings/></tasks4><tasks5><taskTemplateObj><taskTemplateObj0 taskTemplateCategory="PM" taskTemplateName="Complete Alarming and Monitoring"/></taskTemplateObj><taskOrderWithinGroup>6</taskOrderWithinGroup><taskWeightageInGroup>11.11</taskWeightageInGroup><planStartTime>1</planStartTime><timeToExecute>1</timeToExecute><apiContext></apiContext><methodType></methodType><visibleToNotificationEnable>false</visibleToNotificationEnable><mandatory>false</mandatory><assigneeEnable>false</assigneeEnable><recallOwnerEnable>false</recallOwnerEnable><workGroupEnable>false</workGroupEnable><apiUrl></apiUrl><apiJson></apiJson><customApiToCall>false</customApiToCall><recallRollList></recallRollList><recallRestart></recallRestart><woActivityId></woActivityId><slaIdentifier></slaIdentifier><mileStoneStage></mileStoneStage><taskConfiguration>FULLY_CONFIGURED</taskConfiguration><taskCode>4620T</taskCode><taskOrder>6</taskOrder><priorityObj><priorityObj0 priorityName="Medium" priorityType="PROJECTTASK"/></priorityObj><templateNotificationList></templateNotificationList><templateTaskExecutionCategoryList></templateTaskExecutionCategoryList><taskActivityMappings><taskActivityMappings0 actionTooDo="" actionVisibleOn="BOTH" allocated="PM" allocator="" checkListAction="" completionMessage="" completionPercentage="100.0" contextJson="" defaultAssignee="" displayViewName="" integration="false" isAcquire="false" isBulkReview="false" isOnSite="false" isReview="false" isValidate="false" isViewable="false" moduleStage="" reassign="false" roleList="PM" siteStage="" siteStatus="" skip="false" taskActionName="Complete" taskActionNameIcon="Like-Outline" taskStatus="" viewName="" workflowId="Process_1_699313:7:fb523667-e733-11ec-b63f-d65dada80a07" workflowTaskId="Activity_1whq5e1" workflowTaskName="Complete Alarming and Monitoring"/></taskActivityMappings></tasks5><tasks6><taskTemplateObj><taskTemplateObj0 taskTemplateCategory="PM" taskTemplateName="Accept Operation/Quality and Video Closeout"/></taskTemplateObj><taskOrderWithinGroup>7</taskOrderWithinGroup><taskWeightageInGroup>11.11</taskWeightageInGroup><planStartTime>1</planStartTime><timeToExecute>1</timeToExecute><apiContext></apiContext><methodType></methodType><visibleToNotificationEnable>false</visibleToNotificationEnable><mandatory>false</mandatory><assigneeEnable>false</assigneeEnable><recallOwnerEnable>false</recallOwnerEnable><workGroupEnable>false</workGroupEnable><apiUrl></apiUrl><apiJson></apiJson><customApiToCall>false</customApiToCall><recallRollList></recallRollList><recallRestart></recallRestart><woActivityId></woActivityId><slaIdentifier></slaIdentifier><mileStoneStage></mileStoneStage><taskConfiguration>FULLY_CONFIGURED</taskConfiguration><taskCode>5820T</taskCode><taskOrder>7</taskOrder><priorityObj><priorityObj0 priorityName="Medium" priorityType="PROJECTTASK"/></priorityObj><templateNotificationList></templateNotificationList><templateTaskExecutionCategoryList></templateTaskExecutionCategoryList><taskActivityMappings><taskActivityMappings0 actionTooDo="" actionVisibleOn="BOTH" allocated="Close-Out Auditor" allocator="" checkListAction="" completionMessage="" completionPercentage="100.0" contextJson="" defaultAssignee="" displayViewName="" integration="false" isAcquire="false" isBulkReview="false" isOnSite="false" isReview="false" isValidate="false" isViewable="false" moduleStage="" reassign="false" roleList="Close-Out Auditor" siteStage="" siteStatus="" skip="false" taskActionName="Complete" taskActionNameIcon="Like-Outline" taskStatus="" viewName="" workflowId="Process_1_699313:7:fb523667-e733-11ec-b63f-d65dada80a07" workflowTaskId="Activity_1km2fm7" workflowTaskName="Accept Operation/Quality and Video Closeout"/></taskActivityMappings></tasks6><tasks7><taskTemplateObj><taskTemplateObj0 taskTemplateCategory="PM" taskTemplateName="Site On-Air"/></taskTemplateObj><taskOrderWithinGroup>8</taskOrderWithinGroup><taskWeightageInGroup>11.11</taskWeightageInGroup><planStartTime>1</planStartTime><timeToExecute>1</timeToExecute><apiContext></apiContext><methodType></methodType><visibleToNotificationEnable>false</visibleToNotificationEnable><mandatory>false</mandatory><assigneeEnable>false</assigneeEnable><recallOwnerEnable>false</recallOwnerEnable><workGroupEnable>false</workGroupEnable><apiUrl></apiUrl><apiJson></apiJson><customApiToCall>false</customApiToCall><recallRollList></recallRollList><recallRestart></recallRestart><woActivityId></woActivityId><slaIdentifier></slaIdentifier><mileStoneStage></mileStoneStage><taskConfiguration>FULLY_CONFIGURED</taskConfiguration><taskCode>5483T</taskCode><taskOrder>8</taskOrder><priorityObj><priorityObj0 priorityName="Medium" priorityType="PROJECTTASK"/></priorityObj><templateNotificationList></templateNotificationList><templateTaskExecutionCategoryList></templateTaskExecutionCategoryList><taskActivityMappings><taskActivityMappings0 actionTooDo="" actionVisibleOn="BOTH" allocated="RF Engineer" allocator="" checkListAction="" completionMessage="" completionPercentage="100.0" contextJson="" defaultAssignee="" displayViewName="" integration="false" isAcquire="false" isBulkReview="false" isOnSite="false" isReview="false" isValidate="false" isViewable="false" moduleStage="" reassign="false" roleList="RF Engineer" siteStage="" siteStatus="" skip="false" taskActionName="Complete" taskActionNameIcon="Like-Outline" taskStatus="" viewName="" workflowId="Process_1_699313:7:fb523667-e733-11ec-b63f-d65dada80a07" workflowTaskId="Activity_0326gp0" workflowTaskName="Site On-Air"/></taskActivityMappings></tasks7><tasks8><taskTemplateObj><taskTemplateObj0 taskTemplateCategory="MILESTONE" taskTemplateName="Site On Air"/></taskTemplateObj><taskOrderWithinGroup>9</taskOrderWithinGroup><taskWeightageInGroup>0.0</taskWeightageInGroup><planStartTime>1</planStartTime><timeToExecute></timeToExecute><apiContext></apiContext><methodType></methodType><visibleToNotificationEnable>false</visibleToNotificationEnable><mandatory>false</mandatory><assigneeEnable>false</assigneeEnable><recallOwnerEnable>false</recallOwnerEnable><workGroupEnable>false</workGroupEnable><apiUrl></apiUrl><apiJson></apiJson><customApiToCall>false</customApiToCall><recallRollList></recallRollList><recallRestart></recallRestart><woActivityId></woActivityId><slaIdentifier></slaIdentifier><mileStoneStage>PROJECT,SITE,JOB</mileStoneStage><taskConfiguration>FULLY_CONFIGURED</taskConfiguration><taskCode>5483M</taskCode><taskOrder>9</taskOrder><priorityObj><priorityObj0 priorityName="Medium" priorityType="PROJECTTASK"/></priorityObj><templateNotificationList></templateNotificationList><templateTaskExecutionCategoryList></templateTaskExecutionCategoryList><taskActivityMappings/></tasks8><tasks9><taskTemplateObj><taskTemplateObj0 taskTemplateCategory="PM" taskTemplateName="Complete TA-3 RF Final Acceptance"/></taskTemplateObj><taskOrderWithinGroup>10</taskOrderWithinGroup><taskWeightageInGroup>11.11</taskWeightageInGroup><planStartTime>1</planStartTime><timeToExecute>1</timeToExecute><apiContext></apiContext><methodType></methodType><visibleToNotificationEnable>false</visibleToNotificationEnable><mandatory>false</mandatory><assigneeEnable>false</assigneeEnable><recallOwnerEnable>false</recallOwnerEnable><workGroupEnable>false</workGroupEnable><apiUrl></apiUrl><apiJson></apiJson><customApiToCall>false</customApiToCall><recallRollList></recallRollList><recallRestart></recallRestart><woActivityId></woActivityId><slaIdentifier></slaIdentifier><mileStoneStage></mileStoneStage><taskConfiguration>FULLY_CONFIGURED</taskConfiguration><taskCode>5491T</taskCode><taskOrder>10</taskOrder><priorityObj><priorityObj0 priorityName="Medium" priorityType="PROJECTTASK"/></priorityObj><templateNotificationList></templateNotificationList><templateTaskExecutionCategoryList></templateTaskExecutionCategoryList><taskActivityMappings><taskActivityMappings0 actionTooDo="" actionVisibleOn="BOTH" allocated="National RAN iPMO" allocator="" checkListAction="" completionMessage="" completionPercentage="100.0" contextJson="" defaultAssignee="" displayViewName="" integration="false" isAcquire="false" isBulkReview="false" isOnSite="false" isReview="false" isValidate="false" isViewable="false" moduleStage="" reassign="false" roleList="National RAN iPMO" siteStage="" siteStatus="" skip="false" taskActionName="Complete" taskActionNameIcon="Like-Outline" taskStatus="" viewName="" workflowId="Process_1_699313:7:fb523667-e733-11ec-b63f-d65dada80a07" workflowTaskId="Activity_0u9y470" workflowTaskName="Complete TA-3 RF Final Acceptance"/></taskActivityMappings></tasks9><tasks10><taskTemplateObj><taskTemplateObj0 taskTemplateCategory="PM" taskTemplateName="Receive RF Approval"/></taskTemplateObj><taskOrderWithinGroup>11</taskOrderWithinGroup><taskWeightageInGroup>11.12</taskWeightageInGroup><planStartTime>1</planStartTime><timeToExecute>1</timeToExecute><apiContext></apiContext><methodType></methodType><visibleToNotificationEnable>false</visibleToNotificationEnable><mandatory>false</mandatory><assigneeEnable>false</assigneeEnable><recallOwnerEnable>false</recallOwnerEnable><workGroupEnable>false</workGroupEnable><apiUrl></apiUrl><apiJson></apiJson><customApiToCall>false</customApiToCall><recallRollList></recallRollList><recallRestart></recallRestart><woActivityId></woActivityId><slaIdentifier></slaIdentifier><mileStoneStage></mileStoneStage><taskConfiguration>FULLY_CONFIGURED</taskConfiguration><taskCode>5490T</taskCode><taskOrder>11</taskOrder><priorityObj><priorityObj0 priorityName="Medium" priorityType="PROJECTTASK"/></priorityObj><templateNotificationList></templateNotificationList><templateTaskExecutionCategoryList></templateTaskExecutionCategoryList><taskActivityMappings><taskActivityMappings0 actionTooDo="" actionVisibleOn="BOTH" allocated="RF Engineer" allocator="" checkListAction="" completionMessage="" completionPercentage="100.0" contextJson="" defaultAssignee="" displayViewName="" integration="false" isAcquire="false" isBulkReview="false" isOnSite="false" isReview="false" isValidate="false" isViewable="false" moduleStage="" reassign="false" roleList="RF Engineer" siteStage="" siteStatus="" skip="false" taskActionName="Complete" taskActionNameIcon="Like-Outline" taskStatus="" viewName="" workflowId="Process_1_699313:7:fb523667-e733-11ec-b63f-d65dada80a07" workflowTaskId="Activity_0a6rn9d" workflowTaskName="Receive RF Approval"/></taskActivityMappings></tasks10></tasks></groups0></groups><templateDependencyList/></xml>