<?xml version="1.0" encoding="UTF-8"?><xml><projectTemplateName>WS RealEstate Minor</projectTemplateName><projectTemplateCategory></projectTemplateCategory><projectTemplateProcessList><projectTemplateProcessList0><processDefinitionId>Process_1_960693:2:33ff7eb0-e68a-11ec-b63f-d65dada80a07</processDefinitionId><associatedWorkflowName>WS_RealEstate_Minor</associatedWorkflowName></projectTemplateProcessList0></projectTemplateProcessList><status>DRAFT</status><siteType>Default</siteType><band></band><label></label><woidPrefix>WSRMI</woidPrefix><nominal></nominal><instantiationType>MULTIPLE</instantiationType><technologyName>Wireless</technologyName><timeBase>DAYS</timeBase><templateType>LOCAL</templateType><groups><groups0><groupTemplateName>WS RealEstate Minor</groupTemplateName><groupTemplateWeightage>100.0</groupTemplateWeightage><groupTemplateStartTime></groupTemplateStartTime><groupTemplateDuration>3</groupTemplateDuration><tasks><tasks0><taskTemplateObj><taskTemplateObj0 taskTemplateCategory="PM" taskTemplateName="Sign Leasing Agreement / Amendment"/></taskTemplateObj><taskOrderWithinGroup>1</taskOrderWithinGroup><taskWeightageInGroup>33.33</taskWeightageInGroup><planStartTime>1</planStartTime><timeToExecute>1</timeToExecute><apiContext></apiContext><methodType></methodType><visibleToNotificationEnable>false</visibleToNotificationEnable><mandatory>false</mandatory><assigneeEnable>false</assigneeEnable><recallOwnerEnable>false</recallOwnerEnable><workGroupEnable>false</workGroupEnable><apiUrl></apiUrl><apiJson></apiJson><customApiToCall>false</customApiToCall><recallRollList></recallRollList><recallRestart></recallRestart><woActivityId></woActivityId><slaIdentifier></slaIdentifier><mileStoneStage></mileStoneStage><taskConfiguration>FULLY_CONFIGURED</taskConfiguration><taskCode>2460T</taskCode><taskOrder>1</taskOrder><priorityObj><priorityObj0 priorityName="Medium" priorityType="PROJECTTASK"/></priorityObj><templateNotificationList></templateNotificationList><templateTaskExecutionCategoryList></templateTaskExecutionCategoryList><taskActivityMappings><taskActivityMappings0 actionTooDo="" actionVisibleOn="BOTH" allocated="Supplier" allocator="" checkListAction="" completionMessage="" completionPercentage="100.0" contextJson="" defaultAssignee="" displayViewName="" integration="false" isAcquire="false" isBulkReview="false" isOnSite="false" isReview="false" isValidate="false" isViewable="false" moduleStage="" reassign="false" roleList="Supplier" siteStage="" siteStatus="" skip="false" taskActionName="Complete" taskActionNameIcon="Like-Outline" taskStatus="" viewName="" workflowId="Process_1_960693:2:33ff7eb0-e68a-11ec-b63f-d65dada80a07" workflowTaskId="Activity_1bciir7" workflowTaskName="Sign Leasing Agreement / Amendment"/></taskActivityMappings></tasks0><tasks1><taskTemplateObj><taskTemplateObj0 taskTemplateCategory="MILESTONE" taskTemplateName="Leasing Agreement or Amendment Signed"/></taskTemplateObj><taskOrderWithinGroup>2</taskOrderWithinGroup><taskWeightageInGroup>0.0</taskWeightageInGroup><planStartTime>10</planStartTime><timeToExecute></timeToExecute><apiContext></apiContext><methodType></methodType><visibleToNotificationEnable>false</visibleToNotificationEnable><mandatory>false</mandatory><assigneeEnable>false</assigneeEnable><recallOwnerEnable>false</recallOwnerEnable><workGroupEnable>false</workGroupEnable><apiUrl></apiUrl><apiJson></apiJson><customApiToCall>false</customApiToCall><recallRollList></recallRollList><recallRestart></recallRestart><woActivityId></woActivityId><slaIdentifier></slaIdentifier><mileStoneStage>PROJECT,SITE,JOB</mileStoneStage><taskConfiguration>FULLY_CONFIGURED</taskConfiguration><taskCode>2460M</taskCode><taskOrder>2</taskOrder><priorityObj><priorityObj0 priorityName="Medium" priorityType="PROJECTTASK"/></priorityObj><templateNotificationList></templateNotificationList><templateTaskExecutionCategoryList></templateTaskExecutionCategoryList><taskActivityMappings/></tasks1><tasks2><taskTemplateObj><taskTemplateObj0 taskTemplateCategory="PM" taskTemplateName="Complete Site Acquisition"/></taskTemplateObj><taskOrderWithinGroup>3</taskOrderWithinGroup><taskWeightageInGroup>33.33</taskWeightageInGroup><planStartTime>1</planStartTime><timeToExecute>1</timeToExecute><apiContext></apiContext><methodType></methodType><visibleToNotificationEnable>false</visibleToNotificationEnable><mandatory>false</mandatory><assigneeEnable>false</assigneeEnable><recallOwnerEnable>false</recallOwnerEnable><workGroupEnable>false</workGroupEnable><apiUrl></apiUrl><apiJson></apiJson><customApiToCall>false</customApiToCall><recallRollList></recallRollList><recallRestart></recallRestart><woActivityId></woActivityId><slaIdentifier></slaIdentifier><mileStoneStage></mileStoneStage><taskConfiguration>FULLY_CONFIGURED</taskConfiguration><taskCode>2850T</taskCode><taskOrder>3</taskOrder><priorityObj><priorityObj0 priorityName="Medium" priorityType="PROJECTTASK"/></priorityObj><templateNotificationList></templateNotificationList><templateTaskExecutionCategoryList></templateTaskExecutionCategoryList><taskActivityMappings><taskActivityMappings0 actionTooDo="" actionVisibleOn="BOTH" allocated="Supplier" allocator="" checkListAction="" completionMessage="" completionPercentage="100.0" contextJson="" defaultAssignee="" displayViewName="" integration="false" isAcquire="false" isBulkReview="false" isOnSite="false" isReview="false" isValidate="false" isViewable="false" moduleStage="" reassign="false" roleList="Supplier" siteStage="" siteStatus="" skip="false" taskActionName="Complete" taskActionNameIcon="Like-Outline" taskStatus="" viewName="" workflowId="Process_1_960693:2:33ff7eb0-e68a-11ec-b63f-d65dada80a07" workflowTaskId="Activity_0x0l87e" workflowTaskName="Complete Site Acquisition"/></taskActivityMappings></tasks2><tasks3><taskTemplateObj><taskTemplateObj0 taskTemplateCategory="MILESTONE" taskTemplateName="Site Acquisition Completed"/></taskTemplateObj><taskOrderWithinGroup>4</taskOrderWithinGroup><taskWeightageInGroup>0.0</taskWeightageInGroup><planStartTime>1</planStartTime><timeToExecute></timeToExecute><apiContext></apiContext><methodType></methodType><visibleToNotificationEnable>false</visibleToNotificationEnable><mandatory>false</mandatory><assigneeEnable>false</assigneeEnable><recallOwnerEnable>false</recallOwnerEnable><workGroupEnable>false</workGroupEnable><apiUrl></apiUrl><apiJson></apiJson><customApiToCall>false</customApiToCall><recallRollList></recallRollList><recallRestart></recallRestart><woActivityId></woActivityId><slaIdentifier></slaIdentifier><mileStoneStage>PROJECT,SITE,JOB</mileStoneStage><taskConfiguration>FULLY_CONFIGURED</taskConfiguration><taskCode>2850M</taskCode><taskOrder>4</taskOrder><priorityObj><priorityObj0 priorityName="Medium" priorityType="PROJECTTASK"/></priorityObj><templateNotificationList></templateNotificationList><templateTaskExecutionCategoryList></templateTaskExecutionCategoryList><taskActivityMappings/></tasks3><tasks4><taskTemplateObj><taskTemplateObj0 taskTemplateCategory="PM" taskTemplateName="Approve RF Compliance"/></taskTemplateObj><taskOrderWithinGroup>5</taskOrderWithinGroup><taskWeightageInGroup>33.34</taskWeightageInGroup><planStartTime>1</planStartTime><timeToExecute>1</timeToExecute><apiContext></apiContext><methodType></methodType><visibleToNotificationEnable>false</visibleToNotificationEnable><mandatory>false</mandatory><assigneeEnable>false</assigneeEnable><recallOwnerEnable>false</recallOwnerEnable><workGroupEnable>false</workGroupEnable><apiUrl></apiUrl><apiJson></apiJson><customApiToCall>false</customApiToCall><recallRollList></recallRollList><recallRestart></recallRestart><woActivityId></woActivityId><slaIdentifier></slaIdentifier><mileStoneStage></mileStoneStage><taskConfiguration>FULLY_CONFIGURED</taskConfiguration><taskCode>2815T</taskCode><taskOrder>5</taskOrder><priorityObj><priorityObj0 priorityName="Medium" priorityType="PROJECTTASK"/></priorityObj><templateNotificationList></templateNotificationList><templateTaskExecutionCategoryList></templateTaskExecutionCategoryList><taskActivityMappings><taskActivityMappings0 actionTooDo="" actionVisibleOn="BOTH" allocated="RF Engineer" allocator="" checkListAction="" completionMessage="" completionPercentage="100.0" contextJson="" defaultAssignee="" displayViewName="" integration="false" isAcquire="false" isBulkReview="false" isOnSite="false" isReview="false" isValidate="false" isViewable="false" moduleStage="" reassign="false" roleList="RF Engineer" siteStage="" siteStatus="" skip="false" taskActionName="Complete" taskActionNameIcon="Like-Outline" taskStatus="" viewName="" workflowId="Process_1_960693:2:33ff7eb0-e68a-11ec-b63f-d65dada80a07" workflowTaskId="Activity_028ljjz" workflowTaskName="Approve RF Compliance"/></taskActivityMappings></tasks4></tasks></groups0></groups><templateDependencyList/></xml>