<?xml version="1.0" encoding="UTF-8"?><bpmn2:definitions xmlns:xsi="http://www.w3.org/2001/XMLSchema-instance" xmlns:bpmn2="http://www.omg.org/spec/BPMN/20100524/MODEL" xmlns:bpmndi="http://www.omg.org/spec/BPMN/20100524/DI" xmlns:dc="http://www.omg.org/spec/DD/20100524/DC" xmlns:di="http://www.omg.org/spec/DD/20100524/DI" xmlns:camunda="http://camunda.org/schema/1.0/bpmn" id="sample-diagram" targetNamespace="http://bpmn.io/schema/bpmn" xsi:schemaLocation="http://www.omg.org/spec/BPMN/20100524/MODEL BPMN20.xsd">
  <bpmn2:collaboration id="Collaboration_16ss47n">
    <bpmn2:participant id="Participant_1dbkn97" name="Organization" processRef="Process_1_751327"/>
  </bpmn2:collaboration>
  <bpmn2:process id="Process_1_751327" name="MT_CRAN_JOBi" isExecutable="true">
    <bpmn2:extensionElements>
      <camunda:properties>
        <camunda:property name="workOrderIDPrefix" value="MT"/>
      </camunda:properties>
    </bpmn2:extensionElements>
    <bpmn2:laneSet id="LaneSet_19qij08">
      <bpmn2:lane id="Lane_1j0q6c2" name="ATT">
        <bpmn2:flowNodeRef>StartEvent_1</bpmn2:flowNodeRef>
        <bpmn2:flowNodeRef>Activity_0t01q6p</bpmn2:flowNodeRef>
        <bpmn2:flowNodeRef>Gateway_158z8wd</bpmn2:flowNodeRef>
        <bpmn2:flowNodeRef>Activity_1it0p9t</bpmn2:flowNodeRef>
        <bpmn2:flowNodeRef>Activity_1t9ppua</bpmn2:flowNodeRef>
        <bpmn2:flowNodeRef>Activity_0vb97pu</bpmn2:flowNodeRef>
        <bpmn2:flowNodeRef>Activity_1337fqd</bpmn2:flowNodeRef>
        <bpmn2:flowNodeRef>Gateway_1mghkqr</bpmn2:flowNodeRef>
        <bpmn2:flowNodeRef>Activity_0sjd4l9</bpmn2:flowNodeRef>
        <bpmn2:flowNodeRef>Event_1eqevpx</bpmn2:flowNodeRef>
        <bpmn2:childLaneSet id="LaneSet_0fvnms1">
          <bpmn2:lane id="Lane_0tuvgyd">
            <bpmn2:flowNodeRef>StartEvent_1</bpmn2:flowNodeRef>
            <bpmn2:flowNodeRef>Activity_0t01q6p</bpmn2:flowNodeRef>
            <bpmn2:flowNodeRef>Gateway_158z8wd</bpmn2:flowNodeRef>
            <bpmn2:flowNodeRef>Activity_1it0p9t</bpmn2:flowNodeRef>
            <bpmn2:flowNodeRef>Activity_1t9ppua</bpmn2:flowNodeRef>
            <bpmn2:flowNodeRef>Activity_0vb97pu</bpmn2:flowNodeRef>
            <bpmn2:flowNodeRef>Activity_1337fqd</bpmn2:flowNodeRef>
            <bpmn2:flowNodeRef>Gateway_1mghkqr</bpmn2:flowNodeRef>
            <bpmn2:flowNodeRef>Activity_0sjd4l9</bpmn2:flowNodeRef>
            <bpmn2:flowNodeRef>Event_1eqevpx</bpmn2:flowNodeRef>
          </bpmn2:lane>
        </bpmn2:childLaneSet>
      </bpmn2:lane>
    </bpmn2:laneSet>
    <bpmn2:sequenceFlow id="Flow_1g4r2ei" sourceRef="StartEvent_1" targetRef="Activity_0t01q6p"/>
    <bpmn2:sequenceFlow id="Flow_0bpnfo7" sourceRef="Activity_0t01q6p" targetRef="Gateway_158z8wd"/>
    <bpmn2:startEvent id="StartEvent_1">
      <bpmn2:outgoing>Flow_1g4r2ei</bpmn2:outgoing>
    </bpmn2:startEvent>
    <bpmn2:userTask id="Activity_0t01q6p" name="(JI011) Received CFAS Project Number">
      <bpmn2:incoming>Flow_1g4r2ei</bpmn2:incoming>
      <bpmn2:outgoing>Flow_0bpnfo7</bpmn2:outgoing>
    </bpmn2:userTask>
    <bpmn2:sequenceFlow id="Flow_00rlw6y" sourceRef="Gateway_158z8wd" targetRef="Activity_1it0p9t"/>
    <bpmn2:inclusiveGateway id="Gateway_158z8wd">
      <bpmn2:incoming>Flow_0bpnfo7</bpmn2:incoming>
      <bpmn2:outgoing>Flow_00rlw6y</bpmn2:outgoing>
      <bpmn2:outgoing>Flow_1ifwhnb</bpmn2:outgoing>
      <bpmn2:outgoing>Flow_0tpo1hi</bpmn2:outgoing>
    </bpmn2:inclusiveGateway>
    <bpmn2:userTask id="Activity_1it0p9t" name="(JI010) Received FA Location Code">
      <bpmn2:incoming>Flow_00rlw6y</bpmn2:incoming>
      <bpmn2:outgoing>Flow_00stil0</bpmn2:outgoing>
    </bpmn2:userTask>
    <bpmn2:userTask id="Activity_1t9ppua" name="(JI013) CFAS Budget Allocated To Project Number">
      <bpmn2:incoming>Flow_1ifwhnb</bpmn2:incoming>
      <bpmn2:outgoing>Flow_03o6yum</bpmn2:outgoing>
    </bpmn2:userTask>
    <bpmn2:userTask id="Activity_0vb97pu" name="(JI022) Preliminary RFDS Issued to C&amp;E">
      <bpmn2:incoming>Flow_0tpo1hi</bpmn2:incoming>
      <bpmn2:outgoing>Flow_0uk63z3</bpmn2:outgoing>
    </bpmn2:userTask>
    <bpmn2:sequenceFlow id="Flow_1ifwhnb" sourceRef="Gateway_158z8wd" targetRef="Activity_1t9ppua"/>
    <bpmn2:sequenceFlow id="Flow_0tpo1hi" sourceRef="Gateway_158z8wd" targetRef="Activity_0vb97pu"/>
    <bpmn2:userTask id="Activity_1337fqd" name="(JI009)  i-Plan job issued">
      <bpmn2:incoming>Flow_11lodk5</bpmn2:incoming>
      <bpmn2:outgoing>Flow_0zmm8bl</bpmn2:outgoing>
    </bpmn2:userTask>
    <bpmn2:inclusiveGateway id="Gateway_1mghkqr">
      <bpmn2:incoming>Flow_00stil0</bpmn2:incoming>
      <bpmn2:incoming>Flow_03o6yum</bpmn2:incoming>
      <bpmn2:incoming>Flow_0uk63z3</bpmn2:incoming>
      <bpmn2:outgoing>Flow_11lodk5</bpmn2:outgoing>
    </bpmn2:inclusiveGateway>
    <bpmn2:sequenceFlow id="Flow_00stil0" sourceRef="Activity_1it0p9t" targetRef="Gateway_1mghkqr"/>
    <bpmn2:sequenceFlow id="Flow_03o6yum" sourceRef="Activity_1t9ppua" targetRef="Gateway_1mghkqr"/>
    <bpmn2:sequenceFlow id="Flow_0uk63z3" sourceRef="Activity_0vb97pu" targetRef="Gateway_1mghkqr"/>
    <bpmn2:sequenceFlow id="Flow_11lodk5" sourceRef="Gateway_1mghkqr" targetRef="Activity_1337fqd"/>
    <bpmn2:sequenceFlow id="Flow_0zmm8bl" sourceRef="Activity_1337fqd" targetRef="Activity_0sjd4l9"/>
    <bpmn2:userTask id="Activity_0sjd4l9" name="(JI003) Authorize Job">
      <bpmn2:incoming>Flow_0zmm8bl</bpmn2:incoming>
      <bpmn2:outgoing>Flow_1hlez3y</bpmn2:outgoing>
    </bpmn2:userTask>
    <bpmn2:endEvent id="Event_1eqevpx">
      <bpmn2:incoming>Flow_1hlez3y</bpmn2:incoming>
    </bpmn2:endEvent>
    <bpmn2:sequenceFlow id="Flow_1hlez3y" sourceRef="Activity_0sjd4l9" targetRef="Event_1eqevpx"/>
  </bpmn2:process>
  <bpmndi:BPMNDiagram id="BPMNDiagram_1">
    <bpmndi:BPMNPlane id="BPMNPlane_1" bpmnElement="Collaboration_16ss47n">
      <bpmndi:BPMNShape id="Participant_1dbkn97_di" bpmnElement="Participant_1dbkn97" isHorizontal="true">
        <dc:Bounds x="-120" y="60" width="1120" height="350"/>
      </bpmndi:BPMNShape>
      <bpmndi:BPMNShape id="Lane_1j0q6c2_di" bpmnElement="Lane_1j0q6c2" isHorizontal="true">
        <dc:Bounds x="-90" y="60" width="1090" height="350"/>
      </bpmndi:BPMNShape>
      <bpmndi:BPMNShape id="Lane_0tuvgyd_di" bpmnElement="Lane_0tuvgyd" isHorizontal="true">
        <dc:Bounds x="-60" y="60" width="1060" height="350"/>
      </bpmndi:BPMNShape>
      <bpmndi:BPMNEdge id="Flow_1hlez3y_di" bpmnElement="Flow_1hlez3y">
        <di:waypoint x="860" y="230"/>
        <di:waypoint x="902" y="230"/>
      </bpmndi:BPMNEdge>
      <bpmndi:BPMNEdge id="Flow_0zmm8bl_di" bpmnElement="Flow_0zmm8bl">
        <di:waypoint x="720" y="230"/>
        <di:waypoint x="760" y="230"/>
      </bpmndi:BPMNEdge>
      <bpmndi:BPMNEdge id="Flow_11lodk5_di" bpmnElement="Flow_11lodk5">
        <di:waypoint x="555" y="230"/>
        <di:waypoint x="620" y="230"/>
      </bpmndi:BPMNEdge>
      <bpmndi:BPMNEdge id="Flow_0uk63z3_di" bpmnElement="Flow_0uk63z3">
        <di:waypoint x="440" y="340"/>
        <di:waypoint x="530" y="340"/>
        <di:waypoint x="530" y="255"/>
      </bpmndi:BPMNEdge>
      <bpmndi:BPMNEdge id="Flow_03o6yum_di" bpmnElement="Flow_03o6yum">
        <di:waypoint x="440" y="230"/>
        <di:waypoint x="505" y="230"/>
      </bpmndi:BPMNEdge>
      <bpmndi:BPMNEdge id="Flow_00stil0_di" bpmnElement="Flow_00stil0">
        <di:waypoint x="440" y="140"/>
        <di:waypoint x="530" y="140"/>
        <di:waypoint x="530" y="205"/>
      </bpmndi:BPMNEdge>
      <bpmndi:BPMNEdge id="Flow_0tpo1hi_di" bpmnElement="Flow_0tpo1hi">
        <di:waypoint x="250" y="255"/>
        <di:waypoint x="250" y="340"/>
        <di:waypoint x="340" y="340"/>
      </bpmndi:BPMNEdge>
      <bpmndi:BPMNEdge id="Flow_1ifwhnb_di" bpmnElement="Flow_1ifwhnb">
        <di:waypoint x="275" y="230"/>
        <di:waypoint x="340" y="230"/>
      </bpmndi:BPMNEdge>
      <bpmndi:BPMNEdge id="Flow_00rlw6y_di" bpmnElement="Flow_00rlw6y">
        <di:waypoint x="250" y="205"/>
        <di:waypoint x="250" y="140"/>
        <di:waypoint x="340" y="140"/>
      </bpmndi:BPMNEdge>
      <bpmndi:BPMNEdge id="Flow_0bpnfo7_di" bpmnElement="Flow_0bpnfo7">
        <di:waypoint x="170" y="230"/>
        <di:waypoint x="225" y="230"/>
      </bpmndi:BPMNEdge>
      <bpmndi:BPMNEdge id="Flow_1g4r2ei_di" bpmnElement="Flow_1g4r2ei">
        <di:waypoint x="18" y="230"/>
        <di:waypoint x="70" y="230"/>
      </bpmndi:BPMNEdge>
      <bpmndi:BPMNShape id="_BPMNShape_StartEvent_2" bpmnElement="StartEvent_1">
        <dc:Bounds x="-18" y="212" width="36" height="36"/>
      </bpmndi:BPMNShape>
      <bpmndi:BPMNShape id="Activity_0t01q6p_di" bpmnElement="Activity_0t01q6p">
        <dc:Bounds x="70" y="190" width="100" height="80"/>
      </bpmndi:BPMNShape>
      <bpmndi:BPMNShape id="Gateway_1pygkqy_di" bpmnElement="Gateway_158z8wd">
        <dc:Bounds x="225" y="205" width="50" height="50"/>
      </bpmndi:BPMNShape>
      <bpmndi:BPMNShape id="Activity_1it0p9t_di" bpmnElement="Activity_1it0p9t">
        <dc:Bounds x="340" y="100" width="100" height="80"/>
      </bpmndi:BPMNShape>
      <bpmndi:BPMNShape id="Activity_1t9ppua_di" bpmnElement="Activity_1t9ppua">
        <dc:Bounds x="340" y="190" width="100" height="80"/>
      </bpmndi:BPMNShape>
      <bpmndi:BPMNShape id="Activity_0vb97pu_di" bpmnElement="Activity_0vb97pu">
        <dc:Bounds x="340" y="300" width="100" height="80"/>
      </bpmndi:BPMNShape>
      <bpmndi:BPMNShape id="Activity_1337fqd_di" bpmnElement="Activity_1337fqd">
        <dc:Bounds x="620" y="190" width="100" height="80"/>
      </bpmndi:BPMNShape>
      <bpmndi:BPMNShape id="Gateway_1dc1k3i_di" bpmnElement="Gateway_1mghkqr">
        <dc:Bounds x="505" y="205" width="50" height="50"/>
      </bpmndi:BPMNShape>
      <bpmndi:BPMNShape id="Activity_0sjd4l9_di" bpmnElement="Activity_0sjd4l9">
        <dc:Bounds x="760" y="190" width="100" height="80"/>
      </bpmndi:BPMNShape>
      <bpmndi:BPMNShape id="Event_1eqevpx_di" bpmnElement="Event_1eqevpx">
        <dc:Bounds x="902" y="212" width="36" height="36"/>
      </bpmndi:BPMNShape>
    </bpmndi:BPMNPlane>
  </bpmndi:BPMNDiagram>
</bpmn2:definitions>