<?xml version="1.0" encoding="UTF-8"?><bpmn2:definitions xmlns:xsi="http://www.w3.org/2001/XMLSchema-instance" xmlns:bpmn2="http://www.omg.org/spec/BPMN/20100524/MODEL" xmlns:bpmndi="http://www.omg.org/spec/BPMN/20100524/DI" xmlns:dc="http://www.omg.org/spec/DD/20100524/DC" xmlns:camunda="http://camunda.org/schema/1.0/bpmn" xmlns:di="http://www.omg.org/spec/DD/20100524/DI" id="sample-diagram" targetNamespace="http://bpmn.io/schema/bpmn" xsi:schemaLocation="http://www.omg.org/spec/BPMN/20100524/MODEL BPMN20.xsd">
  <bpmn2:collaboration id="Collaboration_1kxultg">
    <bpmn2:participant id="Participant_0l4wsyd" name="Organization" processRef="Process_1_183290"/>
  </bpmn2:collaboration>
  <bpmn2:process id="Process_1_183290" name="MT_CRAN_RE" isExecutable="true">
    <bpmn2:extensionElements>
      <camunda:properties>
        <camunda:property name="workOrderIDPrefix" value="MT"/>
      </camunda:properties>
    </bpmn2:extensionElements>
    <bpmn2:laneSet id="LaneSet_0w8t9wu">
      <bpmn2:lane id="Lane_01eecnw" name="ATT">
        <bpmn2:flowNodeRef>Activity_00lp282</bpmn2:flowNodeRef>
        <bpmn2:flowNodeRef>StartEvent_1</bpmn2:flowNodeRef>
        <bpmn2:flowNodeRef>Event_1fr1njg</bpmn2:flowNodeRef>
        <bpmn2:flowNodeRef>Activity_116tkpb</bpmn2:flowNodeRef>
        <bpmn2:flowNodeRef>Activity_0n0c755</bpmn2:flowNodeRef>
        <bpmn2:flowNodeRef>Activity_1i5wab9</bpmn2:flowNodeRef>
        <bpmn2:flowNodeRef>Gateway_0oyg2c8</bpmn2:flowNodeRef>
        <bpmn2:childLaneSet id="LaneSet_1hc5i1g">
          <bpmn2:lane id="Lane_1gguq18">
            <bpmn2:flowNodeRef>Activity_00lp282</bpmn2:flowNodeRef>
            <bpmn2:flowNodeRef>StartEvent_1</bpmn2:flowNodeRef>
            <bpmn2:flowNodeRef>Event_1fr1njg</bpmn2:flowNodeRef>
            <bpmn2:flowNodeRef>Activity_116tkpb</bpmn2:flowNodeRef>
            <bpmn2:flowNodeRef>Activity_0n0c755</bpmn2:flowNodeRef>
            <bpmn2:flowNodeRef>Activity_1i5wab9</bpmn2:flowNodeRef>
            <bpmn2:flowNodeRef>Gateway_0oyg2c8</bpmn2:flowNodeRef>
          </bpmn2:lane>
        </bpmn2:childLaneSet>
      </bpmn2:lane>
      <bpmn2:lane id="Lane_1nu4lqw" name="Site Acquisition Vendor">
        <bpmn2:flowNodeRef>Activity_14g56na</bpmn2:flowNodeRef>
        <bpmn2:flowNodeRef>Gateway_1gy3bzs</bpmn2:flowNodeRef>
        <bpmn2:flowNodeRef>Activity_06gb7sj</bpmn2:flowNodeRef>
        <bpmn2:flowNodeRef>Activity_0thnzjp</bpmn2:flowNodeRef>
        <bpmn2:flowNodeRef>Activity_0w86tuy</bpmn2:flowNodeRef>
        <bpmn2:flowNodeRef>Activity_1lpujdl</bpmn2:flowNodeRef>
        <bpmn2:flowNodeRef>Gateway_19mn7mw</bpmn2:flowNodeRef>
        <bpmn2:flowNodeRef>Activity_14tfqpz</bpmn2:flowNodeRef>
        <bpmn2:flowNodeRef>Activity_1nh2zk3</bpmn2:flowNodeRef>
        <bpmn2:flowNodeRef>Gateway_0ew9w8q</bpmn2:flowNodeRef>
        <bpmn2:flowNodeRef>Activity_0he3kq5</bpmn2:flowNodeRef>
        <bpmn2:flowNodeRef>Activity_13h5sd2</bpmn2:flowNodeRef>
        <bpmn2:flowNodeRef>Activity_1ux2xw2</bpmn2:flowNodeRef>
        <bpmn2:flowNodeRef>Activity_02cf31v</bpmn2:flowNodeRef>
        <bpmn2:flowNodeRef>Activity_1g428yj</bpmn2:flowNodeRef>
        <bpmn2:flowNodeRef>Gateway_1tsnaqv</bpmn2:flowNodeRef>
        <bpmn2:flowNodeRef>Gateway_0d5lud5</bpmn2:flowNodeRef>
        <bpmn2:flowNodeRef>Gateway_100utap</bpmn2:flowNodeRef>
        <bpmn2:flowNodeRef>Gateway_1lyr1ww</bpmn2:flowNodeRef>
        <bpmn2:flowNodeRef>Activity_0t8g535</bpmn2:flowNodeRef>
        <bpmn2:flowNodeRef>Gateway_1augvsx</bpmn2:flowNodeRef>
        <bpmn2:flowNodeRef>Activity_16bqwrj</bpmn2:flowNodeRef>
        <bpmn2:flowNodeRef>Gateway_11p8yvf</bpmn2:flowNodeRef>
        <bpmn2:flowNodeRef>Activity_0wq9kij</bpmn2:flowNodeRef>
        <bpmn2:childLaneSet id="LaneSet_13n9yb2">
          <bpmn2:lane id="Lane_1oh3uab">
            <bpmn2:flowNodeRef>Activity_14g56na</bpmn2:flowNodeRef>
            <bpmn2:flowNodeRef>Gateway_1gy3bzs</bpmn2:flowNodeRef>
            <bpmn2:flowNodeRef>Activity_06gb7sj</bpmn2:flowNodeRef>
            <bpmn2:flowNodeRef>Activity_0thnzjp</bpmn2:flowNodeRef>
            <bpmn2:flowNodeRef>Activity_0w86tuy</bpmn2:flowNodeRef>
            <bpmn2:flowNodeRef>Activity_1lpujdl</bpmn2:flowNodeRef>
            <bpmn2:flowNodeRef>Gateway_19mn7mw</bpmn2:flowNodeRef>
            <bpmn2:flowNodeRef>Activity_14tfqpz</bpmn2:flowNodeRef>
            <bpmn2:flowNodeRef>Activity_1nh2zk3</bpmn2:flowNodeRef>
            <bpmn2:flowNodeRef>Gateway_0ew9w8q</bpmn2:flowNodeRef>
            <bpmn2:flowNodeRef>Activity_0he3kq5</bpmn2:flowNodeRef>
            <bpmn2:flowNodeRef>Activity_13h5sd2</bpmn2:flowNodeRef>
            <bpmn2:flowNodeRef>Activity_1ux2xw2</bpmn2:flowNodeRef>
            <bpmn2:flowNodeRef>Activity_02cf31v</bpmn2:flowNodeRef>
            <bpmn2:flowNodeRef>Activity_1g428yj</bpmn2:flowNodeRef>
            <bpmn2:flowNodeRef>Gateway_1tsnaqv</bpmn2:flowNodeRef>
            <bpmn2:flowNodeRef>Gateway_0d5lud5</bpmn2:flowNodeRef>
            <bpmn2:flowNodeRef>Gateway_100utap</bpmn2:flowNodeRef>
            <bpmn2:flowNodeRef>Gateway_1lyr1ww</bpmn2:flowNodeRef>
            <bpmn2:flowNodeRef>Activity_0t8g535</bpmn2:flowNodeRef>
            <bpmn2:flowNodeRef>Gateway_1augvsx</bpmn2:flowNodeRef>
            <bpmn2:flowNodeRef>Activity_16bqwrj</bpmn2:flowNodeRef>
            <bpmn2:flowNodeRef>Gateway_11p8yvf</bpmn2:flowNodeRef>
            <bpmn2:flowNodeRef>Activity_0wq9kij</bpmn2:flowNodeRef>
          </bpmn2:lane>
        </bpmn2:childLaneSet>
      </bpmn2:lane>
    </bpmn2:laneSet>
    <bpmn2:sequenceFlow id="Flow_1agmcfq" sourceRef="StartEvent_1" targetRef="Activity_1i5wab9"/>
    <bpmn2:userTask id="Activity_14g56na" name="(RE056)  CNTP Requested with Regulatory Compliance">
      <bpmn2:incoming>Flow_17o80xt</bpmn2:incoming>
      <bpmn2:outgoing>Flow_0vlmqj0</bpmn2:outgoing>
    </bpmn2:userTask>
    <bpmn2:sequenceFlow id="Flow_0j94qhl" sourceRef="Gateway_1gy3bzs" targetRef="Activity_06gb7sj"/>
    <bpmn2:inclusiveGateway id="Gateway_1gy3bzs">
      <bpmn2:incoming>Flow_005h52l</bpmn2:incoming>
      <bpmn2:outgoing>Flow_0j94qhl</bpmn2:outgoing>
      <bpmn2:outgoing>Flow_1yfsynp</bpmn2:outgoing>
    </bpmn2:inclusiveGateway>
    <bpmn2:userTask id="Activity_06gb7sj" name="(RE005)  Zoning Submitted">
      <bpmn2:incoming>Flow_0j94qhl</bpmn2:incoming>
      <bpmn2:outgoing>Flow_17camif</bpmn2:outgoing>
    </bpmn2:userTask>
    <bpmn2:sequenceFlow id="Flow_1yfsynp" sourceRef="Gateway_1gy3bzs" targetRef="Gateway_1tsnaqv"/>
    <bpmn2:sequenceFlow id="Flow_17camif" sourceRef="Activity_06gb7sj" targetRef="Activity_0thnzjp"/>
    <bpmn2:userTask id="Activity_0thnzjp" name="(RE066)Zoning Application Deemed Complete">
      <bpmn2:incoming>Flow_17camif</bpmn2:incoming>
      <bpmn2:outgoing>Flow_1ydxf33</bpmn2:outgoing>
    </bpmn2:userTask>
    <bpmn2:sequenceFlow id="Flow_1ydxf33" sourceRef="Activity_0thnzjp" targetRef="Activity_16bqwrj"/>
    <bpmn2:sequenceFlow id="Flow_1fg2s2k" sourceRef="Activity_0wq9kij" targetRef="Gateway_1augvsx"/>
    <bpmn2:userTask id="Activity_0w86tuy" name="(RE015) Leasing Agreement / Amendment Signed">
      <bpmn2:incoming>Flow_1ifm7cx</bpmn2:incoming>
      <bpmn2:outgoing>Flow_1kndijs</bpmn2:outgoing>
    </bpmn2:userTask>
    <bpmn2:sequenceFlow id="Flow_1ifm7cx" sourceRef="Gateway_1tsnaqv" targetRef="Activity_0w86tuy"/>
    <bpmn2:userTask id="Activity_1lpujdl" name="(RE031) Building Permit Received">
      <bpmn2:incoming>Flow_1ddvcvp</bpmn2:incoming>
      <bpmn2:outgoing>Flow_0s0itmp</bpmn2:outgoing>
    </bpmn2:userTask>
    <bpmn2:sequenceFlow id="Flow_1ddvcvp" sourceRef="Activity_1ux2xw2" targetRef="Activity_1lpujdl"/>
    <bpmn2:inclusiveGateway id="Gateway_19mn7mw">
      <bpmn2:incoming>Flow_06y0sv4</bpmn2:incoming>
      <bpmn2:incoming>Flow_12fkip3</bpmn2:incoming>
      <bpmn2:outgoing>Flow_17o80xt</bpmn2:outgoing>
    </bpmn2:inclusiveGateway>
    <bpmn2:task id="Activity_14tfqpz" name="(RE032) CNTP Approved by Regulatory Compliance">
      <bpmn2:incoming>Flow_1cc8tk0</bpmn2:incoming>
    </bpmn2:task>
    <bpmn2:userTask id="Activity_1nh2zk3" name="(RE020)Site Acquisition Completed">
      <bpmn2:incoming>Flow_1gpw5c3</bpmn2:incoming>
      <bpmn2:outgoing>Flow_1rbc31n</bpmn2:outgoing>
    </bpmn2:userTask>
    <bpmn2:sequenceFlow id="Flow_1kndijs" sourceRef="Activity_0w86tuy" targetRef="Gateway_0ew9w8q"/>
    <bpmn2:sequenceFlow id="Flow_05vz8su" sourceRef="Activity_16bqwrj" targetRef="Gateway_11p8yvf"/>
    <bpmn2:inclusiveGateway id="Gateway_0ew9w8q">
      <bpmn2:incoming>Flow_1kndijs</bpmn2:incoming>
      <bpmn2:incoming>Flow_02hva2l</bpmn2:incoming>
      <bpmn2:outgoing>Flow_02du11s</bpmn2:outgoing>
    </bpmn2:inclusiveGateway>
    <bpmn2:sequenceFlow id="Flow_0vlmqj0" sourceRef="Activity_14g56na" targetRef="Gateway_100utap"/>
    <bpmn2:sequenceFlow id="Flow_1rbc31n" sourceRef="Activity_1nh2zk3" targetRef="Activity_0he3kq5"/>
    <bpmn2:userTask id="Activity_0he3kq5" name="(RE097) Site Acq Turnover Package and True-Up Comp">
      <bpmn2:incoming>Flow_1rbc31n</bpmn2:incoming>
      <bpmn2:outgoing>Flow_02937xv</bpmn2:outgoing>
    </bpmn2:userTask>
    <bpmn2:userTask id="Activity_13h5sd2" name="SS071">
      <bpmn2:outgoing>Flow_0cmwg4k</bpmn2:outgoing>
    </bpmn2:userTask>
    <bpmn2:userTask id="Activity_1ux2xw2" name="(RE001) Building Permit Submitted">
      <bpmn2:incoming>Flow_0hbrfg3</bpmn2:incoming>
      <bpmn2:outgoing>Flow_1ddvcvp</bpmn2:outgoing>
    </bpmn2:userTask>
    <bpmn2:sequenceFlow id="Flow_02937xv" sourceRef="Activity_0he3kq5" targetRef="Activity_00lp282"/>
    <bpmn2:task id="Activity_00lp282" name="(RE060)Final Site Acq Acceptance">
      <bpmn2:incoming>Flow_02937xv</bpmn2:incoming>
      <bpmn2:outgoing>Flow_18w6not</bpmn2:outgoing>
    </bpmn2:task>
    <bpmn2:startEvent id="StartEvent_1">
      <bpmn2:outgoing>Flow_1agmcfq</bpmn2:outgoing>
    </bpmn2:startEvent>
    <bpmn2:sequenceFlow id="Flow_17o80xt" sourceRef="Gateway_19mn7mw" targetRef="Activity_14g56na"/>
    <bpmn2:sequenceFlow id="Flow_0fkt7qr" sourceRef="Activity_1g428yj" targetRef="Gateway_1tsnaqv"/>
    <bpmn2:userTask id="Activity_02cf31v" name="(RE007)Co-Location Application Submitted to the To">
      <bpmn2:incoming>Flow_18plmbk</bpmn2:incoming>
    </bpmn2:userTask>
    <bpmn2:userTask id="Activity_1g428yj" name="SS096">
      <bpmn2:outgoing>Flow_0fkt7qr</bpmn2:outgoing>
    </bpmn2:userTask>
    <bpmn2:inclusiveGateway id="Gateway_1tsnaqv">
      <bpmn2:incoming>Flow_1yfsynp</bpmn2:incoming>
      <bpmn2:incoming>Flow_0fkt7qr</bpmn2:incoming>
      <bpmn2:outgoing>Flow_1ifm7cx</bpmn2:outgoing>
      <bpmn2:outgoing>Flow_18plmbk</bpmn2:outgoing>
    </bpmn2:inclusiveGateway>
    <bpmn2:sequenceFlow id="Flow_18plmbk" sourceRef="Gateway_1tsnaqv" targetRef="Activity_02cf31v"/>
    <bpmn2:sequenceFlow id="Flow_1i0zj1d" sourceRef="Gateway_11p8yvf" targetRef="Gateway_0d5lud5"/>
    <bpmn2:sequenceFlow id="Flow_0cmwg4k" sourceRef="Activity_13h5sd2" targetRef="Gateway_0d5lud5"/>
    <bpmn2:sequenceFlow id="Flow_0hbrfg3" sourceRef="Gateway_0d5lud5" targetRef="Activity_1ux2xw2"/>
    <bpmn2:inclusiveGateway id="Gateway_0d5lud5">
      <bpmn2:incoming>Flow_1i0zj1d</bpmn2:incoming>
      <bpmn2:incoming>Flow_0cmwg4k</bpmn2:incoming>
      <bpmn2:outgoing>Flow_0hbrfg3</bpmn2:outgoing>
    </bpmn2:inclusiveGateway>
    <bpmn2:sequenceFlow id="Flow_1cc8tk0" sourceRef="Gateway_100utap" targetRef="Activity_14tfqpz"/>
    <bpmn2:sequenceFlow id="Flow_1iusse2" sourceRef="Gateway_100utap" targetRef="Gateway_1lyr1ww"/>
    <bpmn2:inclusiveGateway id="Gateway_100utap">
      <bpmn2:incoming>Flow_0vlmqj0</bpmn2:incoming>
      <bpmn2:outgoing>Flow_1cc8tk0</bpmn2:outgoing>
      <bpmn2:outgoing>Flow_1iusse2</bpmn2:outgoing>
    </bpmn2:inclusiveGateway>
    <bpmn2:sequenceFlow id="Flow_02du11s" sourceRef="Gateway_0ew9w8q" targetRef="Gateway_1lyr1ww"/>
    <bpmn2:sequenceFlow id="Flow_1gpw5c3" sourceRef="Gateway_1lyr1ww" targetRef="Activity_1nh2zk3"/>
    <bpmn2:sequenceFlow id="Flow_0s0itmp" sourceRef="Activity_1lpujdl" targetRef="Gateway_1lyr1ww"/>
    <bpmn2:inclusiveGateway id="Gateway_1lyr1ww">
      <bpmn2:incoming>Flow_02du11s</bpmn2:incoming>
      <bpmn2:incoming>Flow_0s0itmp</bpmn2:incoming>
      <bpmn2:incoming>Flow_1iusse2</bpmn2:incoming>
      <bpmn2:outgoing>Flow_1gpw5c3</bpmn2:outgoing>
    </bpmn2:inclusiveGateway>
    <bpmn2:endEvent id="Event_1fr1njg">
      <bpmn2:incoming>Flow_18w6not</bpmn2:incoming>
    </bpmn2:endEvent>
    <bpmn2:sequenceFlow id="Flow_18w6not" sourceRef="Activity_00lp282" targetRef="Event_1fr1njg"/>
    <bpmn2:userTask id="Activity_0t8g535" name="(RE068) Tower Modification Construction Complete">
      <bpmn2:incoming>Flow_0iyu7gg</bpmn2:incoming>
    </bpmn2:userTask>
    <bpmn2:sequenceFlow id="Flow_0iyu7gg" sourceRef="Gateway_1augvsx" targetRef="Activity_0t8g535"/>
    <bpmn2:sequenceFlow id="Flow_06y0sv4" sourceRef="Gateway_1augvsx" targetRef="Gateway_19mn7mw"/>
    <bpmn2:inclusiveGateway id="Gateway_1augvsx">
      <bpmn2:incoming>Flow_1fg2s2k</bpmn2:incoming>
      <bpmn2:outgoing>Flow_0iyu7gg</bpmn2:outgoing>
      <bpmn2:outgoing>Flow_06y0sv4</bpmn2:outgoing>
      <bpmn2:outgoing>Flow_005h52l</bpmn2:outgoing>
    </bpmn2:inclusiveGateway>
    <bpmn2:sequenceFlow id="Flow_02hva2l" sourceRef="Gateway_11p8yvf" targetRef="Gateway_0ew9w8q"/>
    <bpmn2:userTask id="Activity_16bqwrj" name="(RE030)Zoning Approved">
      <bpmn2:incoming>Flow_1ydxf33</bpmn2:incoming>
      <bpmn2:outgoing>Flow_05vz8su</bpmn2:outgoing>
    </bpmn2:userTask>
    <bpmn2:inclusiveGateway id="Gateway_11p8yvf">
      <bpmn2:incoming>Flow_05vz8su</bpmn2:incoming>
      <bpmn2:outgoing>Flow_02hva2l</bpmn2:outgoing>
      <bpmn2:outgoing>Flow_1i0zj1d</bpmn2:outgoing>
    </bpmn2:inclusiveGateway>
    <bpmn2:userTask id="Activity_116tkpb" name="(RE095)Fronthaul Fiber TNTP (Transport Notice to P">
      <bpmn2:incoming>Flow_1khkatq</bpmn2:incoming>
      <bpmn2:incoming>Flow_06ytryb</bpmn2:incoming>
    </bpmn2:userTask>
    <bpmn2:userTask id="Activity_0n0c755" name="(RE098)  Initial TFW (Transport Feasibility Wirele">
      <bpmn2:incoming>Flow_1gmx0hh</bpmn2:incoming>
      <bpmn2:outgoing>Flow_1khkatq</bpmn2:outgoing>
    </bpmn2:userTask>
    <bpmn2:userTask id="Activity_1i5wab9" name="SS010">
      <bpmn2:incoming>Flow_1agmcfq</bpmn2:incoming>
      <bpmn2:outgoing>Flow_01d8x4g</bpmn2:outgoing>
    </bpmn2:userTask>
    <bpmn2:sequenceFlow id="Flow_1gmx0hh" sourceRef="Gateway_0oyg2c8" targetRef="Activity_0n0c755"/>
    <bpmn2:inclusiveGateway id="Gateway_0oyg2c8">
      <bpmn2:incoming>Flow_01d8x4g</bpmn2:incoming>
      <bpmn2:outgoing>Flow_1gmx0hh</bpmn2:outgoing>
      <bpmn2:outgoing>Flow_06ytryb</bpmn2:outgoing>
      <bpmn2:outgoing>Flow_12fkip3</bpmn2:outgoing>
    </bpmn2:inclusiveGateway>
    <bpmn2:sequenceFlow id="Flow_1khkatq" sourceRef="Activity_0n0c755" targetRef="Activity_116tkpb"/>
    <bpmn2:sequenceFlow id="Flow_06ytryb" sourceRef="Gateway_0oyg2c8" targetRef="Activity_116tkpb"/>
    <bpmn2:sequenceFlow id="Flow_01d8x4g" sourceRef="Activity_1i5wab9" targetRef="Gateway_0oyg2c8"/>
    <bpmn2:sequenceFlow id="Flow_12fkip3" sourceRef="Gateway_0oyg2c8" targetRef="Gateway_19mn7mw"/>
    <bpmn2:sequenceFlow id="Flow_005h52l" sourceRef="Gateway_1augvsx" targetRef="Gateway_1gy3bzs"/>
    <bpmn2:userTask id="Activity_0wq9kij" name="SS011">
      <bpmn2:outgoing>Flow_1fg2s2k</bpmn2:outgoing>
    </bpmn2:userTask>
  </bpmn2:process>
  <bpmndi:BPMNDiagram id="BPMNDiagram_1">
    <bpmndi:BPMNPlane id="BPMNPlane_1" bpmnElement="Collaboration_1kxultg">
      <bpmndi:BPMNShape id="Participant_0l4wsyd_di" bpmnElement="Participant_0l4wsyd" isHorizontal="true">
        <dc:Bounds x="-100" y="-80" width="2420" height="1010"/>
      </bpmndi:BPMNShape>
      <bpmndi:BPMNShape id="Lane_1nu4lqw_di" bpmnElement="Lane_1nu4lqw" isHorizontal="true">
        <dc:Bounds x="-70" y="250" width="2390" height="680"/>
      </bpmndi:BPMNShape>
      <bpmndi:BPMNShape id="Lane_1oh3uab_di" bpmnElement="Lane_1oh3uab" isHorizontal="true">
        <dc:Bounds x="-40" y="250" width="2360" height="680"/>
      </bpmndi:BPMNShape>
      <bpmndi:BPMNShape id="Lane_01eecnw_di" bpmnElement="Lane_01eecnw" isHorizontal="true">
        <dc:Bounds x="-70" y="-80" width="2390" height="330"/>
      </bpmndi:BPMNShape>
      <bpmndi:BPMNShape id="Lane_1gguq18_di" bpmnElement="Lane_1gguq18" isHorizontal="true">
        <dc:Bounds x="-40" y="-80" width="2360" height="330"/>
      </bpmndi:BPMNShape>
      <bpmndi:BPMNEdge id="Flow_02hva2l_di" bpmnElement="Flow_02hva2l">
        <di:waypoint x="1020" y="555"/>
        <di:waypoint x="1020" y="340"/>
        <di:waypoint x="1820" y="340"/>
        <di:waypoint x="1820" y="375"/>
      </bpmndi:BPMNEdge>
      <bpmndi:BPMNEdge id="Flow_06y0sv4_di" bpmnElement="Flow_06y0sv4">
        <di:waypoint x="205" y="480"/>
        <di:waypoint x="105" y="480"/>
      </bpmndi:BPMNEdge>
      <bpmndi:BPMNEdge id="Flow_0iyu7gg_di" bpmnElement="Flow_0iyu7gg">
        <di:waypoint x="230" y="455"/>
        <di:waypoint x="230" y="400"/>
      </bpmndi:BPMNEdge>
      <bpmndi:BPMNEdge id="Flow_18w6not_di" bpmnElement="Flow_18w6not">
        <di:waypoint x="2120" y="60"/>
        <di:waypoint x="2172" y="60"/>
      </bpmndi:BPMNEdge>
      <bpmndi:BPMNEdge id="Flow_0s0itmp_di" bpmnElement="Flow_0s0itmp">
        <di:waypoint x="1440" y="540"/>
        <di:waypoint x="1440" y="480"/>
        <di:waypoint x="1795" y="480"/>
      </bpmndi:BPMNEdge>
      <bpmndi:BPMNEdge id="Flow_1gpw5c3_di" bpmnElement="Flow_1gpw5c3">
        <di:waypoint x="1820" y="505"/>
        <di:waypoint x="1820" y="530"/>
      </bpmndi:BPMNEdge>
      <bpmndi:BPMNEdge id="Flow_02du11s_di" bpmnElement="Flow_02du11s">
        <di:waypoint x="1820" y="425"/>
        <di:waypoint x="1820" y="455"/>
      </bpmndi:BPMNEdge>
      <bpmndi:BPMNEdge id="Flow_1iusse2_di" bpmnElement="Flow_1iusse2">
        <di:waypoint x="80" y="785"/>
        <di:waypoint x="80" y="850"/>
        <di:waypoint x="1890" y="850"/>
        <di:waypoint x="1890" y="480"/>
        <di:waypoint x="1845" y="480"/>
      </bpmndi:BPMNEdge>
      <bpmndi:BPMNEdge id="Flow_1cc8tk0_di" bpmnElement="Flow_1cc8tk0">
        <di:waypoint x="105" y="760"/>
        <di:waypoint x="1590" y="760"/>
        <di:waypoint x="1590" y="620"/>
      </bpmndi:BPMNEdge>
      <bpmndi:BPMNEdge id="Flow_0hbrfg3_di" bpmnElement="Flow_0hbrfg3">
        <di:waypoint x="1305" y="680"/>
        <di:waypoint x="1230" y="680"/>
        <di:waypoint x="1230" y="620"/>
      </bpmndi:BPMNEdge>
      <bpmndi:BPMNEdge id="Flow_0cmwg4k_di" bpmnElement="Flow_0cmwg4k">
        <di:waypoint x="1330" y="500"/>
        <di:waypoint x="1330" y="655"/>
      </bpmndi:BPMNEdge>
      <bpmndi:BPMNEdge id="Flow_1i0zj1d_di" bpmnElement="Flow_1i0zj1d">
        <di:waypoint x="1020" y="605"/>
        <di:waypoint x="1020" y="790"/>
        <di:waypoint x="1330" y="790"/>
        <di:waypoint x="1330" y="705"/>
      </bpmndi:BPMNEdge>
      <bpmndi:BPMNEdge id="Flow_18plmbk_di" bpmnElement="Flow_18plmbk">
        <di:waypoint x="600" y="475"/>
        <di:waypoint x="600" y="540"/>
      </bpmndi:BPMNEdge>
      <bpmndi:BPMNEdge id="Flow_0fkt7qr_di" bpmnElement="Flow_0fkt7qr">
        <di:waypoint x="600" y="400"/>
        <di:waypoint x="600" y="425"/>
      </bpmndi:BPMNEdge>
      <bpmndi:BPMNEdge id="Flow_17o80xt_di" bpmnElement="Flow_17o80xt">
        <di:waypoint x="80" y="505"/>
        <di:waypoint x="80" y="540"/>
      </bpmndi:BPMNEdge>
      <bpmndi:BPMNEdge id="Flow_02937xv_di" bpmnElement="Flow_02937xv">
        <di:waypoint x="2070" y="530"/>
        <di:waypoint x="2070" y="100"/>
      </bpmndi:BPMNEdge>
      <bpmndi:BPMNEdge id="Flow_1rbc31n_di" bpmnElement="Flow_1rbc31n">
        <di:waypoint x="1870" y="570"/>
        <di:waypoint x="2020" y="570"/>
      </bpmndi:BPMNEdge>
      <bpmndi:BPMNEdge id="Flow_0vlmqj0_di" bpmnElement="Flow_0vlmqj0">
        <di:waypoint x="80" y="620"/>
        <di:waypoint x="80" y="735"/>
      </bpmndi:BPMNEdge>
      <bpmndi:BPMNEdge id="Flow_05vz8su_di" bpmnElement="Flow_05vz8su">
        <di:waypoint x="950" y="580"/>
        <di:waypoint x="995" y="580"/>
      </bpmndi:BPMNEdge>
      <bpmndi:BPMNEdge id="Flow_1kndijs_di" bpmnElement="Flow_1kndijs">
        <di:waypoint x="1110" y="540"/>
        <di:waypoint x="1110" y="400"/>
        <di:waypoint x="1795" y="400"/>
      </bpmndi:BPMNEdge>
      <bpmndi:BPMNEdge id="Flow_1ddvcvp_di" bpmnElement="Flow_1ddvcvp">
        <di:waypoint x="1280" y="580"/>
        <di:waypoint x="1390" y="580"/>
      </bpmndi:BPMNEdge>
      <bpmndi:BPMNEdge id="Flow_1ifm7cx_di" bpmnElement="Flow_1ifm7cx">
        <di:waypoint x="600" y="475"/>
        <di:waypoint x="600" y="710"/>
        <di:waypoint x="1110" y="710"/>
        <di:waypoint x="1110" y="620"/>
      </bpmndi:BPMNEdge>
      <bpmndi:BPMNEdge id="Flow_1fg2s2k_di" bpmnElement="Flow_1fg2s2k">
        <di:waypoint x="230" y="610"/>
        <di:waypoint x="230" y="505"/>
      </bpmndi:BPMNEdge>
      <bpmndi:BPMNEdge id="Flow_1ydxf33_di" bpmnElement="Flow_1ydxf33">
        <di:waypoint x="820" y="580"/>
        <di:waypoint x="850" y="580"/>
      </bpmndi:BPMNEdge>
      <bpmndi:BPMNEdge id="Flow_17camif_di" bpmnElement="Flow_17camif">
        <di:waypoint x="450" y="540"/>
        <di:waypoint x="450" y="500"/>
        <di:waypoint x="770" y="500"/>
        <di:waypoint x="770" y="540"/>
      </bpmndi:BPMNEdge>
      <bpmndi:BPMNEdge id="Flow_1yfsynp_di" bpmnElement="Flow_1yfsynp">
        <di:waypoint x="330" y="555"/>
        <di:waypoint x="330" y="450"/>
        <di:waypoint x="575" y="450"/>
      </bpmndi:BPMNEdge>
      <bpmndi:BPMNEdge id="Flow_0j94qhl_di" bpmnElement="Flow_0j94qhl">
        <di:waypoint x="355" y="580"/>
        <di:waypoint x="400" y="580"/>
      </bpmndi:BPMNEdge>
      <bpmndi:BPMNEdge id="Flow_1agmcfq_di" bpmnElement="Flow_1agmcfq">
        <di:waypoint x="28" y="90"/>
        <di:waypoint x="60" y="90"/>
      </bpmndi:BPMNEdge>
      <bpmndi:BPMNEdge id="Flow_01d8x4g_di" bpmnElement="Flow_01d8x4g">
        <di:waypoint x="160" y="80"/>
        <di:waypoint x="180" y="80"/>
        <di:waypoint x="180" y="190"/>
        <di:waypoint x="225" y="190"/>
      </bpmndi:BPMNEdge>
      <bpmndi:BPMNEdge id="Flow_1gmx0hh_di" bpmnElement="Flow_1gmx0hh">
        <di:waypoint x="250" y="165"/>
        <di:waypoint x="250" y="130"/>
      </bpmndi:BPMNEdge>
      <bpmndi:BPMNEdge id="Flow_1khkatq_di" bpmnElement="Flow_1khkatq">
        <di:waypoint x="300" y="90"/>
        <di:waypoint x="400" y="90"/>
      </bpmndi:BPMNEdge>
      <bpmndi:BPMNEdge id="Flow_06ytryb_di" bpmnElement="Flow_06ytryb">
        <di:waypoint x="275" y="190"/>
        <di:waypoint x="450" y="190"/>
        <di:waypoint x="450" y="130"/>
      </bpmndi:BPMNEdge>
      <bpmndi:BPMNEdge id="Flow_12fkip3_di" bpmnElement="Flow_12fkip3">
        <di:waypoint x="250" y="215"/>
        <di:waypoint x="250" y="230"/>
        <di:waypoint x="80" y="230"/>
        <di:waypoint x="80" y="455"/>
      </bpmndi:BPMNEdge>
      <bpmndi:BPMNEdge id="Flow_005h52l_di" bpmnElement="Flow_005h52l">
        <di:waypoint x="255" y="480"/>
        <di:waypoint x="280" y="480"/>
        <di:waypoint x="280" y="580"/>
        <di:waypoint x="305" y="580"/>
      </bpmndi:BPMNEdge>
      <bpmndi:BPMNShape id="Activity_19v0yyg_di" bpmnElement="Activity_14g56na">
        <dc:Bounds x="30" y="540" width="100" height="80"/>
      </bpmndi:BPMNShape>
      <bpmndi:BPMNShape id="Gateway_0uxi9cx_di" bpmnElement="Gateway_1gy3bzs">
        <dc:Bounds x="305" y="555" width="50" height="50"/>
      </bpmndi:BPMNShape>
      <bpmndi:BPMNShape id="Activity_1wbkt2v_di" bpmnElement="Activity_06gb7sj">
        <dc:Bounds x="400" y="540" width="100" height="80"/>
      </bpmndi:BPMNShape>
      <bpmndi:BPMNShape id="Activity_0thnzjp_di" bpmnElement="Activity_0thnzjp">
        <dc:Bounds x="720" y="540" width="100" height="80"/>
      </bpmndi:BPMNShape>
      <bpmndi:BPMNShape id="Activity_1e30t0e_di" bpmnElement="Activity_0w86tuy">
        <dc:Bounds x="1060" y="540" width="100" height="80"/>
      </bpmndi:BPMNShape>
      <bpmndi:BPMNShape id="Activity_1lpujdl_di" bpmnElement="Activity_1lpujdl">
        <dc:Bounds x="1390" y="540" width="100" height="80"/>
      </bpmndi:BPMNShape>
      <bpmndi:BPMNShape id="Gateway_02c3d4u_di" bpmnElement="Gateway_19mn7mw">
        <dc:Bounds x="55" y="455" width="50" height="50"/>
      </bpmndi:BPMNShape>
      <bpmndi:BPMNShape id="Activity_14tfqpz_di" bpmnElement="Activity_14tfqpz">
        <dc:Bounds x="1540" y="540" width="100" height="80"/>
      </bpmndi:BPMNShape>
      <bpmndi:BPMNShape id="Activity_0uww0yz_di" bpmnElement="Activity_1nh2zk3">
        <dc:Bounds x="1770" y="530" width="100" height="80"/>
      </bpmndi:BPMNShape>
      <bpmndi:BPMNShape id="Gateway_0rvqssj_di" bpmnElement="Gateway_0ew9w8q">
        <dc:Bounds x="1795" y="375" width="50" height="50"/>
      </bpmndi:BPMNShape>
      <bpmndi:BPMNShape id="Activity_10ct5zf_di" bpmnElement="Activity_0he3kq5">
        <dc:Bounds x="2020" y="530" width="100" height="80"/>
      </bpmndi:BPMNShape>
      <bpmndi:BPMNShape id="Activity_13h5sd2_di" bpmnElement="Activity_13h5sd2">
        <dc:Bounds x="1280" y="420" width="100" height="80"/>
      </bpmndi:BPMNShape>
      <bpmndi:BPMNShape id="Activity_19asg0l_di" bpmnElement="Activity_1ux2xw2">
        <dc:Bounds x="1180" y="540" width="100" height="80"/>
      </bpmndi:BPMNShape>
      <bpmndi:BPMNShape id="Activity_00lp282_di" bpmnElement="Activity_00lp282">
        <dc:Bounds x="2020" y="20" width="100" height="80"/>
      </bpmndi:BPMNShape>
      <bpmndi:BPMNShape id="_BPMNShape_StartEvent_2" bpmnElement="StartEvent_1">
        <dc:Bounds x="-8" y="72" width="36" height="36"/>
      </bpmndi:BPMNShape>
      <bpmndi:BPMNShape id="Activity_0esuefv_di" bpmnElement="Activity_02cf31v">
        <dc:Bounds x="550" y="540" width="100" height="80"/>
      </bpmndi:BPMNShape>
      <bpmndi:BPMNShape id="Activity_1g428yj_di" bpmnElement="Activity_1g428yj">
        <dc:Bounds x="550" y="320" width="100" height="80"/>
      </bpmndi:BPMNShape>
      <bpmndi:BPMNShape id="Gateway_1vyhd4t_di" bpmnElement="Gateway_1tsnaqv">
        <dc:Bounds x="575" y="425" width="50" height="50"/>
      </bpmndi:BPMNShape>
      <bpmndi:BPMNShape id="Gateway_1gzgiss_di" bpmnElement="Gateway_0d5lud5">
        <dc:Bounds x="1305" y="655" width="50" height="50"/>
      </bpmndi:BPMNShape>
      <bpmndi:BPMNShape id="Gateway_1b1zgw2_di" bpmnElement="Gateway_100utap">
        <dc:Bounds x="55" y="735" width="50" height="50"/>
      </bpmndi:BPMNShape>
      <bpmndi:BPMNShape id="Gateway_0kpkk8k_di" bpmnElement="Gateway_1lyr1ww">
        <dc:Bounds x="1795" y="455" width="50" height="50"/>
      </bpmndi:BPMNShape>
      <bpmndi:BPMNShape id="Event_1fr1njg_di" bpmnElement="Event_1fr1njg">
        <dc:Bounds x="2172" y="42" width="36" height="36"/>
      </bpmndi:BPMNShape>
      <bpmndi:BPMNShape id="Activity_0uod2gu_di" bpmnElement="Activity_0t8g535">
        <dc:Bounds x="180" y="320" width="100" height="80"/>
      </bpmndi:BPMNShape>
      <bpmndi:BPMNShape id="Gateway_1126mvm_di" bpmnElement="Gateway_1augvsx">
        <dc:Bounds x="205" y="455" width="50" height="50"/>
      </bpmndi:BPMNShape>
      <bpmndi:BPMNShape id="Activity_00nx7vd_di" bpmnElement="Activity_16bqwrj">
        <dc:Bounds x="850" y="540" width="100" height="80"/>
      </bpmndi:BPMNShape>
      <bpmndi:BPMNShape id="Gateway_1tdpyng_di" bpmnElement="Gateway_11p8yvf">
        <dc:Bounds x="995" y="555" width="50" height="50"/>
      </bpmndi:BPMNShape>
      <bpmndi:BPMNShape id="Activity_116tkpb_di" bpmnElement="Activity_116tkpb">
        <dc:Bounds x="400" y="50" width="100" height="80"/>
      </bpmndi:BPMNShape>
      <bpmndi:BPMNShape id="Activity_0n0c755_di" bpmnElement="Activity_0n0c755">
        <dc:Bounds x="200" y="50" width="100" height="80"/>
      </bpmndi:BPMNShape>
      <bpmndi:BPMNShape id="Activity_1i5wab9_di" bpmnElement="Activity_1i5wab9">
        <dc:Bounds x="60" y="50" width="100" height="80"/>
      </bpmndi:BPMNShape>
      <bpmndi:BPMNShape id="Gateway_0eu40pn_di" bpmnElement="Gateway_0oyg2c8">
        <dc:Bounds x="225" y="165" width="50" height="50"/>
      </bpmndi:BPMNShape>
      <bpmndi:BPMNShape id="Activity_0wq9kij_di" bpmnElement="Activity_0wq9kij">
        <dc:Bounds x="180" y="610" width="100" height="80"/>
      </bpmndi:BPMNShape>
    </bpmndi:BPMNPlane>
  </bpmndi:BPMNDiagram>
</bpmn2:definitions>