<?xml version="1.0" encoding="UTF-8"?><bpmn2:definitions xmlns:xsi="http://www.w3.org/2001/XMLSchema-instance" xmlns:bpmn2="http://www.omg.org/spec/BPMN/20100524/MODEL" xmlns:bpmndi="http://www.omg.org/spec/BPMN/20100524/DI" xmlns:dc="http://www.omg.org/spec/DD/20100524/DC" xmlns:di="http://www.omg.org/spec/DD/20100524/DI" xmlns:camunda="http://camunda.org/schema/1.0/bpmn" id="sample-diagram" targetNamespace="http://bpmn.io/schema/bpmn" xsi:schemaLocation="http://www.omg.org/spec/BPMN/20100524/MODEL BPMN20.xsd">
  <bpmn2:collaboration id="Collaboration_0sgcy9l">
    <bpmn2:participant id="Participant_1c8cemw" name="Organization" processRef="Process_1_305593"/>
  </bpmn2:collaboration>
  <bpmn2:process id="Process_1_305593" name="MT_CRAN_Closing" isExecutable="true">
    <bpmn2:extensionElements>
      <camunda:properties>
        <camunda:property name="workOrderIDPrefix" value="MT"/>
      </camunda:properties>
    </bpmn2:extensionElements>
    <bpmn2:laneSet id="LaneSet_1d6yuos">
      <bpmn2:lane id="Lane_084osda" name="ATT">
        <bpmn2:flowNodeRef>Activity_1orrd5c</bpmn2:flowNodeRef>
        <bpmn2:flowNodeRef>Event_16lt5lr</bpmn2:flowNodeRef>
        <bpmn2:flowNodeRef>Activity_0k32why</bpmn2:flowNodeRef>
        <bpmn2:flowNodeRef>Gateway_1esnjy1</bpmn2:flowNodeRef>
        <bpmn2:flowNodeRef>Activity_08kza34</bpmn2:flowNodeRef>
        <bpmn2:flowNodeRef>Gateway_12mdrcn</bpmn2:flowNodeRef>
        <bpmn2:flowNodeRef>Activity_1ygahmu</bpmn2:flowNodeRef>
        <bpmn2:childLaneSet id="LaneSet_04i2cj1">
          <bpmn2:lane id="Lane_1b7buxe">
            <bpmn2:flowNodeRef>Activity_1orrd5c</bpmn2:flowNodeRef>
            <bpmn2:flowNodeRef>Event_16lt5lr</bpmn2:flowNodeRef>
            <bpmn2:flowNodeRef>Activity_0k32why</bpmn2:flowNodeRef>
            <bpmn2:flowNodeRef>Gateway_1esnjy1</bpmn2:flowNodeRef>
            <bpmn2:flowNodeRef>Activity_08kza34</bpmn2:flowNodeRef>
            <bpmn2:flowNodeRef>Gateway_12mdrcn</bpmn2:flowNodeRef>
            <bpmn2:flowNodeRef>Activity_1ygahmu</bpmn2:flowNodeRef>
          </bpmn2:lane>
        </bpmn2:childLaneSet>
      </bpmn2:lane>
      <bpmn2:lane id="Lane_1t2lwx7" name="Civil Vendor">
        <bpmn2:flowNodeRef>Event_1i1ryva</bpmn2:flowNodeRef>
        <bpmn2:flowNodeRef>Activity_1s0lgas</bpmn2:flowNodeRef>
        <bpmn2:flowNodeRef>Activity_013r1ea</bpmn2:flowNodeRef>
        <bpmn2:childLaneSet id="LaneSet_0olcbak">
          <bpmn2:lane id="Lane_0bj102f">
            <bpmn2:flowNodeRef>Event_1i1ryva</bpmn2:flowNodeRef>
            <bpmn2:flowNodeRef>Activity_1s0lgas</bpmn2:flowNodeRef>
            <bpmn2:flowNodeRef>Activity_013r1ea</bpmn2:flowNodeRef>
          </bpmn2:lane>
        </bpmn2:childLaneSet>
      </bpmn2:lane>
    </bpmn2:laneSet>
    <bpmn2:startEvent id="Event_1i1ryva">
      <bpmn2:outgoing>Flow_0odk3h3</bpmn2:outgoing>
    </bpmn2:startEvent>
    <bpmn2:sequenceFlow id="Flow_0odk3h3" sourceRef="Event_1i1ryva" targetRef="Activity_013r1ea"/>
    <bpmn2:userTask id="Activity_1orrd5c" name="(CL100)Final Civil Acceptance">
      <bpmn2:incoming>Flow_08mmlmn</bpmn2:incoming>
      <bpmn2:outgoing>Flow_0srvxmq</bpmn2:outgoing>
    </bpmn2:userTask>
    <bpmn2:sequenceFlow id="Flow_0tsnnh5" sourceRef="Activity_1s0lgas" targetRef="Gateway_1esnjy1"/>
    <bpmn2:sequenceFlow id="Flow_0srvxmq" sourceRef="Activity_1orrd5c" targetRef="Gateway_12mdrcn"/>
    <bpmn2:endEvent id="Event_16lt5lr">
      <bpmn2:incoming>Flow_1pxlzra</bpmn2:incoming>
    </bpmn2:endEvent>
    <bpmn2:sequenceFlow id="Flow_1pxlzra" sourceRef="Activity_0k32why" targetRef="Event_16lt5lr"/>
    <bpmn2:userTask id="Activity_0k32why" name="(CL101)Ready for PTN Closure">
      <bpmn2:incoming>Flow_1j9pl7r</bpmn2:incoming>
      <bpmn2:outgoing>Flow_1pxlzra</bpmn2:outgoing>
    </bpmn2:userTask>
    <bpmn2:sequenceFlow id="Flow_1j9pl7r" sourceRef="Gateway_12mdrcn" targetRef="Activity_0k32why"/>
    <bpmn2:sequenceFlow id="Flow_0set7b0" sourceRef="Activity_1ygahmu" targetRef="Gateway_12mdrcn"/>
    <bpmn2:sequenceFlow id="Flow_08mmlmn" sourceRef="Gateway_1esnjy1" targetRef="Activity_1orrd5c"/>
    <bpmn2:inclusiveGateway id="Gateway_1esnjy1">
      <bpmn2:incoming>Flow_0tsnnh5</bpmn2:incoming>
      <bpmn2:incoming>Flow_15xmnnc</bpmn2:incoming>
      <bpmn2:outgoing>Flow_08mmlmn</bpmn2:outgoing>
    </bpmn2:inclusiveGateway>
    <bpmn2:userTask id="Activity_08kza34" name="CI081">
      <bpmn2:outgoing>Flow_15xmnnc</bpmn2:outgoing>
    </bpmn2:userTask>
    <bpmn2:sequenceFlow id="Flow_15xmnnc" sourceRef="Activity_08kza34" targetRef="Gateway_1esnjy1"/>
    <bpmn2:inclusiveGateway id="Gateway_12mdrcn">
      <bpmn2:incoming>Flow_0srvxmq</bpmn2:incoming>
      <bpmn2:incoming>Flow_0set7b0</bpmn2:incoming>
      <bpmn2:outgoing>Flow_1j9pl7r</bpmn2:outgoing>
    </bpmn2:inclusiveGateway>
    <bpmn2:userTask id="Activity_1ygahmu" name="CI140">
      <bpmn2:outgoing>Flow_0set7b0</bpmn2:outgoing>
    </bpmn2:userTask>
    <bpmn2:userTask id="Activity_1s0lgas" name="(CL001) Turnover Package Completed">
      <bpmn2:incoming>Flow_0c398rv</bpmn2:incoming>
      <bpmn2:outgoing>Flow_0tsnnh5</bpmn2:outgoing>
    </bpmn2:userTask>
    <bpmn2:userTask id="Activity_013r1ea" name="CI032">
      <bpmn2:incoming>Flow_0odk3h3</bpmn2:incoming>
      <bpmn2:outgoing>Flow_0c398rv</bpmn2:outgoing>
    </bpmn2:userTask>
    <bpmn2:sequenceFlow id="Flow_0c398rv" sourceRef="Activity_013r1ea" targetRef="Activity_1s0lgas"/>
  </bpmn2:process>
  <bpmndi:BPMNDiagram id="BPMNDiagram_1">
    <bpmndi:BPMNPlane id="BPMNPlane_1" bpmnElement="Collaboration_0sgcy9l">
      <bpmndi:BPMNShape id="Participant_1c8cemw_di" bpmnElement="Participant_1c8cemw" isHorizontal="true">
        <dc:Bounds x="40" y="120" width="1250" height="500"/>
      </bpmndi:BPMNShape>
      <bpmndi:BPMNShape id="Lane_1t2lwx7_di" bpmnElement="Lane_1t2lwx7" isHorizontal="true">
        <dc:Bounds x="70" y="350" width="1220" height="270"/>
      </bpmndi:BPMNShape>
      <bpmndi:BPMNShape id="Lane_0bj102f_di" bpmnElement="Lane_0bj102f" isHorizontal="true">
        <dc:Bounds x="100" y="350" width="1190" height="270"/>
      </bpmndi:BPMNShape>
      <bpmndi:BPMNShape id="Lane_084osda_di" bpmnElement="Lane_084osda" isHorizontal="true">
        <dc:Bounds x="70" y="120" width="1220" height="230"/>
      </bpmndi:BPMNShape>
      <bpmndi:BPMNShape id="Lane_1b7buxe_di" bpmnElement="Lane_1b7buxe" isHorizontal="true">
        <dc:Bounds x="100" y="120" width="1190" height="230"/>
      </bpmndi:BPMNShape>
      <bpmndi:BPMNEdge id="Flow_0c398rv_di" bpmnElement="Flow_0c398rv">
        <di:waypoint x="380" y="480"/>
        <di:waypoint x="460" y="480"/>
      </bpmndi:BPMNEdge>
      <bpmndi:BPMNEdge id="Flow_15xmnnc_di" bpmnElement="Flow_15xmnnc">
        <di:waypoint x="240" y="290"/>
        <di:waypoint x="345" y="290"/>
      </bpmndi:BPMNEdge>
      <bpmndi:BPMNEdge id="Flow_08mmlmn_di" bpmnElement="Flow_08mmlmn">
        <di:waypoint x="370" y="265"/>
        <di:waypoint x="370" y="230"/>
      </bpmndi:BPMNEdge>
      <bpmndi:BPMNEdge id="Flow_0set7b0_di" bpmnElement="Flow_0set7b0">
        <di:waypoint x="640" y="260"/>
        <di:waypoint x="640" y="215"/>
      </bpmndi:BPMNEdge>
      <bpmndi:BPMNEdge id="Flow_1j9pl7r_di" bpmnElement="Flow_1j9pl7r">
        <di:waypoint x="665" y="190"/>
        <di:waypoint x="900" y="190"/>
      </bpmndi:BPMNEdge>
      <bpmndi:BPMNEdge id="Flow_1pxlzra_di" bpmnElement="Flow_1pxlzra">
        <di:waypoint x="1000" y="190"/>
        <di:waypoint x="1182" y="190"/>
      </bpmndi:BPMNEdge>
      <bpmndi:BPMNEdge id="Flow_0srvxmq_di" bpmnElement="Flow_0srvxmq">
        <di:waypoint x="420" y="190"/>
        <di:waypoint x="615" y="190"/>
      </bpmndi:BPMNEdge>
      <bpmndi:BPMNEdge id="Flow_0tsnnh5_di" bpmnElement="Flow_0tsnnh5">
        <di:waypoint x="510" y="440"/>
        <di:waypoint x="510" y="380"/>
        <di:waypoint x="370" y="380"/>
        <di:waypoint x="370" y="315"/>
      </bpmndi:BPMNEdge>
      <bpmndi:BPMNEdge id="Flow_0odk3h3_di" bpmnElement="Flow_0odk3h3">
        <di:waypoint x="198" y="480"/>
        <di:waypoint x="280" y="480"/>
      </bpmndi:BPMNEdge>
      <bpmndi:BPMNShape id="Event_1i1ryva_di" bpmnElement="Event_1i1ryva">
        <dc:Bounds x="162" y="462" width="36" height="36"/>
      </bpmndi:BPMNShape>
      <bpmndi:BPMNShape id="Activity_1orrd5c_di" bpmnElement="Activity_1orrd5c">
        <dc:Bounds x="320" y="150" width="100" height="80"/>
      </bpmndi:BPMNShape>
      <bpmndi:BPMNShape id="Event_16lt5lr_di" bpmnElement="Event_16lt5lr">
        <dc:Bounds x="1182" y="172" width="36" height="36"/>
      </bpmndi:BPMNShape>
      <bpmndi:BPMNShape id="Activity_0k32why_di" bpmnElement="Activity_0k32why">
        <dc:Bounds x="900" y="150" width="100" height="80"/>
      </bpmndi:BPMNShape>
      <bpmndi:BPMNShape id="Gateway_1ykjpzc_di" bpmnElement="Gateway_1esnjy1">
        <dc:Bounds x="345" y="265" width="50" height="50"/>
      </bpmndi:BPMNShape>
      <bpmndi:BPMNShape id="Activity_08kza34_di" bpmnElement="Activity_08kza34">
        <dc:Bounds x="140" y="250" width="100" height="80"/>
      </bpmndi:BPMNShape>
      <bpmndi:BPMNShape id="Gateway_0hec0ev_di" bpmnElement="Gateway_12mdrcn">
        <dc:Bounds x="615" y="165" width="50" height="50"/>
      </bpmndi:BPMNShape>
      <bpmndi:BPMNShape id="Activity_1ygahmu_di" bpmnElement="Activity_1ygahmu">
        <dc:Bounds x="590" y="260" width="100" height="80"/>
      </bpmndi:BPMNShape>
      <bpmndi:BPMNShape id="Activity_1s0lgas_di" bpmnElement="Activity_1s0lgas">
        <dc:Bounds x="460" y="440" width="100" height="80"/>
      </bpmndi:BPMNShape>
      <bpmndi:BPMNShape id="Activity_013r1ea_di" bpmnElement="Activity_013r1ea">
        <dc:Bounds x="280" y="440" width="100" height="80"/>
      </bpmndi:BPMNShape>
    </bpmndi:BPMNPlane>
  </bpmndi:BPMNDiagram>
</bpmn2:definitions>