<?xml version="1.0" encoding="UTF-8"?><bpmn2:definitions xmlns:xsi="http://www.w3.org/2001/XMLSchema-instance" xmlns:bpmn2="http://www.omg.org/spec/BPMN/20100524/MODEL" xmlns:bpmndi="http://www.omg.org/spec/BPMN/20100524/DI" xmlns:dc="http://www.omg.org/spec/DD/20100524/DC" xmlns:di="http://www.omg.org/spec/DD/20100524/DI" xmlns:camunda="http://camunda.org/schema/1.0/bpmn" id="sample-diagram" targetNamespace="http://bpmn.io/schema/bpmn" xsi:schemaLocation="http://www.omg.org/spec/BPMN/20100524/MODEL BPMN20.xsd">
  <bpmn2:collaboration id="Collaboration_03ex4ij">
    <bpmn2:participant id="Participant_1yxe8nc" name="Organization" processRef="Process_1_846870"/>
  </bpmn2:collaboration>
  <bpmn2:process id="Process_1_846870" name="MT_CRAN_SScope" isExecutable="true">
    <bpmn2:extensionElements>
      <camunda:properties>
        <camunda:property name="workOrderIDPrefix" value="MT"/>
      </camunda:properties>
    </bpmn2:extensionElements>
    <bpmn2:laneSet id="LaneSet_0l523t5">
      <bpmn2:lane id="Lane_11ufjv7" name="ATT">
        <bpmn2:flowNodeRef>Activity_07el8f3</bpmn2:flowNodeRef>
        <bpmn2:flowNodeRef>StartEvent_1</bpmn2:flowNodeRef>
        <bpmn2:flowNodeRef>Activity_0xkl8zn</bpmn2:flowNodeRef>
        <bpmn2:flowNodeRef>Activity_1qj1hiq</bpmn2:flowNodeRef>
        <bpmn2:flowNodeRef>Gateway_0ho75zq</bpmn2:flowNodeRef>
        <bpmn2:flowNodeRef>Gateway_1uz0da9</bpmn2:flowNodeRef>
        <bpmn2:childLaneSet id="LaneSet_1exlxby">
          <bpmn2:lane id="Lane_1wqaiag">
            <bpmn2:flowNodeRef>Activity_07el8f3</bpmn2:flowNodeRef>
            <bpmn2:flowNodeRef>StartEvent_1</bpmn2:flowNodeRef>
            <bpmn2:flowNodeRef>Activity_0xkl8zn</bpmn2:flowNodeRef>
            <bpmn2:flowNodeRef>Activity_1qj1hiq</bpmn2:flowNodeRef>
            <bpmn2:flowNodeRef>Gateway_0ho75zq</bpmn2:flowNodeRef>
            <bpmn2:flowNodeRef>Gateway_1uz0da9</bpmn2:flowNodeRef>
          </bpmn2:lane>
        </bpmn2:childLaneSet>
      </bpmn2:lane>
      <bpmn2:lane id="Lane_1p6fr1j" name="Site Acquisition Vendor">
        <bpmn2:flowNodeRef>Gateway_0jieie9</bpmn2:flowNodeRef>
        <bpmn2:flowNodeRef>Activity_0wy1qro</bpmn2:flowNodeRef>
        <bpmn2:flowNodeRef>Activity_1adyi2e</bpmn2:flowNodeRef>
        <bpmn2:flowNodeRef>Activity_18tr5o1</bpmn2:flowNodeRef>
        <bpmn2:flowNodeRef>Activity_1jsyk6s</bpmn2:flowNodeRef>
        <bpmn2:flowNodeRef>Gateway_0mixasf</bpmn2:flowNodeRef>
        <bpmn2:flowNodeRef>Gateway_0iqx15b</bpmn2:flowNodeRef>
        <bpmn2:flowNodeRef>Activity_0vlazmt</bpmn2:flowNodeRef>
        <bpmn2:flowNodeRef>Activity_043ecju</bpmn2:flowNodeRef>
        <bpmn2:flowNodeRef>Activity_12i4qbc</bpmn2:flowNodeRef>
        <bpmn2:flowNodeRef>Event_1rmi8l8</bpmn2:flowNodeRef>
        <bpmn2:childLaneSet id="LaneSet_1crp3yk">
          <bpmn2:lane id="Lane_1ps50ci">
            <bpmn2:flowNodeRef>Gateway_0jieie9</bpmn2:flowNodeRef>
            <bpmn2:flowNodeRef>Activity_0wy1qro</bpmn2:flowNodeRef>
            <bpmn2:flowNodeRef>Activity_1adyi2e</bpmn2:flowNodeRef>
            <bpmn2:flowNodeRef>Activity_18tr5o1</bpmn2:flowNodeRef>
            <bpmn2:flowNodeRef>Activity_1jsyk6s</bpmn2:flowNodeRef>
            <bpmn2:flowNodeRef>Gateway_0mixasf</bpmn2:flowNodeRef>
            <bpmn2:flowNodeRef>Gateway_0iqx15b</bpmn2:flowNodeRef>
            <bpmn2:flowNodeRef>Activity_0vlazmt</bpmn2:flowNodeRef>
            <bpmn2:flowNodeRef>Activity_043ecju</bpmn2:flowNodeRef>
            <bpmn2:flowNodeRef>Activity_12i4qbc</bpmn2:flowNodeRef>
            <bpmn2:flowNodeRef>Event_1rmi8l8</bpmn2:flowNodeRef>
          </bpmn2:lane>
        </bpmn2:childLaneSet>
      </bpmn2:lane>
    </bpmn2:laneSet>
    <bpmn2:sequenceFlow id="Flow_1iropjw" sourceRef="StartEvent_1" targetRef="Activity_07el8f3"/>
    <bpmn2:sequenceFlow id="Flow_1amycsi" sourceRef="Gateway_0jieie9" targetRef="Activity_0wy1qro"/>
    <bpmn2:sequenceFlow id="Flow_0jety2i" sourceRef="Activity_1qj1hiq" targetRef="Gateway_0ho75zq"/>
    <bpmn2:sequenceFlow id="Flow_0uqzh19" sourceRef="Activity_18tr5o1" targetRef="Gateway_0mixasf"/>
    <bpmn2:sequenceFlow id="Flow_0oq7zpw" sourceRef="Gateway_1uz0da9" targetRef="Gateway_0ho75zq"/>
    <bpmn2:sequenceFlow id="Flow_0hqnj5s" sourceRef="Gateway_0ho75zq" targetRef="Activity_0xkl8zn"/>
    <bpmn2:sequenceFlow id="Flow_07qd73t" sourceRef="Activity_0xkl8zn" targetRef="Gateway_0jieie9"/>
    <bpmn2:sequenceFlow id="Flow_1n1klys" sourceRef="Gateway_0jieie9" targetRef="Activity_12i4qbc"/>
    <bpmn2:sequenceFlow id="Flow_13n15sy" sourceRef="Gateway_0jieie9" targetRef="Activity_0vlazmt"/>
    <bpmn2:sequenceFlow id="Flow_04i97ki" sourceRef="Activity_0wy1qro" targetRef="Activity_1adyi2e"/>
    <bpmn2:sequenceFlow id="Flow_0yzkul9" sourceRef="Gateway_0mixasf" targetRef="Activity_1jsyk6s"/>
    <bpmn2:sequenceFlow id="Flow_05yfpja" sourceRef="Activity_1adyi2e" targetRef="Gateway_0iqx15b"/>
    <bpmn2:sequenceFlow id="Flow_1mtbp5k" sourceRef="Gateway_0iqx15b" targetRef="Activity_18tr5o1"/>
    <bpmn2:sequenceFlow id="Flow_0lxrk2j" sourceRef="Gateway_0iqx15b" targetRef="Gateway_0mixasf"/>
    <bpmn2:sequenceFlow id="Flow_06e7cje" sourceRef="Activity_12i4qbc" targetRef="Activity_043ecju"/>
    <bpmn2:sequenceFlow id="Flow_0wrul8b" sourceRef="Activity_043ecju" targetRef="Event_1rmi8l8"/>
    <bpmn2:inclusiveGateway id="Gateway_0jieie9">
      <bpmn2:incoming>Flow_07qd73t</bpmn2:incoming>
      <bpmn2:outgoing>Flow_1amycsi</bpmn2:outgoing>
      <bpmn2:outgoing>Flow_1n1klys</bpmn2:outgoing>
      <bpmn2:outgoing>Flow_13n15sy</bpmn2:outgoing>
    </bpmn2:inclusiveGateway>
    <bpmn2:userTask id="Activity_0wy1qro" name="(SS011) Design Visit Completed">
      <bpmn2:incoming>Flow_1amycsi</bpmn2:incoming>
      <bpmn2:outgoing>Flow_04i97ki</bpmn2:outgoing>
    </bpmn2:userTask>
    <bpmn2:userTask id="Activity_1adyi2e" name="(SS007) Structural Analysis Ordered">
      <bpmn2:incoming>Flow_04i97ki</bpmn2:incoming>
      <bpmn2:outgoing>Flow_05yfpja</bpmn2:outgoing>
    </bpmn2:userTask>
    <bpmn2:userTask id="Activity_18tr5o1" name="(SS103) Structural Analysis Fails">
      <bpmn2:incoming>Flow_1mtbp5k</bpmn2:incoming>
      <bpmn2:outgoing>Flow_0uqzh19</bpmn2:outgoing>
    </bpmn2:userTask>
    <bpmn2:userTask id="Activity_1jsyk6s" name="(SS071) Structural Analysis Passes">
      <bpmn2:incoming>Flow_0yzkul9</bpmn2:incoming>
    </bpmn2:userTask>
    <bpmn2:inclusiveGateway id="Gateway_0mixasf">
      <bpmn2:incoming>Flow_0uqzh19</bpmn2:incoming>
      <bpmn2:incoming>Flow_0lxrk2j</bpmn2:incoming>
      <bpmn2:outgoing>Flow_0yzkul9</bpmn2:outgoing>
    </bpmn2:inclusiveGateway>
    <bpmn2:inclusiveGateway id="Gateway_0iqx15b">
      <bpmn2:incoming>Flow_05yfpja</bpmn2:incoming>
      <bpmn2:outgoing>Flow_1mtbp5k</bpmn2:outgoing>
      <bpmn2:outgoing>Flow_0lxrk2j</bpmn2:outgoing>
    </bpmn2:inclusiveGateway>
    <bpmn2:userTask id="Activity_0vlazmt" name="(SS096) MAA or Other multi-structure Attachment">
      <bpmn2:incoming>Flow_13n15sy</bpmn2:incoming>
    </bpmn2:userTask>
    <bpmn2:userTask id="Activity_043ecju" name="(SS023) Site Information Upload Completed">
      <bpmn2:incoming>Flow_06e7cje</bpmn2:incoming>
      <bpmn2:outgoing>Flow_0wrul8b</bpmn2:outgoing>
    </bpmn2:userTask>
    <bpmn2:userTask id="Activity_12i4qbc" name="(SS020) Construction Ready RFDS Complete">
      <bpmn2:incoming>Flow_1n1klys</bpmn2:incoming>
      <bpmn2:outgoing>Flow_06e7cje</bpmn2:outgoing>
    </bpmn2:userTask>
    <bpmn2:sequenceFlow id="Flow_1jt8s2j" sourceRef="Activity_07el8f3" targetRef="Gateway_1uz0da9"/>
    <bpmn2:sequenceFlow id="Flow_0knh8ew" sourceRef="Gateway_1uz0da9" targetRef="Activity_1qj1hiq"/>
    <bpmn2:userTask id="Activity_07el8f3" name="(SS076) Market Baseline Identified">
      <bpmn2:incoming>Flow_1iropjw</bpmn2:incoming>
      <bpmn2:outgoing>Flow_1jt8s2j</bpmn2:outgoing>
    </bpmn2:userTask>
    <bpmn2:startEvent id="StartEvent_1">
      <bpmn2:outgoing>Flow_1iropjw</bpmn2:outgoing>
    </bpmn2:startEvent>
    <bpmn2:userTask id="Activity_0xkl8zn" name="(SS010) Primary Site Candidate Approved">
      <bpmn2:incoming>Flow_0hqnj5s</bpmn2:incoming>
      <bpmn2:outgoing>Flow_07qd73t</bpmn2:outgoing>
    </bpmn2:userTask>
    <bpmn2:userTask id="Activity_1qj1hiq" name="(SS022) Handoff to Civil Vendor">
      <bpmn2:incoming>Flow_0knh8ew</bpmn2:incoming>
      <bpmn2:outgoing>Flow_0jety2i</bpmn2:outgoing>
    </bpmn2:userTask>
    <bpmn2:inclusiveGateway id="Gateway_0ho75zq">
      <bpmn2:incoming>Flow_0oq7zpw</bpmn2:incoming>
      <bpmn2:incoming>Flow_0jety2i</bpmn2:incoming>
      <bpmn2:outgoing>Flow_0hqnj5s</bpmn2:outgoing>
    </bpmn2:inclusiveGateway>
    <bpmn2:inclusiveGateway id="Gateway_1uz0da9">
      <bpmn2:incoming>Flow_1jt8s2j</bpmn2:incoming>
      <bpmn2:outgoing>Flow_0oq7zpw</bpmn2:outgoing>
      <bpmn2:outgoing>Flow_0knh8ew</bpmn2:outgoing>
    </bpmn2:inclusiveGateway>
    <bpmn2:endEvent id="Event_1rmi8l8">
      <bpmn2:incoming>Flow_0wrul8b</bpmn2:incoming>
    </bpmn2:endEvent>
  </bpmn2:process>
  <bpmndi:BPMNDiagram id="BPMNDiagram_1">
    <bpmndi:BPMNPlane id="BPMNPlane_1" bpmnElement="Collaboration_03ex4ij">
      <bpmndi:BPMNShape id="Participant_1yxe8nc_di" bpmnElement="Participant_1yxe8nc" isHorizontal="true">
        <dc:Bounds x="-270" y="-40" width="1608" height="760"/>
      </bpmndi:BPMNShape>
      <bpmndi:BPMNShape id="Lane_1p6fr1j_di" bpmnElement="Lane_1p6fr1j" isHorizontal="true">
        <dc:Bounds x="-240" y="-40" width="1578" height="410"/>
      </bpmndi:BPMNShape>
      <bpmndi:BPMNShape id="Lane_1ps50ci_di" bpmnElement="Lane_1ps50ci" isHorizontal="true">
        <dc:Bounds x="-210" y="-40" width="1548" height="410"/>
      </bpmndi:BPMNShape>
      <bpmndi:BPMNShape id="Lane_11ufjv7_di" bpmnElement="Lane_11ufjv7" isHorizontal="true">
        <dc:Bounds x="-240" y="370" width="1578" height="350"/>
      </bpmndi:BPMNShape>
      <bpmndi:BPMNShape id="Lane_1wqaiag_di" bpmnElement="Lane_1wqaiag" isHorizontal="true">
        <dc:Bounds x="-210" y="370" width="1548" height="350"/>
      </bpmndi:BPMNShape>
      <bpmndi:BPMNEdge id="Flow_0knh8ew_di" bpmnElement="Flow_0knh8ew">
        <di:waypoint x="65" y="420"/>
        <di:waypoint x="120" y="420"/>
        <di:waypoint x="120" y="460"/>
      </bpmndi:BPMNEdge>
      <bpmndi:BPMNEdge id="Flow_1jt8s2j_di" bpmnElement="Flow_1jt8s2j">
        <di:waypoint x="-40" y="460"/>
        <di:waypoint x="-40" y="420"/>
        <di:waypoint x="15" y="420"/>
      </bpmndi:BPMNEdge>
      <bpmndi:BPMNEdge id="Flow_0wrul8b_di" bpmnElement="Flow_0wrul8b">
        <di:waypoint x="70" y="100"/>
        <di:waypoint x="0" y="100"/>
        <di:waypoint x="0" y="0"/>
        <di:waypoint x="102" y="0"/>
      </bpmndi:BPMNEdge>
      <bpmndi:BPMNEdge id="Flow_06e7cje_di" bpmnElement="Flow_06e7cje">
        <di:waypoint x="70" y="250"/>
        <di:waypoint x="10" y="250"/>
        <di:waypoint x="10" y="180"/>
        <di:waypoint x="120" y="180"/>
        <di:waypoint x="120" y="140"/>
      </bpmndi:BPMNEdge>
      <bpmndi:BPMNEdge id="Flow_0lxrk2j_di" bpmnElement="Flow_0lxrk2j">
        <di:waypoint x="740" y="155"/>
        <di:waypoint x="740" y="320"/>
        <di:waypoint x="925" y="320"/>
      </bpmndi:BPMNEdge>
      <bpmndi:BPMNEdge id="Flow_1mtbp5k_di" bpmnElement="Flow_1mtbp5k">
        <di:waypoint x="765" y="130"/>
        <di:waypoint x="840" y="130"/>
        <di:waypoint x="840" y="210"/>
      </bpmndi:BPMNEdge>
      <bpmndi:BPMNEdge id="Flow_05yfpja_di" bpmnElement="Flow_05yfpja">
        <di:waypoint x="650" y="210"/>
        <di:waypoint x="650" y="130"/>
        <di:waypoint x="715" y="130"/>
      </bpmndi:BPMNEdge>
      <bpmndi:BPMNEdge id="Flow_0yzkul9_di" bpmnElement="Flow_0yzkul9">
        <di:waypoint x="975" y="320"/>
        <di:waypoint x="1060" y="320"/>
        <di:waypoint x="1060" y="290"/>
      </bpmndi:BPMNEdge>
      <bpmndi:BPMNEdge id="Flow_04i97ki_di" bpmnElement="Flow_04i97ki">
        <di:waypoint x="470" y="250"/>
        <di:waypoint x="600" y="250"/>
      </bpmndi:BPMNEdge>
      <bpmndi:BPMNEdge id="Flow_13n15sy_di" bpmnElement="Flow_13n15sy">
        <di:waypoint x="270" y="225"/>
        <di:waypoint x="270" y="140"/>
      </bpmndi:BPMNEdge>
      <bpmndi:BPMNEdge id="Flow_1n1klys_di" bpmnElement="Flow_1n1klys">
        <di:waypoint x="245" y="250"/>
        <di:waypoint x="170" y="250"/>
      </bpmndi:BPMNEdge>
      <bpmndi:BPMNEdge id="Flow_07qd73t_di" bpmnElement="Flow_07qd73t">
        <di:waypoint x="270" y="460"/>
        <di:waypoint x="270" y="275"/>
      </bpmndi:BPMNEdge>
      <bpmndi:BPMNEdge id="Flow_0hqnj5s_di" bpmnElement="Flow_0hqnj5s">
        <di:waypoint x="295" y="650"/>
        <di:waypoint x="370" y="650"/>
        <di:waypoint x="370" y="500"/>
        <di:waypoint x="320" y="500"/>
      </bpmndi:BPMNEdge>
      <bpmndi:BPMNEdge id="Flow_0oq7zpw_di" bpmnElement="Flow_0oq7zpw">
        <di:waypoint x="40" y="445"/>
        <di:waypoint x="40" y="650"/>
        <di:waypoint x="245" y="650"/>
      </bpmndi:BPMNEdge>
      <bpmndi:BPMNEdge id="Flow_0uqzh19_di" bpmnElement="Flow_0uqzh19">
        <di:waypoint x="890" y="250"/>
        <di:waypoint x="950" y="250"/>
        <di:waypoint x="950" y="295"/>
      </bpmndi:BPMNEdge>
      <bpmndi:BPMNEdge id="Flow_0jety2i_di" bpmnElement="Flow_0jety2i">
        <di:waypoint x="120" y="540"/>
        <di:waypoint x="120" y="590"/>
        <di:waypoint x="270" y="590"/>
        <di:waypoint x="270" y="625"/>
      </bpmndi:BPMNEdge>
      <bpmndi:BPMNEdge id="Flow_1amycsi_di" bpmnElement="Flow_1amycsi">
        <di:waypoint x="295" y="250"/>
        <di:waypoint x="370" y="250"/>
      </bpmndi:BPMNEdge>
      <bpmndi:BPMNEdge id="Flow_1iropjw_di" bpmnElement="Flow_1iropjw">
        <di:waypoint x="-142" y="500"/>
        <di:waypoint x="-90" y="500"/>
      </bpmndi:BPMNEdge>
      <bpmndi:BPMNShape id="Gateway_0x5j529_di" bpmnElement="Gateway_0jieie9">
        <dc:Bounds x="245" y="225" width="50" height="50"/>
      </bpmndi:BPMNShape>
      <bpmndi:BPMNShape id="Activity_0wy1qro_di" bpmnElement="Activity_0wy1qro">
        <dc:Bounds x="370" y="210" width="100" height="80"/>
      </bpmndi:BPMNShape>
      <bpmndi:BPMNShape id="Activity_1adyi2e_di" bpmnElement="Activity_1adyi2e">
        <dc:Bounds x="600" y="210" width="100" height="80"/>
      </bpmndi:BPMNShape>
      <bpmndi:BPMNShape id="Activity_18tr5o1_di" bpmnElement="Activity_18tr5o1">
        <dc:Bounds x="790" y="210" width="100" height="80"/>
      </bpmndi:BPMNShape>
      <bpmndi:BPMNShape id="Activity_1jsyk6s_di" bpmnElement="Activity_1jsyk6s">
        <dc:Bounds x="1010" y="210" width="100" height="80"/>
      </bpmndi:BPMNShape>
      <bpmndi:BPMNShape id="Gateway_1v160zh_di" bpmnElement="Gateway_0mixasf">
        <dc:Bounds x="925" y="295" width="50" height="50"/>
      </bpmndi:BPMNShape>
      <bpmndi:BPMNShape id="Gateway_0b88xsy_di" bpmnElement="Gateway_0iqx15b">
        <dc:Bounds x="715" y="105" width="50" height="50"/>
      </bpmndi:BPMNShape>
      <bpmndi:BPMNShape id="Activity_0vlazmt_di" bpmnElement="Activity_0vlazmt">
        <dc:Bounds x="220" y="60" width="100" height="80"/>
      </bpmndi:BPMNShape>
      <bpmndi:BPMNShape id="Activity_043ecju_di" bpmnElement="Activity_043ecju">
        <dc:Bounds x="70" y="60" width="100" height="80"/>
      </bpmndi:BPMNShape>
      <bpmndi:BPMNShape id="Activity_12i4qbc_di" bpmnElement="Activity_12i4qbc">
        <dc:Bounds x="70" y="210" width="100" height="80"/>
      </bpmndi:BPMNShape>
      <bpmndi:BPMNShape id="Activity_07el8f3_di" bpmnElement="Activity_07el8f3">
        <dc:Bounds x="-90" y="460" width="100" height="80"/>
      </bpmndi:BPMNShape>
      <bpmndi:BPMNShape id="_BPMNShape_StartEvent_2" bpmnElement="StartEvent_1">
        <dc:Bounds x="-178" y="482" width="36" height="36"/>
      </bpmndi:BPMNShape>
      <bpmndi:BPMNShape id="Activity_0xkl8zn_di" bpmnElement="Activity_0xkl8zn">
        <dc:Bounds x="220" y="460" width="100" height="80"/>
      </bpmndi:BPMNShape>
      <bpmndi:BPMNShape id="Activity_1qj1hiq_di" bpmnElement="Activity_1qj1hiq">
        <dc:Bounds x="70" y="460" width="100" height="80"/>
      </bpmndi:BPMNShape>
      <bpmndi:BPMNShape id="Gateway_1pxeam8_di" bpmnElement="Gateway_0ho75zq">
        <dc:Bounds x="245" y="625" width="50" height="50"/>
      </bpmndi:BPMNShape>
      <bpmndi:BPMNShape id="Gateway_02htxz8_di" bpmnElement="Gateway_1uz0da9">
        <dc:Bounds x="15" y="395" width="50" height="50"/>
      </bpmndi:BPMNShape>
      <bpmndi:BPMNShape id="Event_1rmi8l8_di" bpmnElement="Event_1rmi8l8">
        <dc:Bounds x="102" y="-18" width="36" height="36"/>
      </bpmndi:BPMNShape>
    </bpmndi:BPMNPlane>
  </bpmndi:BPMNDiagram>
</bpmn2:definitions>