<?xml version="1.0" encoding="UTF-8"?><bpmn2:definitions xmlns:xsi="http://www.w3.org/2001/XMLSchema-instance" xmlns:bpmn2="http://www.omg.org/spec/BPMN/20100524/MODEL" xmlns:bpmndi="http://www.omg.org/spec/BPMN/20100524/DI" xmlns:dc="http://www.omg.org/spec/DD/20100524/DC" xmlns:di="http://www.omg.org/spec/DD/20100524/DI" xmlns:camunda="http://camunda.org/schema/1.0/bpmn" id="sample-diagram" targetNamespace="http://bpmn.io/schema/bpmn" xsi:schemaLocation="http://www.omg.org/spec/BPMN/20100524/MODEL BPMN20.xsd">
  <bpmn2:collaboration id="Collaboration_1yeqmwz">
    <bpmn2:participant id="Participant_06aq6ln" name="Organization" processRef="Process_1_472378"/>
  </bpmn2:collaboration>
  <bpmn2:process id="Process_1_472378" name="MT_CRAN_C&amp;I" isExecutable="true">
    <bpmn2:extensionElements>
      <camunda:properties>
        <camunda:property name="workOrderIDPrefix" value="MT"/>
      </camunda:properties>
    </bpmn2:extensionElements>
    <bpmn2:laneSet id="LaneSet_14y24ab">
      <bpmn2:lane id="Lane_09n82o5" name="ATT">
        <bpmn2:flowNodeRef>StartEvent_1</bpmn2:flowNodeRef>
        <bpmn2:flowNodeRef>Activity_1j1o2n6</bpmn2:flowNodeRef>
        <bpmn2:flowNodeRef>Activity_10e17ly</bpmn2:flowNodeRef>
        <bpmn2:flowNodeRef>Activity_1tr2gte</bpmn2:flowNodeRef>
        <bpmn2:flowNodeRef>Activity_1jy2o8y</bpmn2:flowNodeRef>
        <bpmn2:flowNodeRef>Activity_0ua0u4c</bpmn2:flowNodeRef>
        <bpmn2:flowNodeRef>Activity_0wui805</bpmn2:flowNodeRef>
        <bpmn2:flowNodeRef>Activity_0qylh71</bpmn2:flowNodeRef>
        <bpmn2:flowNodeRef>Gateway_1or8x3w</bpmn2:flowNodeRef>
        <bpmn2:flowNodeRef>Activity_17sdoa7</bpmn2:flowNodeRef>
        <bpmn2:flowNodeRef>Activity_1r2uriz</bpmn2:flowNodeRef>
        <bpmn2:flowNodeRef>Activity_0hhbzq3</bpmn2:flowNodeRef>
        <bpmn2:flowNodeRef>Activity_1w4lz4h</bpmn2:flowNodeRef>
        <bpmn2:flowNodeRef>Activity_07lsei8</bpmn2:flowNodeRef>
        <bpmn2:flowNodeRef>Activity_1wt9f7m</bpmn2:flowNodeRef>
        <bpmn2:flowNodeRef>Gateway_1v0fhyb</bpmn2:flowNodeRef>
        <bpmn2:flowNodeRef>Activity_1kkarl9</bpmn2:flowNodeRef>
        <bpmn2:flowNodeRef>Gateway_1qomadq</bpmn2:flowNodeRef>
        <bpmn2:flowNodeRef>Activity_0qee0jb</bpmn2:flowNodeRef>
        <bpmn2:flowNodeRef>Gateway_05elqdb</bpmn2:flowNodeRef>
        <bpmn2:flowNodeRef>Activity_1ttb9y1</bpmn2:flowNodeRef>
        <bpmn2:flowNodeRef>Activity_0uirhrv</bpmn2:flowNodeRef>
        <bpmn2:flowNodeRef>Gateway_0p37ntc</bpmn2:flowNodeRef>
        <bpmn2:flowNodeRef>Gateway_08nawop</bpmn2:flowNodeRef>
        <bpmn2:flowNodeRef>Event_03oj1ss</bpmn2:flowNodeRef>
        <bpmn2:flowNodeRef>Gateway_1d71425</bpmn2:flowNodeRef>
        <bpmn2:childLaneSet id="LaneSet_0q3m19l">
          <bpmn2:lane id="Lane_045671h">
            <bpmn2:flowNodeRef>StartEvent_1</bpmn2:flowNodeRef>
            <bpmn2:flowNodeRef>Activity_1j1o2n6</bpmn2:flowNodeRef>
            <bpmn2:flowNodeRef>Activity_10e17ly</bpmn2:flowNodeRef>
            <bpmn2:flowNodeRef>Activity_1tr2gte</bpmn2:flowNodeRef>
            <bpmn2:flowNodeRef>Activity_1jy2o8y</bpmn2:flowNodeRef>
            <bpmn2:flowNodeRef>Activity_0ua0u4c</bpmn2:flowNodeRef>
            <bpmn2:flowNodeRef>Activity_0wui805</bpmn2:flowNodeRef>
            <bpmn2:flowNodeRef>Activity_0qylh71</bpmn2:flowNodeRef>
            <bpmn2:flowNodeRef>Gateway_1or8x3w</bpmn2:flowNodeRef>
            <bpmn2:flowNodeRef>Activity_17sdoa7</bpmn2:flowNodeRef>
            <bpmn2:flowNodeRef>Activity_1r2uriz</bpmn2:flowNodeRef>
            <bpmn2:flowNodeRef>Activity_0hhbzq3</bpmn2:flowNodeRef>
            <bpmn2:flowNodeRef>Activity_1w4lz4h</bpmn2:flowNodeRef>
            <bpmn2:flowNodeRef>Activity_07lsei8</bpmn2:flowNodeRef>
            <bpmn2:flowNodeRef>Activity_1wt9f7m</bpmn2:flowNodeRef>
            <bpmn2:flowNodeRef>Gateway_1v0fhyb</bpmn2:flowNodeRef>
            <bpmn2:flowNodeRef>Activity_1kkarl9</bpmn2:flowNodeRef>
            <bpmn2:flowNodeRef>Gateway_1qomadq</bpmn2:flowNodeRef>
            <bpmn2:flowNodeRef>Activity_0qee0jb</bpmn2:flowNodeRef>
            <bpmn2:flowNodeRef>Gateway_05elqdb</bpmn2:flowNodeRef>
            <bpmn2:flowNodeRef>Activity_1ttb9y1</bpmn2:flowNodeRef>
            <bpmn2:flowNodeRef>Activity_0uirhrv</bpmn2:flowNodeRef>
            <bpmn2:flowNodeRef>Gateway_0p37ntc</bpmn2:flowNodeRef>
            <bpmn2:flowNodeRef>Gateway_08nawop</bpmn2:flowNodeRef>
            <bpmn2:flowNodeRef>Event_03oj1ss</bpmn2:flowNodeRef>
            <bpmn2:flowNodeRef>Gateway_1d71425</bpmn2:flowNodeRef>
          </bpmn2:lane>
        </bpmn2:childLaneSet>
      </bpmn2:lane>
      <bpmn2:lane id="Lane_0ghpzyh" name="Site Acquisition Vendor">
        <bpmn2:flowNodeRef>Activity_0h71d44</bpmn2:flowNodeRef>
        <bpmn2:flowNodeRef>Activity_13pq8ya</bpmn2:flowNodeRef>
        <bpmn2:flowNodeRef>Gateway_0e2xefk</bpmn2:flowNodeRef>
        <bpmn2:flowNodeRef>Activity_0ocp2ck</bpmn2:flowNodeRef>
        <bpmn2:flowNodeRef>Gateway_0qdv7za</bpmn2:flowNodeRef>
        <bpmn2:flowNodeRef>Gateway_1uigjl9</bpmn2:flowNodeRef>
        <bpmn2:flowNodeRef>Activity_1wi0zze</bpmn2:flowNodeRef>
        <bpmn2:flowNodeRef>Activity_1vlatxf</bpmn2:flowNodeRef>
        <bpmn2:flowNodeRef>Activity_0dd7z7e</bpmn2:flowNodeRef>
        <bpmn2:flowNodeRef>Activity_19d4sqa</bpmn2:flowNodeRef>
        <bpmn2:flowNodeRef>Gateway_0c2wj7c</bpmn2:flowNodeRef>
        <bpmn2:flowNodeRef>Gateway_0bggvyg</bpmn2:flowNodeRef>
        <bpmn2:flowNodeRef>Gateway_0xb2d1s</bpmn2:flowNodeRef>
        <bpmn2:flowNodeRef>Gateway_07ogkx8</bpmn2:flowNodeRef>
        <bpmn2:childLaneSet id="LaneSet_0fz840g">
          <bpmn2:lane id="Lane_1st8q5b">
            <bpmn2:flowNodeRef>Activity_0h71d44</bpmn2:flowNodeRef>
            <bpmn2:flowNodeRef>Activity_13pq8ya</bpmn2:flowNodeRef>
            <bpmn2:flowNodeRef>Gateway_0e2xefk</bpmn2:flowNodeRef>
            <bpmn2:flowNodeRef>Activity_0ocp2ck</bpmn2:flowNodeRef>
            <bpmn2:flowNodeRef>Gateway_0qdv7za</bpmn2:flowNodeRef>
            <bpmn2:flowNodeRef>Gateway_1uigjl9</bpmn2:flowNodeRef>
            <bpmn2:flowNodeRef>Activity_1wi0zze</bpmn2:flowNodeRef>
            <bpmn2:flowNodeRef>Activity_1vlatxf</bpmn2:flowNodeRef>
            <bpmn2:flowNodeRef>Activity_0dd7z7e</bpmn2:flowNodeRef>
            <bpmn2:flowNodeRef>Activity_19d4sqa</bpmn2:flowNodeRef>
            <bpmn2:flowNodeRef>Gateway_0c2wj7c</bpmn2:flowNodeRef>
            <bpmn2:flowNodeRef>Gateway_0bggvyg</bpmn2:flowNodeRef>
            <bpmn2:flowNodeRef>Gateway_0xb2d1s</bpmn2:flowNodeRef>
            <bpmn2:flowNodeRef>Gateway_07ogkx8</bpmn2:flowNodeRef>
          </bpmn2:lane>
        </bpmn2:childLaneSet>
      </bpmn2:lane>
      <bpmn2:lane id="Lane_0da4bij" name="Civil Vendor">
        <bpmn2:flowNodeRef>Activity_1ypp5ed</bpmn2:flowNodeRef>
        <bpmn2:flowNodeRef>Activity_096ws4b</bpmn2:flowNodeRef>
        <bpmn2:flowNodeRef>Activity_1pbcd8z</bpmn2:flowNodeRef>
        <bpmn2:flowNodeRef>Activity_1u6v6h0</bpmn2:flowNodeRef>
        <bpmn2:flowNodeRef>Gateway_010byom</bpmn2:flowNodeRef>
        <bpmn2:flowNodeRef>Activity_0f0czki</bpmn2:flowNodeRef>
        <bpmn2:flowNodeRef>Activity_12lo1i5</bpmn2:flowNodeRef>
        <bpmn2:flowNodeRef>Gateway_14tb14q</bpmn2:flowNodeRef>
        <bpmn2:flowNodeRef>Gateway_0fdopfs</bpmn2:flowNodeRef>
        <bpmn2:flowNodeRef>Gateway_0sphzxr</bpmn2:flowNodeRef>
        <bpmn2:flowNodeRef>Activity_14vrrl2</bpmn2:flowNodeRef>
        <bpmn2:flowNodeRef>Activity_17ppyaq</bpmn2:flowNodeRef>
        <bpmn2:flowNodeRef>Gateway_0nk8sgq</bpmn2:flowNodeRef>
        <bpmn2:flowNodeRef>Activity_0tinirw</bpmn2:flowNodeRef>
        <bpmn2:flowNodeRef>Activity_05z5z25</bpmn2:flowNodeRef>
        <bpmn2:flowNodeRef>Gateway_0d3asix</bpmn2:flowNodeRef>
        <bpmn2:flowNodeRef>Gateway_0spcaf3</bpmn2:flowNodeRef>
        <bpmn2:flowNodeRef>Gateway_00ceqve</bpmn2:flowNodeRef>
        <bpmn2:flowNodeRef>Gateway_15k1140</bpmn2:flowNodeRef>
        <bpmn2:flowNodeRef>Activity_1hdnj0w</bpmn2:flowNodeRef>
        <bpmn2:flowNodeRef>Gateway_0a58773</bpmn2:flowNodeRef>
        <bpmn2:flowNodeRef>Gateway_1af743a</bpmn2:flowNodeRef>
        <bpmn2:flowNodeRef>Gateway_1ipd9gw</bpmn2:flowNodeRef>
        <bpmn2:childLaneSet id="LaneSet_09zay9n">
          <bpmn2:lane id="Lane_0efob9v">
            <bpmn2:flowNodeRef>Activity_1ypp5ed</bpmn2:flowNodeRef>
            <bpmn2:flowNodeRef>Activity_096ws4b</bpmn2:flowNodeRef>
            <bpmn2:flowNodeRef>Activity_1pbcd8z</bpmn2:flowNodeRef>
            <bpmn2:flowNodeRef>Activity_1u6v6h0</bpmn2:flowNodeRef>
            <bpmn2:flowNodeRef>Gateway_010byom</bpmn2:flowNodeRef>
            <bpmn2:flowNodeRef>Activity_0f0czki</bpmn2:flowNodeRef>
            <bpmn2:flowNodeRef>Activity_12lo1i5</bpmn2:flowNodeRef>
            <bpmn2:flowNodeRef>Gateway_14tb14q</bpmn2:flowNodeRef>
            <bpmn2:flowNodeRef>Gateway_0fdopfs</bpmn2:flowNodeRef>
            <bpmn2:flowNodeRef>Gateway_0sphzxr</bpmn2:flowNodeRef>
            <bpmn2:flowNodeRef>Activity_14vrrl2</bpmn2:flowNodeRef>
            <bpmn2:flowNodeRef>Activity_17ppyaq</bpmn2:flowNodeRef>
            <bpmn2:flowNodeRef>Gateway_0nk8sgq</bpmn2:flowNodeRef>
            <bpmn2:flowNodeRef>Activity_0tinirw</bpmn2:flowNodeRef>
            <bpmn2:flowNodeRef>Activity_05z5z25</bpmn2:flowNodeRef>
            <bpmn2:flowNodeRef>Gateway_0d3asix</bpmn2:flowNodeRef>
            <bpmn2:flowNodeRef>Gateway_0spcaf3</bpmn2:flowNodeRef>
            <bpmn2:flowNodeRef>Gateway_00ceqve</bpmn2:flowNodeRef>
            <bpmn2:flowNodeRef>Gateway_15k1140</bpmn2:flowNodeRef>
            <bpmn2:flowNodeRef>Activity_1hdnj0w</bpmn2:flowNodeRef>
            <bpmn2:flowNodeRef>Gateway_0a58773</bpmn2:flowNodeRef>
            <bpmn2:flowNodeRef>Gateway_1af743a</bpmn2:flowNodeRef>
            <bpmn2:flowNodeRef>Gateway_1ipd9gw</bpmn2:flowNodeRef>
          </bpmn2:lane>
        </bpmn2:childLaneSet>
      </bpmn2:lane>
    </bpmn2:laneSet>
    <bpmn2:sequenceFlow id="Flow_05vg8go" sourceRef="Activity_0ocp2ck" targetRef="Gateway_0e2xefk"/>
    <bpmn2:sequenceFlow id="Flow_08vw6y4" sourceRef="Gateway_0e2xefk" targetRef="Activity_1tr2gte"/>
    <bpmn2:startEvent id="StartEvent_1">
      <bpmn2:outgoing>Flow_1f3939y</bpmn2:outgoing>
    </bpmn2:startEvent>
    <bpmn2:userTask id="Activity_1j1o2n6" name="(CI264) ACD Submitted to GMLC Vendor">
      <bpmn2:incoming>Flow_0b6fyby</bpmn2:incoming>
      <bpmn2:outgoing>Flow_1jfacan</bpmn2:outgoing>
    </bpmn2:userTask>
    <bpmn2:sequenceFlow id="Flow_1f3939y" sourceRef="StartEvent_1" targetRef="Gateway_1d71425"/>
    <bpmn2:userTask id="Activity_10e17ly" name="SS010">
      <bpmn2:outgoing>Flow_0i1yfgg</bpmn2:outgoing>
    </bpmn2:userTask>
    <bpmn2:sequenceFlow id="Flow_0i1yfgg" sourceRef="Activity_10e17ly" targetRef="Activity_13pq8ya"/>
    <bpmn2:sequenceFlow id="Flow_1jnp2ah" sourceRef="Gateway_0e2xefk" targetRef="Activity_1ypp5ed"/>
    <bpmn2:sequenceFlow id="Flow_0yq91b8" sourceRef="Activity_1tr2gte" targetRef="Activity_0qylh71"/>
    <bpmn2:userTask id="Activity_1tr2gte" name="(CI065) Call Out Tower Mounted Equipment">
      <bpmn2:incoming>Flow_08vw6y4</bpmn2:incoming>
      <bpmn2:outgoing>Flow_0yq91b8</bpmn2:outgoing>
    </bpmn2:userTask>
    <bpmn2:sequenceFlow id="Flow_0zrtnjp" sourceRef="Gateway_0e2xefk" targetRef="Activity_1jy2o8y"/>
    <bpmn2:userTask id="Activity_1jy2o8y" name="(CI046)Power Equipment Delivered to Crossdock">
      <bpmn2:incoming>Flow_0zrtnjp</bpmn2:incoming>
      <bpmn2:outgoing>Flow_1tmq9du</bpmn2:outgoing>
    </bpmn2:userTask>
    <bpmn2:userTask id="Activity_0ua0u4c" name="(CI048)OEM Equipment Delivered to Crossdock">
      <bpmn2:incoming>Flow_11368lx</bpmn2:incoming>
      <bpmn2:outgoing>Flow_1j63t34</bpmn2:outgoing>
    </bpmn2:userTask>
    <bpmn2:sequenceFlow id="Flow_11368lx" sourceRef="Gateway_0e2xefk" targetRef="Activity_0ua0u4c"/>
    <bpmn2:sequenceFlow id="Flow_1l9yrzl" sourceRef="Activity_096ws4b" targetRef="Activity_1pbcd8z"/>
    <bpmn2:sequenceFlow id="Flow_08vjxl4" sourceRef="Activity_13pq8ya" targetRef="Gateway_010byom"/>
    <bpmn2:sequenceFlow id="Flow_0udygx3" sourceRef="Gateway_010byom" targetRef="Activity_1u6v6h0"/>
    <bpmn2:sequenceFlow id="Flow_1ai0k5k" sourceRef="Gateway_010byom" targetRef="Gateway_0sphzxr"/>
    <bpmn2:userTask id="Activity_0wui805" name="(CI041)Verify Data fill">
      <bpmn2:incoming>Flow_0tr0nsm</bpmn2:incoming>
      <bpmn2:outgoing>Flow_0vicsn8</bpmn2:outgoing>
    </bpmn2:userTask>
    <bpmn2:sequenceFlow id="Flow_0ykplpr" sourceRef="Activity_1ypp5ed" targetRef="Gateway_0fdopfs"/>
    <bpmn2:sequenceFlow id="Flow_05zqc3c" sourceRef="Activity_0qylh71" targetRef="Gateway_0fdopfs"/>
    <bpmn2:userTask id="Activity_0qylh71" name="(CI034) Tower Mounted EPL Equipment Delivered">
      <bpmn2:incoming>Flow_0yq91b8</bpmn2:incoming>
      <bpmn2:outgoing>Flow_05zqc3c</bpmn2:outgoing>
    </bpmn2:userTask>
    <bpmn2:sequenceFlow id="Flow_0bjia1t" sourceRef="Gateway_0fdopfs" targetRef="Gateway_14tb14q"/>
    <bpmn2:sequenceFlow id="Flow_1e62sfh" sourceRef="Activity_14vrrl2" targetRef="Gateway_14tb14q"/>
    <bpmn2:inclusiveGateway id="Gateway_1or8x3w">
      <bpmn2:incoming>Flow_1tmq9du</bpmn2:incoming>
      <bpmn2:incoming>Flow_1j63t34</bpmn2:incoming>
      <bpmn2:outgoing>Flow_15g7ety</bpmn2:outgoing>
    </bpmn2:inclusiveGateway>
    <bpmn2:sequenceFlow id="Flow_1tmq9du" sourceRef="Activity_1jy2o8y" targetRef="Gateway_1or8x3w"/>
    <bpmn2:sequenceFlow id="Flow_1j63t34" sourceRef="Activity_0ua0u4c" targetRef="Gateway_1or8x3w"/>
    <bpmn2:sequenceFlow id="Flow_15g7ety" sourceRef="Gateway_1or8x3w" targetRef="Gateway_14tb14q"/>
    <bpmn2:sequenceFlow id="Flow_1xtqd9s" sourceRef="Activity_1pbcd8z" targetRef="Gateway_0fdopfs"/>
    <bpmn2:sequenceFlow id="Flow_1370tym" sourceRef="Gateway_14tb14q" targetRef="Activity_0f0czki"/>
    <bpmn2:sequenceFlow id="Flow_1u3oljs" sourceRef="Activity_1wi0zze" targetRef="Gateway_0qdv7za"/>
    <bpmn2:sequenceFlow id="Flow_14hypa6" sourceRef="Activity_19d4sqa" targetRef="Gateway_1uigjl9"/>
    <bpmn2:sequenceFlow id="Flow_0a8dvc1" sourceRef="Gateway_0qdv7za" targetRef="Activity_096ws4b"/>
    <bpmn2:sequenceFlow id="Flow_0mvk2qn" sourceRef="Activity_1vlatxf" targetRef="Activity_1pbcd8z"/>
    <bpmn2:sequenceFlow id="Flow_0kuo5su" sourceRef="Gateway_1uigjl9" targetRef="Gateway_0qdv7za"/>
    <bpmn2:sequenceFlow id="Flow_0bulrf0" sourceRef="Gateway_1uigjl9" targetRef="Gateway_0bggvyg"/>
    <bpmn2:sequenceFlow id="Flow_1wqwhm5" sourceRef="Activity_0dd7z7e" targetRef="Gateway_0c2wj7c"/>
    <bpmn2:sequenceFlow id="Flow_0e8kpm8" sourceRef="Gateway_0c2wj7c" targetRef="Gateway_0bggvyg"/>
    <bpmn2:sequenceFlow id="Flow_00822bs" sourceRef="Activity_1u6v6h0" targetRef="Activity_12lo1i5"/>
    <bpmn2:sequenceFlow id="Flow_0tr0nsm" sourceRef="Gateway_0c2wj7c" targetRef="Activity_0wui805"/>
    <bpmn2:sequenceFlow id="Flow_0gmxoy5" sourceRef="Gateway_0sphzxr" targetRef="Activity_14vrrl2"/>
    <bpmn2:sequenceFlow id="Flow_132dybl" sourceRef="Gateway_0bggvyg" targetRef="Gateway_0sphzxr"/>
    <bpmn2:sequenceFlow id="Flow_0z1infb" sourceRef="Activity_1r2uriz" targetRef="Activity_17sdoa7"/>
    <bpmn2:sequenceFlow id="Flow_0xmrgni" sourceRef="Activity_0f0czki" targetRef="Gateway_0d3asix"/>
    <bpmn2:sequenceFlow id="Flow_0hxzjqj" sourceRef="Activity_12lo1i5" targetRef="Gateway_0nk8sgq"/>
    <bpmn2:sequenceFlow id="Flow_19dlnit" sourceRef="Activity_17sdoa7" targetRef="Gateway_07ogkx8"/>
    <bpmn2:userTask id="Activity_17sdoa7" name="(CI042) Transport Delivered">
      <bpmn2:incoming>Flow_0z1infb</bpmn2:incoming>
      <bpmn2:outgoing>Flow_19dlnit</bpmn2:outgoing>
    </bpmn2:userTask>
    <bpmn2:userTask id="Activity_1r2uriz" name="RE095">
      <bpmn2:outgoing>Flow_0z1infb</bpmn2:outgoing>
    </bpmn2:userTask>
    <bpmn2:sequenceFlow id="Flow_07cgw6k" sourceRef="Gateway_0nk8sgq" targetRef="Activity_17ppyaq"/>
    <bpmn2:sequenceFlow id="Flow_0lzdor1" sourceRef="Gateway_0spcaf3" targetRef="Gateway_0nk8sgq"/>
    <bpmn2:sequenceFlow id="Flow_1j8t92l" sourceRef="Gateway_0spcaf3" targetRef="Activity_0tinirw"/>
    <bpmn2:sequenceFlow id="Flow_0vicsn8" sourceRef="Activity_0wui805" targetRef="Gateway_0xb2d1s"/>
    <bpmn2:sequenceFlow id="Flow_0tpps87" sourceRef="Gateway_07ogkx8" targetRef="Gateway_0nk8sgq"/>
    <bpmn2:sequenceFlow id="Flow_17c6jjd" sourceRef="Gateway_07ogkx8" targetRef="Gateway_0xb2d1s"/>
    <bpmn2:sequenceFlow id="Flow_0wgruaq" sourceRef="Gateway_0d3asix" targetRef="Gateway_0spcaf3"/>
    <bpmn2:sequenceFlow id="Flow_0tj02do" sourceRef="Gateway_0d3asix" targetRef="Gateway_00ceqve"/>
    <bpmn2:sequenceFlow id="Flow_17cfstw" sourceRef="Gateway_0xb2d1s" targetRef="Gateway_00ceqve"/>
    <bpmn2:sequenceFlow id="Flow_1e9b95p" sourceRef="Gateway_00ceqve" targetRef="Activity_05z5z25"/>
    <bpmn2:sequenceFlow id="Flow_1jfacan" sourceRef="Activity_1j1o2n6" targetRef="Gateway_0xb2d1s"/>
    <bpmn2:sequenceFlow id="Flow_00azgpl" sourceRef="Gateway_15k1140" targetRef="Activity_0hhbzq3"/>
    <bpmn2:userTask id="Activity_0hhbzq3" name="(CI265) Prelaunch Audit Approved">
      <bpmn2:incoming>Flow_00azgpl</bpmn2:incoming>
      <bpmn2:outgoing>Flow_1r08vhf</bpmn2:outgoing>
    </bpmn2:userTask>
    <bpmn2:sequenceFlow id="Flow_15zjq3r" sourceRef="Activity_05z5z25" targetRef="Gateway_15k1140"/>
    <bpmn2:userTask id="Activity_1w4lz4h" name="(CI056) Alarming and Monitoring Complete">
      <bpmn2:incoming>Flow_1l0lpof</bpmn2:incoming>
      <bpmn2:outgoing>Flow_1bxisg8</bpmn2:outgoing>
    </bpmn2:userTask>
    <bpmn2:sequenceFlow id="Flow_1mm3ymn" sourceRef="Gateway_15k1140" targetRef="Gateway_0a58773"/>
    <bpmn2:sequenceFlow id="Flow_1nb6col" sourceRef="Gateway_15k1140" targetRef="Activity_1hdnj0w"/>
    <bpmn2:sequenceFlow id="Flow_0n1tz5l" sourceRef="Gateway_1v0fhyb" targetRef="Activity_1wt9f7m"/>
    <bpmn2:sequenceFlow id="Flow_0cautjz" sourceRef="Activity_07lsei8" targetRef="Gateway_1v0fhyb"/>
    <bpmn2:sequenceFlow id="Flow_13364mz" sourceRef="Gateway_0d3asix" targetRef="Gateway_1v0fhyb"/>
    <bpmn2:userTask id="Activity_07lsei8" name="RE060">
      <bpmn2:outgoing>Flow_0cautjz</bpmn2:outgoing>
    </bpmn2:userTask>
    <bpmn2:userTask id="Activity_1wt9f7m" name="(CI050) Construction Completed">
      <bpmn2:incoming>Flow_0n1tz5l</bpmn2:incoming>
      <bpmn2:outgoing>Flow_1lj83yg</bpmn2:outgoing>
    </bpmn2:userTask>
    <bpmn2:inclusiveGateway id="Gateway_1v0fhyb">
      <bpmn2:incoming>Flow_0cautjz</bpmn2:incoming>
      <bpmn2:incoming>Flow_13364mz</bpmn2:incoming>
      <bpmn2:outgoing>Flow_0n1tz5l</bpmn2:outgoing>
    </bpmn2:inclusiveGateway>
    <bpmn2:userTask id="Activity_1kkarl9" name="(CI081)  Operations/Quality and Video">
      <bpmn2:incoming>Flow_13ujwc0</bpmn2:incoming>
    </bpmn2:userTask>
    <bpmn2:sequenceFlow id="Flow_1l0lpof" sourceRef="Gateway_0a58773" targetRef="Activity_1w4lz4h"/>
    <bpmn2:sequenceFlow id="Flow_0eph1ux" sourceRef="Gateway_0a58773" targetRef="Gateway_1qomadq"/>
    <bpmn2:sequenceFlow id="Flow_13ujwc0" sourceRef="Gateway_1qomadq" targetRef="Activity_1kkarl9"/>
    <bpmn2:userTask id="Activity_0h71d44" name="SS023">
      <bpmn2:outgoing>Flow_0tioyds</bpmn2:outgoing>
    </bpmn2:userTask>
    <bpmn2:userTask id="Activity_13pq8ya" name="(CI002) Permanent Power Ordered">
      <bpmn2:incoming>Flow_0i1yfgg</bpmn2:incoming>
      <bpmn2:outgoing>Flow_08vjxl4</bpmn2:outgoing>
    </bpmn2:userTask>
    <bpmn2:inclusiveGateway id="Gateway_0e2xefk">
      <bpmn2:incoming>Flow_05vg8go</bpmn2:incoming>
      <bpmn2:outgoing>Flow_08vw6y4</bpmn2:outgoing>
      <bpmn2:outgoing>Flow_1jnp2ah</bpmn2:outgoing>
      <bpmn2:outgoing>Flow_0zrtnjp</bpmn2:outgoing>
      <bpmn2:outgoing>Flow_11368lx</bpmn2:outgoing>
    </bpmn2:inclusiveGateway>
    <bpmn2:userTask id="Activity_0ocp2ck" name="RE015">
      <bpmn2:outgoing>Flow_05vg8go</bpmn2:outgoing>
    </bpmn2:userTask>
    <bpmn2:inclusiveGateway id="Gateway_0qdv7za">
      <bpmn2:incoming>Flow_1u3oljs</bpmn2:incoming>
      <bpmn2:incoming>Flow_0kuo5su</bpmn2:incoming>
      <bpmn2:outgoing>Flow_0a8dvc1</bpmn2:outgoing>
    </bpmn2:inclusiveGateway>
    <bpmn2:inclusiveGateway id="Gateway_1uigjl9">
      <bpmn2:incoming>Flow_14hypa6</bpmn2:incoming>
      <bpmn2:outgoing>Flow_0kuo5su</bpmn2:outgoing>
      <bpmn2:outgoing>Flow_0bulrf0</bpmn2:outgoing>
    </bpmn2:inclusiveGateway>
    <bpmn2:userTask id="Activity_1wi0zze" name="RE007">
      <bpmn2:outgoing>Flow_1u3oljs</bpmn2:outgoing>
    </bpmn2:userTask>
    <bpmn2:userTask id="Activity_1vlatxf" name="RE068">
      <bpmn2:outgoing>Flow_0mvk2qn</bpmn2:outgoing>
    </bpmn2:userTask>
    <bpmn2:userTask id="Activity_0dd7z7e" name="RE020">
      <bpmn2:outgoing>Flow_1wqwhm5</bpmn2:outgoing>
    </bpmn2:userTask>
    <bpmn2:userTask id="Activity_19d4sqa" name="RE032">
      <bpmn2:outgoing>Flow_14hypa6</bpmn2:outgoing>
    </bpmn2:userTask>
    <bpmn2:inclusiveGateway id="Gateway_0c2wj7c">
      <bpmn2:incoming>Flow_1wqwhm5</bpmn2:incoming>
      <bpmn2:outgoing>Flow_0e8kpm8</bpmn2:outgoing>
      <bpmn2:outgoing>Flow_0tr0nsm</bpmn2:outgoing>
    </bpmn2:inclusiveGateway>
    <bpmn2:userTask id="Activity_1ypp5ed" name="(CI006) Civil Equipment Received in Market">
      <bpmn2:incoming>Flow_1jnp2ah</bpmn2:incoming>
      <bpmn2:outgoing>Flow_0ykplpr</bpmn2:outgoing>
    </bpmn2:userTask>
    <bpmn2:userTask id="Activity_096ws4b" name="(CI153)Third Party New Tower Construction Complete">
      <bpmn2:incoming>Flow_0a8dvc1</bpmn2:incoming>
      <bpmn2:outgoing>Flow_1l9yrzl</bpmn2:outgoing>
    </bpmn2:userTask>
    <bpmn2:userTask id="Activity_1pbcd8z" name="(CI060) Site and/or Shelter Ready for Equipment">
      <bpmn2:incoming>Flow_1l9yrzl</bpmn2:incoming>
      <bpmn2:incoming>Flow_0mvk2qn</bpmn2:incoming>
      <bpmn2:outgoing>Flow_1xtqd9s</bpmn2:outgoing>
    </bpmn2:userTask>
    <bpmn2:userTask id="Activity_1u6v6h0" name="(CI269)Power Notice to Proceed (PNTP)">
      <bpmn2:incoming>Flow_0udygx3</bpmn2:incoming>
      <bpmn2:outgoing>Flow_00822bs</bpmn2:outgoing>
    </bpmn2:userTask>
    <bpmn2:inclusiveGateway id="Gateway_010byom">
      <bpmn2:incoming>Flow_08vjxl4</bpmn2:incoming>
      <bpmn2:outgoing>Flow_0udygx3</bpmn2:outgoing>
      <bpmn2:outgoing>Flow_1ai0k5k</bpmn2:outgoing>
    </bpmn2:inclusiveGateway>
    <bpmn2:userTask id="Activity_0f0czki" name="(CI119)Equipment Installed">
      <bpmn2:incoming>Flow_1370tym</bpmn2:incoming>
      <bpmn2:outgoing>Flow_0xmrgni</bpmn2:outgoing>
    </bpmn2:userTask>
    <bpmn2:userTask id="Activity_12lo1i5" name="(CI099) Permanent Power Received">
      <bpmn2:incoming>Flow_00822bs</bpmn2:incoming>
      <bpmn2:outgoing>Flow_0hxzjqj</bpmn2:outgoing>
    </bpmn2:userTask>
    <bpmn2:inclusiveGateway id="Gateway_14tb14q">
      <bpmn2:incoming>Flow_0bjia1t</bpmn2:incoming>
      <bpmn2:incoming>Flow_1e62sfh</bpmn2:incoming>
      <bpmn2:incoming>Flow_15g7ety</bpmn2:incoming>
      <bpmn2:outgoing>Flow_1370tym</bpmn2:outgoing>
    </bpmn2:inclusiveGateway>
    <bpmn2:inclusiveGateway id="Gateway_0fdopfs">
      <bpmn2:incoming>Flow_0ykplpr</bpmn2:incoming>
      <bpmn2:incoming>Flow_05zqc3c</bpmn2:incoming>
      <bpmn2:incoming>Flow_1xtqd9s</bpmn2:incoming>
      <bpmn2:outgoing>Flow_0bjia1t</bpmn2:outgoing>
    </bpmn2:inclusiveGateway>
    <bpmn2:inclusiveGateway id="Gateway_0bggvyg">
      <bpmn2:incoming>Flow_0e8kpm8</bpmn2:incoming>
      <bpmn2:incoming>Flow_0bulrf0</bpmn2:incoming>
      <bpmn2:outgoing>Flow_132dybl</bpmn2:outgoing>
    </bpmn2:inclusiveGateway>
    <bpmn2:inclusiveGateway id="Gateway_0sphzxr">
      <bpmn2:incoming>Flow_1ai0k5k</bpmn2:incoming>
      <bpmn2:incoming>Flow_132dybl</bpmn2:incoming>
      <bpmn2:outgoing>Flow_0gmxoy5</bpmn2:outgoing>
    </bpmn2:inclusiveGateway>
    <bpmn2:userTask id="Activity_14vrrl2" name="(CI025)Construction Started">
      <bpmn2:incoming>Flow_0gmxoy5</bpmn2:incoming>
      <bpmn2:outgoing>Flow_1e62sfh</bpmn2:outgoing>
    </bpmn2:userTask>
    <bpmn2:userTask id="Activity_17ppyaq" name="(CI262) Node Installation Complete">
      <bpmn2:incoming>Flow_07cgw6k</bpmn2:incoming>
      <bpmn2:outgoing>Flow_0g8dowq</bpmn2:outgoing>
    </bpmn2:userTask>
    <bpmn2:inclusiveGateway id="Gateway_0nk8sgq">
      <bpmn2:incoming>Flow_0hxzjqj</bpmn2:incoming>
      <bpmn2:incoming>Flow_0lzdor1</bpmn2:incoming>
      <bpmn2:incoming>Flow_0tpps87</bpmn2:incoming>
      <bpmn2:outgoing>Flow_07cgw6k</bpmn2:outgoing>
    </bpmn2:inclusiveGateway>
    <bpmn2:userTask id="Activity_0tinirw" name="(CI110) On-Air NTP Received">
      <bpmn2:incoming>Flow_1j8t92l</bpmn2:incoming>
      <bpmn2:outgoing>Flow_12ukxl3</bpmn2:outgoing>
    </bpmn2:userTask>
    <bpmn2:userTask id="Activity_05z5z25" name="(CI035) e-Node B Integration Completed">
      <bpmn2:incoming>Flow_1e9b95p</bpmn2:incoming>
      <bpmn2:outgoing>Flow_15zjq3r</bpmn2:outgoing>
    </bpmn2:userTask>
    <bpmn2:inclusiveGateway id="Gateway_0d3asix">
      <bpmn2:incoming>Flow_0xmrgni</bpmn2:incoming>
      <bpmn2:outgoing>Flow_0wgruaq</bpmn2:outgoing>
      <bpmn2:outgoing>Flow_0tj02do</bpmn2:outgoing>
      <bpmn2:outgoing>Flow_13364mz</bpmn2:outgoing>
    </bpmn2:inclusiveGateway>
    <bpmn2:inclusiveGateway id="Gateway_0spcaf3">
      <bpmn2:incoming>Flow_0wgruaq</bpmn2:incoming>
      <bpmn2:outgoing>Flow_0lzdor1</bpmn2:outgoing>
      <bpmn2:outgoing>Flow_1j8t92l</bpmn2:outgoing>
    </bpmn2:inclusiveGateway>
    <bpmn2:inclusiveGateway id="Gateway_00ceqve">
      <bpmn2:incoming>Flow_0tj02do</bpmn2:incoming>
      <bpmn2:incoming>Flow_17cfstw</bpmn2:incoming>
      <bpmn2:outgoing>Flow_1e9b95p</bpmn2:outgoing>
    </bpmn2:inclusiveGateway>
    <bpmn2:inclusiveGateway id="Gateway_0xb2d1s">
      <bpmn2:incoming>Flow_0vicsn8</bpmn2:incoming>
      <bpmn2:incoming>Flow_17c6jjd</bpmn2:incoming>
      <bpmn2:incoming>Flow_1jfacan</bpmn2:incoming>
      <bpmn2:outgoing>Flow_17cfstw</bpmn2:outgoing>
    </bpmn2:inclusiveGateway>
    <bpmn2:inclusiveGateway id="Gateway_07ogkx8">
      <bpmn2:incoming>Flow_19dlnit</bpmn2:incoming>
      <bpmn2:outgoing>Flow_0tpps87</bpmn2:outgoing>
      <bpmn2:outgoing>Flow_17c6jjd</bpmn2:outgoing>
    </bpmn2:inclusiveGateway>
    <bpmn2:inclusiveGateway id="Gateway_15k1140">
      <bpmn2:incoming>Flow_15zjq3r</bpmn2:incoming>
      <bpmn2:outgoing>Flow_00azgpl</bpmn2:outgoing>
      <bpmn2:outgoing>Flow_1mm3ymn</bpmn2:outgoing>
      <bpmn2:outgoing>Flow_1nb6col</bpmn2:outgoing>
    </bpmn2:inclusiveGateway>
    <bpmn2:userTask id="Activity_1hdnj0w" name="(CI037) RF Optimization Complete (On-Air">
      <bpmn2:incoming>Flow_1nb6col</bpmn2:incoming>
      <bpmn2:outgoing>Flow_1twxi9i</bpmn2:outgoing>
    </bpmn2:userTask>
    <bpmn2:inclusiveGateway id="Gateway_0a58773">
      <bpmn2:incoming>Flow_1mm3ymn</bpmn2:incoming>
      <bpmn2:outgoing>Flow_1l0lpof</bpmn2:outgoing>
      <bpmn2:outgoing>Flow_0eph1ux</bpmn2:outgoing>
      <bpmn2:outgoing>Flow_1uwatfi</bpmn2:outgoing>
    </bpmn2:inclusiveGateway>
    <bpmn2:sequenceFlow id="Flow_1lj83yg" sourceRef="Activity_1wt9f7m" targetRef="Gateway_1qomadq"/>
    <bpmn2:inclusiveGateway id="Gateway_1qomadq">
      <bpmn2:incoming>Flow_0eph1ux</bpmn2:incoming>
      <bpmn2:incoming>Flow_1lj83yg</bpmn2:incoming>
      <bpmn2:outgoing>Flow_13ujwc0</bpmn2:outgoing>
      <bpmn2:outgoing>Flow_16sxnjh</bpmn2:outgoing>
    </bpmn2:inclusiveGateway>
    <bpmn2:userTask id="Activity_0qee0jb" name="(CI139) Integration/Optimization Vendor">
      <bpmn2:incoming>Flow_1tpkq3q</bpmn2:incoming>
      <bpmn2:outgoing>Flow_0tcu8tf</bpmn2:outgoing>
    </bpmn2:userTask>
    <bpmn2:inclusiveGateway id="Gateway_05elqdb">
      <bpmn2:incoming>Flow_16sxnjh</bpmn2:incoming>
      <bpmn2:incoming>Flow_1uwatfi</bpmn2:incoming>
      <bpmn2:incoming>Flow_0tyg2tl</bpmn2:incoming>
      <bpmn2:outgoing>Flow_1tpkq3q</bpmn2:outgoing>
    </bpmn2:inclusiveGateway>
    <bpmn2:sequenceFlow id="Flow_1tpkq3q" sourceRef="Gateway_05elqdb" targetRef="Activity_0qee0jb"/>
    <bpmn2:sequenceFlow id="Flow_16sxnjh" sourceRef="Gateway_1qomadq" targetRef="Gateway_05elqdb"/>
    <bpmn2:sequenceFlow id="Flow_1twxi9i" sourceRef="Activity_1hdnj0w" targetRef="Gateway_1af743a"/>
    <bpmn2:sequenceFlow id="Flow_1uwatfi" sourceRef="Gateway_0a58773" targetRef="Gateway_05elqdb"/>
    <bpmn2:userTask id="Activity_1ttb9y1" name="(CI140) Optimization Complete/Final">
      <bpmn2:incoming>Flow_0tcu8tf</bpmn2:incoming>
    </bpmn2:userTask>
    <bpmn2:sequenceFlow id="Flow_0tcu8tf" sourceRef="Activity_0qee0jb" targetRef="Activity_1ttb9y1"/>
    <bpmn2:userTask id="Activity_0uirhrv" name="(CI032) On-Air">
      <bpmn2:incoming>Flow_1jtafcz</bpmn2:incoming>
      <bpmn2:outgoing>Flow_0hwp5m1</bpmn2:outgoing>
    </bpmn2:userTask>
    <bpmn2:sequenceFlow id="Flow_0tyg2tl" sourceRef="Gateway_1af743a" targetRef="Gateway_05elqdb"/>
    <bpmn2:inclusiveGateway id="Gateway_1af743a">
      <bpmn2:incoming>Flow_1twxi9i</bpmn2:incoming>
      <bpmn2:outgoing>Flow_0tyg2tl</bpmn2:outgoing>
      <bpmn2:outgoing>Flow_0purrrj</bpmn2:outgoing>
    </bpmn2:inclusiveGateway>
    <bpmn2:sequenceFlow id="Flow_0purrrj" sourceRef="Gateway_1af743a" targetRef="Gateway_1ipd9gw"/>
    <bpmn2:sequenceFlow id="Flow_12ukxl3" sourceRef="Activity_0tinirw" targetRef="Gateway_1ipd9gw"/>
    <bpmn2:sequenceFlow id="Flow_0g8dowq" sourceRef="Activity_17ppyaq" targetRef="Gateway_1ipd9gw"/>
    <bpmn2:sequenceFlow id="Flow_0o4rfn2" sourceRef="Gateway_1ipd9gw" targetRef="Gateway_08nawop"/>
    <bpmn2:sequenceFlow id="Flow_1r08vhf" sourceRef="Activity_0hhbzq3" targetRef="Gateway_0p37ntc"/>
    <bpmn2:sequenceFlow id="Flow_1bxisg8" sourceRef="Activity_1w4lz4h" targetRef="Gateway_0p37ntc"/>
    <bpmn2:sequenceFlow id="Flow_1e4pti6" sourceRef="Gateway_0p37ntc" targetRef="Gateway_08nawop"/>
    <bpmn2:inclusiveGateway id="Gateway_0p37ntc">
      <bpmn2:incoming>Flow_1r08vhf</bpmn2:incoming>
      <bpmn2:incoming>Flow_1bxisg8</bpmn2:incoming>
      <bpmn2:outgoing>Flow_1e4pti6</bpmn2:outgoing>
    </bpmn2:inclusiveGateway>
    <bpmn2:sequenceFlow id="Flow_1jtafcz" sourceRef="Gateway_08nawop" targetRef="Activity_0uirhrv"/>
    <bpmn2:inclusiveGateway id="Gateway_08nawop">
      <bpmn2:incoming>Flow_0o4rfn2</bpmn2:incoming>
      <bpmn2:incoming>Flow_1e4pti6</bpmn2:incoming>
      <bpmn2:outgoing>Flow_1jtafcz</bpmn2:outgoing>
    </bpmn2:inclusiveGateway>
    <bpmn2:inclusiveGateway id="Gateway_1ipd9gw">
      <bpmn2:incoming>Flow_0purrrj</bpmn2:incoming>
      <bpmn2:incoming>Flow_12ukxl3</bpmn2:incoming>
      <bpmn2:incoming>Flow_0g8dowq</bpmn2:incoming>
      <bpmn2:outgoing>Flow_0o4rfn2</bpmn2:outgoing>
    </bpmn2:inclusiveGateway>
    <bpmn2:endEvent id="Event_03oj1ss">
      <bpmn2:incoming>Flow_0hwp5m1</bpmn2:incoming>
    </bpmn2:endEvent>
    <bpmn2:sequenceFlow id="Flow_0hwp5m1" sourceRef="Activity_0uirhrv" targetRef="Event_03oj1ss"/>
    <bpmn2:inclusiveGateway id="Gateway_1d71425">
      <bpmn2:incoming>Flow_1f3939y</bpmn2:incoming>
      <bpmn2:incoming>Flow_0tioyds</bpmn2:incoming>
      <bpmn2:outgoing>Flow_0b6fyby</bpmn2:outgoing>
    </bpmn2:inclusiveGateway>
    <bpmn2:sequenceFlow id="Flow_0tioyds" sourceRef="Activity_0h71d44" targetRef="Gateway_1d71425"/>
    <bpmn2:sequenceFlow id="Flow_0b6fyby" sourceRef="Gateway_1d71425" targetRef="Activity_1j1o2n6"/>
  </bpmn2:process>
  <bpmndi:BPMNDiagram id="BPMNDiagram_1">
    <bpmndi:BPMNPlane id="BPMNPlane_1" bpmnElement="Collaboration_1yeqmwz">
      <bpmndi:BPMNShape id="Participant_06aq6ln_di" bpmnElement="Participant_06aq6ln" isHorizontal="true">
        <dc:Bounds x="-130" y="-340" width="3435" height="1190"/>
      </bpmndi:BPMNShape>
      <bpmndi:BPMNShape id="Lane_09n82o5_di" bpmnElement="Lane_09n82o5" isHorizontal="true">
        <dc:Bounds x="-100" y="-340" width="3405" height="420"/>
      </bpmndi:BPMNShape>
      <bpmndi:BPMNShape id="Lane_045671h_di" bpmnElement="Lane_045671h" isHorizontal="true">
        <dc:Bounds x="-70" y="-340" width="3375" height="420"/>
      </bpmndi:BPMNShape>
      <bpmndi:BPMNShape id="Lane_0ghpzyh_di" bpmnElement="Lane_0ghpzyh" isHorizontal="true">
        <dc:Bounds x="-100" y="80" width="3405" height="390"/>
      </bpmndi:BPMNShape>
      <bpmndi:BPMNShape id="Lane_1st8q5b_di" bpmnElement="Lane_1st8q5b" isHorizontal="true">
        <dc:Bounds x="-70" y="80" width="3375" height="390"/>
      </bpmndi:BPMNShape>
      <bpmndi:BPMNShape id="Lane_0da4bij_di" bpmnElement="Lane_0da4bij" isHorizontal="true">
        <dc:Bounds x="-100" y="470" width="3405" height="380"/>
      </bpmndi:BPMNShape>
      <bpmndi:BPMNShape id="Lane_0efob9v_di" bpmnElement="Lane_0efob9v" isHorizontal="true">
        <dc:Bounds x="-70" y="470" width="3375" height="380"/>
      </bpmndi:BPMNShape>
      <bpmndi:BPMNEdge id="Flow_1370tym_di" bpmnElement="Flow_1370tym">
        <di:waypoint x="1225" y="720"/>
        <di:waypoint x="1280" y="720"/>
        <di:waypoint x="1280" y="600"/>
      </bpmndi:BPMNEdge>
      <bpmndi:BPMNEdge id="Flow_1xtqd9s_di" bpmnElement="Flow_1xtqd9s">
        <di:waypoint x="850" y="600"/>
        <di:waypoint x="850" y="780"/>
        <di:waypoint x="580" y="780"/>
        <di:waypoint x="580" y="745"/>
      </bpmndi:BPMNEdge>
      <bpmndi:BPMNEdge id="Flow_15g7ety_di" bpmnElement="Flow_15g7ety">
        <di:waypoint x="830" y="-95"/>
        <di:waypoint x="830" y="-60"/>
        <di:waypoint x="790" y="-60"/>
        <di:waypoint x="790" y="610"/>
        <di:waypoint x="1200" y="610"/>
        <di:waypoint x="1200" y="695"/>
      </bpmndi:BPMNEdge>
      <bpmndi:BPMNEdge id="Flow_1j63t34_di" bpmnElement="Flow_1j63t34">
        <di:waypoint x="890" y="-70"/>
        <di:waypoint x="890" y="-120"/>
        <di:waypoint x="855" y="-120"/>
      </bpmndi:BPMNEdge>
      <bpmndi:BPMNEdge id="Flow_1tmq9du_di" bpmnElement="Flow_1tmq9du">
        <di:waypoint x="760" y="-70"/>
        <di:waypoint x="760" y="-120"/>
        <di:waypoint x="805" y="-120"/>
      </bpmndi:BPMNEdge>
      <bpmndi:BPMNEdge id="Flow_1e62sfh_di" bpmnElement="Flow_1e62sfh">
        <di:waypoint x="1150" y="600"/>
        <di:waypoint x="1150" y="780"/>
        <di:waypoint x="1200" y="780"/>
        <di:waypoint x="1200" y="745"/>
      </bpmndi:BPMNEdge>
      <bpmndi:BPMNEdge id="Flow_0bjia1t_di" bpmnElement="Flow_0bjia1t">
        <di:waypoint x="605" y="720"/>
        <di:waypoint x="1175" y="720"/>
      </bpmndi:BPMNEdge>
      <bpmndi:BPMNEdge id="Flow_05zqc3c_di" bpmnElement="Flow_05zqc3c">
        <di:waypoint x="610" y="10"/>
        <di:waypoint x="610" y="400"/>
        <di:waypoint x="580" y="400"/>
        <di:waypoint x="580" y="695"/>
      </bpmndi:BPMNEdge>
      <bpmndi:BPMNEdge id="Flow_0ykplpr_di" bpmnElement="Flow_0ykplpr">
        <di:waypoint x="490" y="600"/>
        <di:waypoint x="490" y="720"/>
        <di:waypoint x="555" y="720"/>
      </bpmndi:BPMNEdge>
      <bpmndi:BPMNEdge id="Flow_1ai0k5k_di" bpmnElement="Flow_1ai0k5k">
        <di:waypoint x="220" y="675"/>
        <di:waypoint x="220" y="690"/>
        <di:waypoint x="1015" y="690"/>
      </bpmndi:BPMNEdge>
      <bpmndi:BPMNEdge id="Flow_0udygx3_di" bpmnElement="Flow_0udygx3">
        <di:waypoint x="245" y="650"/>
        <di:waypoint x="980" y="650"/>
        <di:waypoint x="980" y="600"/>
      </bpmndi:BPMNEdge>
      <bpmndi:BPMNEdge id="Flow_08vjxl4_di" bpmnElement="Flow_08vjxl4">
        <di:waypoint x="220" y="220"/>
        <di:waypoint x="220" y="625"/>
      </bpmndi:BPMNEdge>
      <bpmndi:BPMNEdge id="Flow_1l9yrzl_di" bpmnElement="Flow_1l9yrzl">
        <di:waypoint x="710" y="560"/>
        <di:waypoint x="780" y="560"/>
      </bpmndi:BPMNEdge>
      <bpmndi:BPMNEdge id="Flow_11368lx_di" bpmnElement="Flow_11368lx">
        <di:waypoint x="515" y="180"/>
        <di:waypoint x="890" y="180"/>
        <di:waypoint x="890" y="10"/>
      </bpmndi:BPMNEdge>
      <bpmndi:BPMNEdge id="Flow_0zrtnjp_di" bpmnElement="Flow_0zrtnjp">
        <di:waypoint x="515" y="180"/>
        <di:waypoint x="760" y="180"/>
        <di:waypoint x="760" y="10"/>
      </bpmndi:BPMNEdge>
      <bpmndi:BPMNEdge id="Flow_0yq91b8_di" bpmnElement="Flow_0yq91b8">
        <di:waypoint x="540" y="-30"/>
        <di:waypoint x="570" y="-30"/>
      </bpmndi:BPMNEdge>
      <bpmndi:BPMNEdge id="Flow_1jnp2ah_di" bpmnElement="Flow_1jnp2ah">
        <di:waypoint x="490" y="205"/>
        <di:waypoint x="490" y="520"/>
      </bpmndi:BPMNEdge>
      <bpmndi:BPMNEdge id="Flow_0i1yfgg_di" bpmnElement="Flow_0i1yfgg">
        <di:waypoint x="220" y="10"/>
        <di:waypoint x="220" y="140"/>
      </bpmndi:BPMNEdge>
      <bpmndi:BPMNEdge id="Flow_1f3939y_di" bpmnElement="Flow_1f3939y">
        <di:waypoint x="-20" y="-102"/>
        <di:waypoint x="-20" y="15"/>
      </bpmndi:BPMNEdge>
      <bpmndi:BPMNEdge id="Flow_08vw6y4_di" bpmnElement="Flow_08vw6y4">
        <di:waypoint x="490" y="155"/>
        <di:waypoint x="490" y="10"/>
      </bpmndi:BPMNEdge>
      <bpmndi:BPMNEdge id="Flow_05vg8go_di" bpmnElement="Flow_05vg8go">
        <di:waypoint x="410" y="180"/>
        <di:waypoint x="465" y="180"/>
      </bpmndi:BPMNEdge>
      <bpmndi:BPMNEdge id="Flow_1u3oljs_di" bpmnElement="Flow_1u3oljs">
        <di:waypoint x="690" y="310"/>
        <di:waypoint x="690" y="380"/>
        <di:waypoint x="745" y="380"/>
      </bpmndi:BPMNEdge>
      <bpmndi:BPMNEdge id="Flow_14hypa6_di" bpmnElement="Flow_14hypa6">
        <di:waypoint x="850" y="310"/>
        <di:waypoint x="850" y="355"/>
      </bpmndi:BPMNEdge>
      <bpmndi:BPMNEdge id="Flow_0a8dvc1_di" bpmnElement="Flow_0a8dvc1">
        <di:waypoint x="770" y="405"/>
        <di:waypoint x="770" y="540"/>
        <di:waypoint x="710" y="540"/>
      </bpmndi:BPMNEdge>
      <bpmndi:BPMNEdge id="Flow_0mvk2qn_di" bpmnElement="Flow_0mvk2qn">
        <di:waypoint x="1000" y="310"/>
        <di:waypoint x="1000" y="420"/>
        <di:waypoint x="850" y="420"/>
        <di:waypoint x="850" y="520"/>
      </bpmndi:BPMNEdge>
      <bpmndi:BPMNEdge id="Flow_0kuo5su_di" bpmnElement="Flow_0kuo5su">
        <di:waypoint x="825" y="380"/>
        <di:waypoint x="795" y="380"/>
      </bpmndi:BPMNEdge>
      <bpmndi:BPMNEdge id="Flow_0bulrf0_di" bpmnElement="Flow_0bulrf0">
        <di:waypoint x="875" y="380"/>
        <di:waypoint x="990" y="380"/>
        <di:waypoint x="990" y="430"/>
        <di:waypoint x="1105" y="430"/>
      </bpmndi:BPMNEdge>
      <bpmndi:BPMNEdge id="Flow_1wqwhm5_di" bpmnElement="Flow_1wqwhm5">
        <di:waypoint x="1130" y="310"/>
        <di:waypoint x="1130" y="335"/>
      </bpmndi:BPMNEdge>
      <bpmndi:BPMNEdge id="Flow_0e8kpm8_di" bpmnElement="Flow_0e8kpm8">
        <di:waypoint x="1130" y="385"/>
        <di:waypoint x="1130" y="405"/>
      </bpmndi:BPMNEdge>
      <bpmndi:BPMNEdge id="Flow_00822bs_di" bpmnElement="Flow_00822bs">
        <di:waypoint x="980" y="520"/>
        <di:waypoint x="980" y="500"/>
        <di:waypoint x="1410" y="500"/>
        <di:waypoint x="1410" y="520"/>
      </bpmndi:BPMNEdge>
      <bpmndi:BPMNEdge id="Flow_0tr0nsm_di" bpmnElement="Flow_0tr0nsm">
        <di:waypoint x="1155" y="360"/>
        <di:waypoint x="1200" y="360"/>
        <di:waypoint x="1200" y="-30"/>
        <di:waypoint x="1080" y="-30"/>
      </bpmndi:BPMNEdge>
      <bpmndi:BPMNEdge id="Flow_0gmxoy5_di" bpmnElement="Flow_0gmxoy5">
        <di:waypoint x="1065" y="690"/>
        <di:waypoint x="1130" y="690"/>
        <di:waypoint x="1130" y="600"/>
      </bpmndi:BPMNEdge>
      <bpmndi:BPMNEdge id="Flow_132dybl_di" bpmnElement="Flow_132dybl">
        <di:waypoint x="1130" y="455"/>
        <di:waypoint x="1130" y="510"/>
        <di:waypoint x="1040" y="510"/>
        <di:waypoint x="1040" y="665"/>
      </bpmndi:BPMNEdge>
      <bpmndi:BPMNEdge id="Flow_0z1infb_di" bpmnElement="Flow_0z1infb">
        <di:waypoint x="1510" y="-110"/>
        <di:waypoint x="1510" y="-80"/>
      </bpmndi:BPMNEdge>
      <bpmndi:BPMNEdge id="Flow_0xmrgni_di" bpmnElement="Flow_0xmrgni">
        <di:waypoint x="1330" y="560"/>
        <di:waypoint x="1350" y="560"/>
        <di:waypoint x="1350" y="605"/>
      </bpmndi:BPMNEdge>
      <bpmndi:BPMNEdge id="Flow_0hxzjqj_di" bpmnElement="Flow_0hxzjqj">
        <di:waypoint x="1420" y="600"/>
        <di:waypoint x="1420" y="650"/>
        <di:waypoint x="1485" y="650"/>
      </bpmndi:BPMNEdge>
      <bpmndi:BPMNEdge id="Flow_19dlnit_di" bpmnElement="Flow_19dlnit">
        <di:waypoint x="1510" y="0"/>
        <di:waypoint x="1510" y="155"/>
      </bpmndi:BPMNEdge>
      <bpmndi:BPMNEdge id="Flow_07cgw6k_di" bpmnElement="Flow_07cgw6k">
        <di:waypoint x="1535" y="650"/>
        <di:waypoint x="1570" y="650"/>
        <di:waypoint x="1570" y="600"/>
      </bpmndi:BPMNEdge>
      <bpmndi:BPMNEdge id="Flow_0lzdor1_di" bpmnElement="Flow_0lzdor1">
        <di:waypoint x="1375" y="710"/>
        <di:waypoint x="1510" y="710"/>
        <di:waypoint x="1510" y="675"/>
      </bpmndi:BPMNEdge>
      <bpmndi:BPMNEdge id="Flow_1j8t92l_di" bpmnElement="Flow_1j8t92l">
        <di:waypoint x="1350" y="735"/>
        <di:waypoint x="1350" y="760"/>
        <di:waypoint x="1700" y="760"/>
        <di:waypoint x="1700" y="600"/>
      </bpmndi:BPMNEdge>
      <bpmndi:BPMNEdge id="Flow_0vicsn8_di" bpmnElement="Flow_0vicsn8">
        <di:waypoint x="1030" y="10"/>
        <di:waypoint x="1030" y="180"/>
        <di:waypoint x="1815" y="180"/>
      </bpmndi:BPMNEdge>
      <bpmndi:BPMNEdge id="Flow_0tpps87_di" bpmnElement="Flow_0tpps87">
        <di:waypoint x="1510" y="205"/>
        <di:waypoint x="1510" y="625"/>
      </bpmndi:BPMNEdge>
      <bpmndi:BPMNEdge id="Flow_17c6jjd_di" bpmnElement="Flow_17c6jjd">
        <di:waypoint x="1535" y="180"/>
        <di:waypoint x="1815" y="180"/>
      </bpmndi:BPMNEdge>
      <bpmndi:BPMNEdge id="Flow_0wgruaq_di" bpmnElement="Flow_0wgruaq">
        <di:waypoint x="1350" y="655"/>
        <di:waypoint x="1350" y="685"/>
      </bpmndi:BPMNEdge>
      <bpmndi:BPMNEdge id="Flow_0tj02do_di" bpmnElement="Flow_0tj02do">
        <di:waypoint x="1325" y="630"/>
        <di:waypoint x="1300" y="630"/>
        <di:waypoint x="1300" y="800"/>
        <di:waypoint x="1920" y="800"/>
        <di:waypoint x="1920" y="675"/>
      </bpmndi:BPMNEdge>
      <bpmndi:BPMNEdge id="Flow_17cfstw_di" bpmnElement="Flow_17cfstw">
        <di:waypoint x="1865" y="180"/>
        <di:waypoint x="1920" y="180"/>
        <di:waypoint x="1920" y="625"/>
      </bpmndi:BPMNEdge>
      <bpmndi:BPMNEdge id="Flow_1e9b95p_di" bpmnElement="Flow_1e9b95p">
        <di:waypoint x="1895" y="650"/>
        <di:waypoint x="1840" y="650"/>
        <di:waypoint x="1840" y="600"/>
      </bpmndi:BPMNEdge>
      <bpmndi:BPMNEdge id="Flow_1jfacan_di" bpmnElement="Flow_1jfacan">
        <di:waypoint x="70" y="-70"/>
        <di:waypoint x="70" y="-210"/>
        <di:waypoint x="1840" y="-210"/>
        <di:waypoint x="1840" y="155"/>
      </bpmndi:BPMNEdge>
      <bpmndi:BPMNEdge id="Flow_00azgpl_di" bpmnElement="Flow_00azgpl">
        <di:waypoint x="1980" y="535"/>
        <di:waypoint x="1980" y="0"/>
      </bpmndi:BPMNEdge>
      <bpmndi:BPMNEdge id="Flow_15zjq3r_di" bpmnElement="Flow_15zjq3r">
        <di:waypoint x="1890" y="560"/>
        <di:waypoint x="1955" y="560"/>
      </bpmndi:BPMNEdge>
      <bpmndi:BPMNEdge id="Flow_1mm3ymn_di" bpmnElement="Flow_1mm3ymn">
        <di:waypoint x="2005" y="560"/>
        <di:waypoint x="2035" y="560"/>
      </bpmndi:BPMNEdge>
      <bpmndi:BPMNEdge id="Flow_1nb6col_di" bpmnElement="Flow_1nb6col">
        <di:waypoint x="1980" y="585"/>
        <di:waypoint x="1980" y="670"/>
        <di:waypoint x="2350" y="670"/>
        <di:waypoint x="2350" y="600"/>
      </bpmndi:BPMNEdge>
      <bpmndi:BPMNEdge id="Flow_0n1tz5l_di" bpmnElement="Flow_0n1tz5l">
        <di:waypoint x="2305" y="-60"/>
        <di:waypoint x="2370" y="-60"/>
      </bpmndi:BPMNEdge>
      <bpmndi:BPMNEdge id="Flow_0cautjz_di" bpmnElement="Flow_0cautjz">
        <di:waypoint x="2370" y="-160"/>
        <di:waypoint x="2280" y="-160"/>
        <di:waypoint x="2280" y="-85"/>
      </bpmndi:BPMNEdge>
      <bpmndi:BPMNEdge id="Flow_13364mz_di" bpmnElement="Flow_13364mz">
        <di:waypoint x="1375" y="630"/>
        <di:waypoint x="2280" y="630"/>
        <di:waypoint x="2280" y="-35"/>
      </bpmndi:BPMNEdge>
      <bpmndi:BPMNEdge id="Flow_1l0lpof_di" bpmnElement="Flow_1l0lpof">
        <di:waypoint x="2085" y="560"/>
        <di:waypoint x="2130" y="560"/>
        <di:waypoint x="2130" y="0"/>
      </bpmndi:BPMNEdge>
      <bpmndi:BPMNEdge id="Flow_0eph1ux_di" bpmnElement="Flow_0eph1ux">
        <di:waypoint x="2060" y="585"/>
        <di:waypoint x="2060" y="620"/>
        <di:waypoint x="2590" y="620"/>
        <di:waypoint x="2590" y="45"/>
      </bpmndi:BPMNEdge>
      <bpmndi:BPMNEdge id="Flow_13ujwc0_di" bpmnElement="Flow_13ujwc0">
        <di:waypoint x="2590" y="-5"/>
        <di:waypoint x="2590" y="-20"/>
      </bpmndi:BPMNEdge>
      <bpmndi:BPMNEdge id="Flow_1lj83yg_di" bpmnElement="Flow_1lj83yg">
        <di:waypoint x="2420" y="-20"/>
        <di:waypoint x="2420" y="20"/>
        <di:waypoint x="2565" y="20"/>
      </bpmndi:BPMNEdge>
      <bpmndi:BPMNEdge id="Flow_1tpkq3q_di" bpmnElement="Flow_1tpkq3q">
        <di:waypoint x="2760" y="-5"/>
        <di:waypoint x="2760" y="-20"/>
      </bpmndi:BPMNEdge>
      <bpmndi:BPMNEdge id="Flow_16sxnjh_di" bpmnElement="Flow_16sxnjh">
        <di:waypoint x="2615" y="20"/>
        <di:waypoint x="2735" y="20"/>
      </bpmndi:BPMNEdge>
      <bpmndi:BPMNEdge id="Flow_1twxi9i_di" bpmnElement="Flow_1twxi9i">
        <di:waypoint x="2400" y="560"/>
        <di:waypoint x="2675" y="560"/>
      </bpmndi:BPMNEdge>
      <bpmndi:BPMNEdge id="Flow_1uwatfi_di" bpmnElement="Flow_1uwatfi">
        <di:waypoint x="2060" y="535"/>
        <di:waypoint x="2060" y="360"/>
        <di:waypoint x="2910" y="360"/>
        <di:waypoint x="2910" y="20"/>
        <di:waypoint x="2785" y="20"/>
      </bpmndi:BPMNEdge>
      <bpmndi:BPMNEdge id="Flow_0tcu8tf_di" bpmnElement="Flow_0tcu8tf">
        <di:waypoint x="2810" y="-60"/>
        <di:waypoint x="2870" y="-60"/>
      </bpmndi:BPMNEdge>
      <bpmndi:BPMNEdge id="Flow_0tyg2tl_di" bpmnElement="Flow_0tyg2tl">
        <di:waypoint x="2725" y="560"/>
        <di:waypoint x="2760" y="560"/>
        <di:waypoint x="2760" y="45"/>
      </bpmndi:BPMNEdge>
      <bpmndi:BPMNEdge id="Flow_0purrrj_di" bpmnElement="Flow_0purrrj">
        <di:waypoint x="2700" y="585"/>
        <di:waypoint x="2700" y="620"/>
        <di:waypoint x="3060" y="620"/>
        <di:waypoint x="3060" y="585"/>
      </bpmndi:BPMNEdge>
      <bpmndi:BPMNEdge id="Flow_12ukxl3_di" bpmnElement="Flow_12ukxl3">
        <di:waypoint x="1700" y="520"/>
        <di:waypoint x="1700" y="490"/>
        <di:waypoint x="2990" y="490"/>
        <di:waypoint x="2990" y="560"/>
        <di:waypoint x="3035" y="560"/>
      </bpmndi:BPMNEdge>
      <bpmndi:BPMNEdge id="Flow_0g8dowq_di" bpmnElement="Flow_0g8dowq">
        <di:waypoint x="1590" y="600"/>
        <di:waypoint x="1590" y="670"/>
        <di:waypoint x="3130" y="670"/>
        <di:waypoint x="3130" y="560"/>
        <di:waypoint x="3085" y="560"/>
      </bpmndi:BPMNEdge>
      <bpmndi:BPMNEdge id="Flow_0o4rfn2_di" bpmnElement="Flow_0o4rfn2">
        <di:waypoint x="3060" y="535"/>
        <di:waypoint x="3060" y="0"/>
        <di:waypoint x="3210" y="0"/>
        <di:waypoint x="3210" y="-45"/>
      </bpmndi:BPMNEdge>
      <bpmndi:BPMNEdge id="Flow_1r08vhf_di" bpmnElement="Flow_1r08vhf">
        <di:waypoint x="1980" y="-80"/>
        <di:waypoint x="1980" y="-230"/>
        <di:waypoint x="2035" y="-230"/>
      </bpmndi:BPMNEdge>
      <bpmndi:BPMNEdge id="Flow_1bxisg8_di" bpmnElement="Flow_1bxisg8">
        <di:waypoint x="2130" y="-80"/>
        <di:waypoint x="2130" y="-230"/>
        <di:waypoint x="2085" y="-230"/>
      </bpmndi:BPMNEdge>
      <bpmndi:BPMNEdge id="Flow_1e4pti6_di" bpmnElement="Flow_1e4pti6">
        <di:waypoint x="2060" y="-255"/>
        <di:waypoint x="2060" y="-270"/>
        <di:waypoint x="3210" y="-270"/>
        <di:waypoint x="3210" y="-95"/>
      </bpmndi:BPMNEdge>
      <bpmndi:BPMNEdge id="Flow_1jtafcz_di" bpmnElement="Flow_1jtafcz">
        <di:waypoint x="3185" y="-70"/>
        <di:waypoint x="3110" y="-70"/>
      </bpmndi:BPMNEdge>
      <bpmndi:BPMNEdge id="Flow_0hwp5m1_di" bpmnElement="Flow_0hwp5m1">
        <di:waypoint x="3060" y="-100"/>
        <di:waypoint x="3060" y="-292"/>
      </bpmndi:BPMNEdge>
      <bpmndi:BPMNEdge id="Flow_0tioyds_di" bpmnElement="Flow_0tioyds">
        <di:waypoint x="20" y="180"/>
        <di:waypoint x="-20" y="180"/>
        <di:waypoint x="-20" y="65"/>
      </bpmndi:BPMNEdge>
      <bpmndi:BPMNEdge id="Flow_0b6fyby_di" bpmnElement="Flow_0b6fyby">
        <di:waypoint x="5" y="40"/>
        <di:waypoint x="70" y="40"/>
        <di:waypoint x="70" y="10"/>
      </bpmndi:BPMNEdge>
      <bpmndi:BPMNShape id="_BPMNShape_StartEvent_2" bpmnElement="StartEvent_1">
        <dc:Bounds x="-38" y="-138" width="36" height="36"/>
      </bpmndi:BPMNShape>
      <bpmndi:BPMNShape id="Activity_1j1o2n6_di" bpmnElement="Activity_1j1o2n6">
        <dc:Bounds x="20" y="-70" width="100" height="80"/>
      </bpmndi:BPMNShape>
      <bpmndi:BPMNShape id="Activity_1ldo0ys_di" bpmnElement="Activity_10e17ly">
        <dc:Bounds x="170" y="-70" width="100" height="80"/>
      </bpmndi:BPMNShape>
      <bpmndi:BPMNShape id="Activity_1uuni48_di" bpmnElement="Activity_1tr2gte">
        <dc:Bounds x="440" y="-70" width="100" height="80"/>
      </bpmndi:BPMNShape>
      <bpmndi:BPMNShape id="Activity_1jy2o8y_di" bpmnElement="Activity_1jy2o8y">
        <dc:Bounds x="710" y="-70" width="100" height="80"/>
      </bpmndi:BPMNShape>
      <bpmndi:BPMNShape id="Activity_0ua0u4c_di" bpmnElement="Activity_0ua0u4c">
        <dc:Bounds x="840" y="-70" width="100" height="80"/>
      </bpmndi:BPMNShape>
      <bpmndi:BPMNShape id="Activity_0wui805_di" bpmnElement="Activity_0wui805">
        <dc:Bounds x="980" y="-70" width="100" height="80"/>
      </bpmndi:BPMNShape>
      <bpmndi:BPMNShape id="Activity_0qylh71_di" bpmnElement="Activity_0qylh71">
        <dc:Bounds x="570" y="-70" width="100" height="80"/>
      </bpmndi:BPMNShape>
      <bpmndi:BPMNShape id="Gateway_0cy3m64_di" bpmnElement="Gateway_1or8x3w">
        <dc:Bounds x="805" y="-145" width="50" height="50"/>
      </bpmndi:BPMNShape>
      <bpmndi:BPMNShape id="Activity_17sdoa7_di" bpmnElement="Activity_17sdoa7">
        <dc:Bounds x="1460" y="-80" width="100" height="80"/>
      </bpmndi:BPMNShape>
      <bpmndi:BPMNShape id="Activity_1r2uriz_di" bpmnElement="Activity_1r2uriz">
        <dc:Bounds x="1460" y="-190" width="100" height="80"/>
      </bpmndi:BPMNShape>
      <bpmndi:BPMNShape id="Activity_0hhbzq3_di" bpmnElement="Activity_0hhbzq3">
        <dc:Bounds x="1930" y="-80" width="100" height="80"/>
      </bpmndi:BPMNShape>
      <bpmndi:BPMNShape id="Activity_1w4lz4h_di" bpmnElement="Activity_1w4lz4h">
        <dc:Bounds x="2080" y="-80" width="100" height="80"/>
      </bpmndi:BPMNShape>
      <bpmndi:BPMNShape id="Activity_07lsei8_di" bpmnElement="Activity_07lsei8">
        <dc:Bounds x="2370" y="-200" width="100" height="80"/>
      </bpmndi:BPMNShape>
      <bpmndi:BPMNShape id="Activity_1wt9f7m_di" bpmnElement="Activity_1wt9f7m">
        <dc:Bounds x="2370" y="-100" width="100" height="80"/>
      </bpmndi:BPMNShape>
      <bpmndi:BPMNShape id="Gateway_080qa8x_di" bpmnElement="Gateway_1v0fhyb">
        <dc:Bounds x="2255" y="-85" width="50" height="50"/>
      </bpmndi:BPMNShape>
      <bpmndi:BPMNShape id="Activity_1kkarl9_di" bpmnElement="Activity_1kkarl9">
        <dc:Bounds x="2540" y="-100" width="100" height="80"/>
      </bpmndi:BPMNShape>
      <bpmndi:BPMNShape id="Activity_0h71d44_di" bpmnElement="Activity_0h71d44">
        <dc:Bounds x="20" y="140" width="100" height="80"/>
      </bpmndi:BPMNShape>
      <bpmndi:BPMNShape id="Activity_03zl7sh_di" bpmnElement="Activity_13pq8ya">
        <dc:Bounds x="170" y="140" width="100" height="80"/>
      </bpmndi:BPMNShape>
      <bpmndi:BPMNShape id="Gateway_1vbb9u8_di" bpmnElement="Gateway_0e2xefk">
        <dc:Bounds x="465" y="155" width="50" height="50"/>
      </bpmndi:BPMNShape>
      <bpmndi:BPMNShape id="Activity_1a3jyk9_di" bpmnElement="Activity_0ocp2ck">
        <dc:Bounds x="310" y="140" width="100" height="80"/>
      </bpmndi:BPMNShape>
      <bpmndi:BPMNShape id="Gateway_1o2h5ul_di" bpmnElement="Gateway_0qdv7za">
        <dc:Bounds x="745" y="355" width="50" height="50"/>
      </bpmndi:BPMNShape>
      <bpmndi:BPMNShape id="Gateway_0cs3j5m_di" bpmnElement="Gateway_1uigjl9">
        <dc:Bounds x="825" y="355" width="50" height="50"/>
      </bpmndi:BPMNShape>
      <bpmndi:BPMNShape id="Activity_1wi0zze_di" bpmnElement="Activity_1wi0zze">
        <dc:Bounds x="640" y="230" width="100" height="80"/>
      </bpmndi:BPMNShape>
      <bpmndi:BPMNShape id="Activity_1vlatxf_di" bpmnElement="Activity_1vlatxf">
        <dc:Bounds x="950" y="230" width="100" height="80"/>
      </bpmndi:BPMNShape>
      <bpmndi:BPMNShape id="Activity_0dd7z7e_di" bpmnElement="Activity_0dd7z7e">
        <dc:Bounds x="1080" y="230" width="100" height="80"/>
      </bpmndi:BPMNShape>
      <bpmndi:BPMNShape id="Activity_19d4sqa_di" bpmnElement="Activity_19d4sqa">
        <dc:Bounds x="800" y="230" width="100" height="80"/>
      </bpmndi:BPMNShape>
      <bpmndi:BPMNShape id="Gateway_1y83zcv_di" bpmnElement="Gateway_0c2wj7c">
        <dc:Bounds x="1105" y="335" width="50" height="50"/>
      </bpmndi:BPMNShape>
      <bpmndi:BPMNShape id="Activity_07np8v5_di" bpmnElement="Activity_1ypp5ed">
        <dc:Bounds x="440" y="520" width="100" height="80"/>
      </bpmndi:BPMNShape>
      <bpmndi:BPMNShape id="Activity_0dkkg1x_di" bpmnElement="Activity_096ws4b">
        <dc:Bounds x="610" y="520" width="100" height="80"/>
      </bpmndi:BPMNShape>
      <bpmndi:BPMNShape id="Activity_1pbcd8z_di" bpmnElement="Activity_1pbcd8z">
        <dc:Bounds x="780" y="520" width="100" height="80"/>
      </bpmndi:BPMNShape>
      <bpmndi:BPMNShape id="Activity_1u6v6h0_di" bpmnElement="Activity_1u6v6h0">
        <dc:Bounds x="930" y="520" width="100" height="80"/>
      </bpmndi:BPMNShape>
      <bpmndi:BPMNShape id="Gateway_0qkdtxi_di" bpmnElement="Gateway_010byom">
        <dc:Bounds x="195" y="625" width="50" height="50"/>
      </bpmndi:BPMNShape>
      <bpmndi:BPMNShape id="Activity_0f0czki_di" bpmnElement="Activity_0f0czki">
        <dc:Bounds x="1230" y="520" width="100" height="80"/>
      </bpmndi:BPMNShape>
      <bpmndi:BPMNShape id="Activity_12lo1i5_di" bpmnElement="Activity_12lo1i5">
        <dc:Bounds x="1370" y="520" width="100" height="80"/>
      </bpmndi:BPMNShape>
      <bpmndi:BPMNShape id="Gateway_11txrk2_di" bpmnElement="Gateway_14tb14q">
        <dc:Bounds x="1175" y="695" width="50" height="50"/>
      </bpmndi:BPMNShape>
      <bpmndi:BPMNShape id="Gateway_0t0gq4c_di" bpmnElement="Gateway_0fdopfs">
        <dc:Bounds x="555" y="695" width="50" height="50"/>
      </bpmndi:BPMNShape>
      <bpmndi:BPMNShape id="Gateway_1j4qegy_di" bpmnElement="Gateway_0bggvyg">
        <dc:Bounds x="1105" y="405" width="50" height="50"/>
      </bpmndi:BPMNShape>
      <bpmndi:BPMNShape id="Gateway_19uyt6p_di" bpmnElement="Gateway_0sphzxr">
        <dc:Bounds x="1015" y="665" width="50" height="50"/>
      </bpmndi:BPMNShape>
      <bpmndi:BPMNShape id="Activity_14vrrl2_di" bpmnElement="Activity_14vrrl2">
        <dc:Bounds x="1080" y="520" width="100" height="80"/>
      </bpmndi:BPMNShape>
      <bpmndi:BPMNShape id="Activity_17ppyaq_di" bpmnElement="Activity_17ppyaq">
        <dc:Bounds x="1520" y="520" width="100" height="80"/>
      </bpmndi:BPMNShape>
      <bpmndi:BPMNShape id="Gateway_1t7638n_di" bpmnElement="Gateway_0nk8sgq">
        <dc:Bounds x="1485" y="625" width="50" height="50"/>
      </bpmndi:BPMNShape>
      <bpmndi:BPMNShape id="Activity_0tinirw_di" bpmnElement="Activity_0tinirw">
        <dc:Bounds x="1650" y="520" width="100" height="80"/>
      </bpmndi:BPMNShape>
      <bpmndi:BPMNShape id="Activity_05z5z25_di" bpmnElement="Activity_05z5z25">
        <dc:Bounds x="1790" y="520" width="100" height="80"/>
      </bpmndi:BPMNShape>
      <bpmndi:BPMNShape id="Gateway_0z8vg31_di" bpmnElement="Gateway_0d3asix">
        <dc:Bounds x="1325" y="605" width="50" height="50"/>
      </bpmndi:BPMNShape>
      <bpmndi:BPMNShape id="Gateway_1cg2x2q_di" bpmnElement="Gateway_0spcaf3">
        <dc:Bounds x="1325" y="685" width="50" height="50"/>
      </bpmndi:BPMNShape>
      <bpmndi:BPMNShape id="Gateway_13273ak_di" bpmnElement="Gateway_00ceqve">
        <dc:Bounds x="1895" y="625" width="50" height="50"/>
      </bpmndi:BPMNShape>
      <bpmndi:BPMNShape id="Gateway_1tyllit_di" bpmnElement="Gateway_0xb2d1s">
        <dc:Bounds x="1815" y="155" width="50" height="50"/>
      </bpmndi:BPMNShape>
      <bpmndi:BPMNShape id="Gateway_0mxmohl_di" bpmnElement="Gateway_07ogkx8">
        <dc:Bounds x="1485" y="155" width="50" height="50"/>
      </bpmndi:BPMNShape>
      <bpmndi:BPMNShape id="Gateway_1y45150_di" bpmnElement="Gateway_15k1140">
        <dc:Bounds x="1955" y="535" width="50" height="50"/>
      </bpmndi:BPMNShape>
      <bpmndi:BPMNShape id="Activity_1hdnj0w_di" bpmnElement="Activity_1hdnj0w">
        <dc:Bounds x="2300" y="520" width="100" height="80"/>
      </bpmndi:BPMNShape>
      <bpmndi:BPMNShape id="Gateway_0p2ccy5_di" bpmnElement="Gateway_0a58773">
        <dc:Bounds x="2035" y="535" width="50" height="50"/>
      </bpmndi:BPMNShape>
      <bpmndi:BPMNShape id="Gateway_0xhoh87_di" bpmnElement="Gateway_1qomadq">
        <dc:Bounds x="2565" y="-5" width="50" height="50"/>
      </bpmndi:BPMNShape>
      <bpmndi:BPMNShape id="Activity_0qee0jb_di" bpmnElement="Activity_0qee0jb">
        <dc:Bounds x="2710" y="-100" width="100" height="80"/>
      </bpmndi:BPMNShape>
      <bpmndi:BPMNShape id="Gateway_14br6o2_di" bpmnElement="Gateway_05elqdb">
        <dc:Bounds x="2735" y="-5" width="50" height="50"/>
      </bpmndi:BPMNShape>
      <bpmndi:BPMNShape id="Activity_1ttb9y1_di" bpmnElement="Activity_1ttb9y1">
        <dc:Bounds x="2870" y="-100" width="100" height="80"/>
      </bpmndi:BPMNShape>
      <bpmndi:BPMNShape id="Activity_0uirhrv_di" bpmnElement="Activity_0uirhrv">
        <dc:Bounds x="3010" y="-100" width="100" height="80"/>
      </bpmndi:BPMNShape>
      <bpmndi:BPMNShape id="Gateway_02hwdni_di" bpmnElement="Gateway_1af743a">
        <dc:Bounds x="2675" y="535" width="50" height="50"/>
      </bpmndi:BPMNShape>
      <bpmndi:BPMNShape id="Gateway_03jd2hs_di" bpmnElement="Gateway_1ipd9gw">
        <dc:Bounds x="3035" y="535" width="50" height="50"/>
      </bpmndi:BPMNShape>
      <bpmndi:BPMNShape id="Gateway_1q1hjt8_di" bpmnElement="Gateway_0p37ntc">
        <dc:Bounds x="2035" y="-255" width="50" height="50"/>
      </bpmndi:BPMNShape>
      <bpmndi:BPMNShape id="Gateway_1k32o1w_di" bpmnElement="Gateway_08nawop">
        <dc:Bounds x="3185" y="-95" width="50" height="50"/>
      </bpmndi:BPMNShape>
      <bpmndi:BPMNShape id="Event_03oj1ss_di" bpmnElement="Event_03oj1ss">
        <dc:Bounds x="3042" y="-328" width="36" height="36"/>
      </bpmndi:BPMNShape>
      <bpmndi:BPMNShape id="Gateway_0b22fio_di" bpmnElement="Gateway_1d71425">
        <dc:Bounds x="-45" y="15" width="50" height="50"/>
      </bpmndi:BPMNShape>
    </bpmndi:BPMNPlane>
  </bpmndi:BPMNDiagram>
</bpmn2:definitions>