<?xml version="1.0" encoding="UTF-8"?><bpmn2:definitions xmlns:bpmn2="http://www.omg.org/spec/BPMN/20100524/MODEL" xmlns:bpmndi="http://www.omg.org/spec/BPMN/20100524/DI" xmlns:dc="http://www.omg.org/spec/DD/20100524/DC" xmlns:di="http://www.omg.org/spec/DD/20100524/DI" xmlns:xsi="http://www.w3.org/2001/XMLSchema-instance" id="sample-diagram" targetNamespace="http://bpmn.io/schema/bpmn" xsi:schemaLocation="http://www.omg.org/spec/BPMN/20100524/MODEL BPMN20.xsd">
  <bpmn2:collaboration id="Collaboration_0csbwpq" isClosed="false">
    <bpmn2:participant id="Participant_049kdfn" name="Organization" processRef="NSBConstructImplement624_Copy"/>
  </bpmn2:collaboration>
  <bpmn2:process id="NSBConstructImplement624_Copy" name="NSB Construct Implement" processType="None" isClosed="false" isExecutable="true">
    <bpmn2:laneSet id="LaneSet_0m7ce98">
      <bpmn2:lane id="Lane_0q8jzgw" name="Civil Vendor">
        <bpmn2:flowNodeRef>Gateway_1vlwvbm</bpmn2:flowNodeRef>
        <bpmn2:flowNodeRef>Activity_1ochpx8</bpmn2:flowNodeRef>
        <bpmn2:flowNodeRef>Activity_1r8tv33</bpmn2:flowNodeRef>
        <bpmn2:flowNodeRef>Activity_1kx9uqj</bpmn2:flowNodeRef>
        <bpmn2:flowNodeRef>Activity_01guuko</bpmn2:flowNodeRef>
        <bpmn2:flowNodeRef>Activity_0zdqqf2</bpmn2:flowNodeRef>
        <bpmn2:flowNodeRef>Activity_14s3p39</bpmn2:flowNodeRef>
        <bpmn2:flowNodeRef>Gateway_1r6behb</bpmn2:flowNodeRef>
        <bpmn2:flowNodeRef>Gateway_0jwlos1</bpmn2:flowNodeRef>
        <bpmn2:flowNodeRef>Activity_1ia7h8z</bpmn2:flowNodeRef>
        <bpmn2:flowNodeRef>Gateway_02oh523</bpmn2:flowNodeRef>
        <bpmn2:flowNodeRef>Activity_1xizuyb</bpmn2:flowNodeRef>
        <bpmn2:flowNodeRef>Gateway_053pgxl</bpmn2:flowNodeRef>
        <bpmn2:flowNodeRef>Gateway_01va115</bpmn2:flowNodeRef>
        <bpmn2:flowNodeRef>Activity_166vzr3</bpmn2:flowNodeRef>
        <bpmn2:flowNodeRef>Activity_1hk65pi</bpmn2:flowNodeRef>
        <bpmn2:flowNodeRef>Gateway_1oy9wqy</bpmn2:flowNodeRef>
        <bpmn2:flowNodeRef>Activity_0dbmzfd</bpmn2:flowNodeRef>
        <bpmn2:flowNodeRef>Gateway_1krh5uo</bpmn2:flowNodeRef>
        <bpmn2:flowNodeRef>Activity_1yi7tit</bpmn2:flowNodeRef>
        <bpmn2:flowNodeRef>Activity_09ohk37</bpmn2:flowNodeRef>
        <bpmn2:flowNodeRef>Gateway_0rvob57</bpmn2:flowNodeRef>
        <bpmn2:flowNodeRef>Activity_0qyn3el</bpmn2:flowNodeRef>
        <bpmn2:flowNodeRef>Gateway_0bo69jx</bpmn2:flowNodeRef>
        <bpmn2:flowNodeRef>Activity_1izqcm4</bpmn2:flowNodeRef>
        <bpmn2:flowNodeRef>Gateway_1rc2ncz</bpmn2:flowNodeRef>
        <bpmn2:flowNodeRef>Event_0fj6zet</bpmn2:flowNodeRef>
        <bpmn2:flowNodeRef>Gateway_0nbipha</bpmn2:flowNodeRef>
        <bpmn2:flowNodeRef>Gateway_0hbrraz</bpmn2:flowNodeRef>
        <bpmn2:childLaneSet id="LaneSet_1x24x6d">
          <bpmn2:lane id="Lane_0pwl9wr">
            <bpmn2:flowNodeRef>Gateway_1vlwvbm</bpmn2:flowNodeRef>
            <bpmn2:flowNodeRef>Activity_1ochpx8</bpmn2:flowNodeRef>
            <bpmn2:flowNodeRef>Activity_1r8tv33</bpmn2:flowNodeRef>
            <bpmn2:flowNodeRef>Activity_1kx9uqj</bpmn2:flowNodeRef>
            <bpmn2:flowNodeRef>Activity_01guuko</bpmn2:flowNodeRef>
            <bpmn2:flowNodeRef>Activity_0zdqqf2</bpmn2:flowNodeRef>
            <bpmn2:flowNodeRef>Activity_14s3p39</bpmn2:flowNodeRef>
            <bpmn2:flowNodeRef>Gateway_1r6behb</bpmn2:flowNodeRef>
            <bpmn2:flowNodeRef>Gateway_0jwlos1</bpmn2:flowNodeRef>
            <bpmn2:flowNodeRef>Activity_1ia7h8z</bpmn2:flowNodeRef>
            <bpmn2:flowNodeRef>Gateway_02oh523</bpmn2:flowNodeRef>
            <bpmn2:flowNodeRef>Activity_1xizuyb</bpmn2:flowNodeRef>
            <bpmn2:flowNodeRef>Gateway_053pgxl</bpmn2:flowNodeRef>
            <bpmn2:flowNodeRef>Gateway_01va115</bpmn2:flowNodeRef>
            <bpmn2:flowNodeRef>Activity_166vzr3</bpmn2:flowNodeRef>
            <bpmn2:flowNodeRef>Activity_1hk65pi</bpmn2:flowNodeRef>
            <bpmn2:flowNodeRef>Gateway_1oy9wqy</bpmn2:flowNodeRef>
            <bpmn2:flowNodeRef>Activity_0dbmzfd</bpmn2:flowNodeRef>
            <bpmn2:flowNodeRef>Gateway_1krh5uo</bpmn2:flowNodeRef>
            <bpmn2:flowNodeRef>Activity_1yi7tit</bpmn2:flowNodeRef>
            <bpmn2:flowNodeRef>Activity_09ohk37</bpmn2:flowNodeRef>
            <bpmn2:flowNodeRef>Gateway_0rvob57</bpmn2:flowNodeRef>
            <bpmn2:flowNodeRef>Activity_0qyn3el</bpmn2:flowNodeRef>
            <bpmn2:flowNodeRef>Gateway_0bo69jx</bpmn2:flowNodeRef>
            <bpmn2:flowNodeRef>Activity_1izqcm4</bpmn2:flowNodeRef>
            <bpmn2:flowNodeRef>Gateway_1rc2ncz</bpmn2:flowNodeRef>
            <bpmn2:flowNodeRef>Event_0fj6zet</bpmn2:flowNodeRef>
            <bpmn2:flowNodeRef>Gateway_0nbipha</bpmn2:flowNodeRef>
            <bpmn2:flowNodeRef>Gateway_0hbrraz</bpmn2:flowNodeRef>
          </bpmn2:lane>
        </bpmn2:childLaneSet>
      </bpmn2:lane>
      <bpmn2:lane id="Lane_1ykpmm5" name="Site Acquisition Vendor">
        <bpmn2:flowNodeRef>Activity_1a635wa</bpmn2:flowNodeRef>
        <bpmn2:flowNodeRef>Gateway_0y2xcqt</bpmn2:flowNodeRef>
        <bpmn2:flowNodeRef>Gateway_1ki7n64</bpmn2:flowNodeRef>
        <bpmn2:flowNodeRef>Activity_1di2k3w</bpmn2:flowNodeRef>
        <bpmn2:flowNodeRef>Activity_0sst869</bpmn2:flowNodeRef>
        <bpmn2:flowNodeRef>Activity_1wo7sv1</bpmn2:flowNodeRef>
        <bpmn2:flowNodeRef>Activity_1panfw7</bpmn2:flowNodeRef>
        <bpmn2:flowNodeRef>Activity_1eyse9q</bpmn2:flowNodeRef>
        <bpmn2:flowNodeRef>Gateway_01u5iyj</bpmn2:flowNodeRef>
        <bpmn2:flowNodeRef>Activity_1lxva9v</bpmn2:flowNodeRef>
        <bpmn2:flowNodeRef>Activity_0ijo27t</bpmn2:flowNodeRef>
        <bpmn2:flowNodeRef>Gateway_09ktg5k</bpmn2:flowNodeRef>
        <bpmn2:flowNodeRef>Gateway_0lskn70</bpmn2:flowNodeRef>
        <bpmn2:flowNodeRef>Gateway_12a5l32</bpmn2:flowNodeRef>
        <bpmn2:flowNodeRef>Gateway_01dv9nm</bpmn2:flowNodeRef>
        <bpmn2:childLaneSet id="LaneSet_137ulww">
          <bpmn2:lane id="Lane_12vpdq7">
            <bpmn2:flowNodeRef>Activity_1a635wa</bpmn2:flowNodeRef>
            <bpmn2:flowNodeRef>Gateway_0y2xcqt</bpmn2:flowNodeRef>
            <bpmn2:flowNodeRef>Gateway_1ki7n64</bpmn2:flowNodeRef>
            <bpmn2:flowNodeRef>Activity_1di2k3w</bpmn2:flowNodeRef>
            <bpmn2:flowNodeRef>Activity_0sst869</bpmn2:flowNodeRef>
            <bpmn2:flowNodeRef>Activity_1wo7sv1</bpmn2:flowNodeRef>
            <bpmn2:flowNodeRef>Activity_1panfw7</bpmn2:flowNodeRef>
            <bpmn2:flowNodeRef>Activity_1eyse9q</bpmn2:flowNodeRef>
            <bpmn2:flowNodeRef>Gateway_01u5iyj</bpmn2:flowNodeRef>
            <bpmn2:flowNodeRef>Activity_1lxva9v</bpmn2:flowNodeRef>
            <bpmn2:flowNodeRef>Activity_0ijo27t</bpmn2:flowNodeRef>
            <bpmn2:flowNodeRef>Gateway_09ktg5k</bpmn2:flowNodeRef>
            <bpmn2:flowNodeRef>Gateway_0lskn70</bpmn2:flowNodeRef>
            <bpmn2:flowNodeRef>Gateway_12a5l32</bpmn2:flowNodeRef>
            <bpmn2:flowNodeRef>Gateway_01dv9nm</bpmn2:flowNodeRef>
          </bpmn2:lane>
        </bpmn2:childLaneSet>
      </bpmn2:lane>
      <bpmn2:lane id="Lane_0b6c42g" name="ATT">
        <bpmn2:flowNodeRef>Event_0gaa25p</bpmn2:flowNodeRef>
        <bpmn2:flowNodeRef>Activity_0q1pnud</bpmn2:flowNodeRef>
        <bpmn2:flowNodeRef>Activity_1wmevdg</bpmn2:flowNodeRef>
        <bpmn2:flowNodeRef>Activity_1elqqh6</bpmn2:flowNodeRef>
        <bpmn2:flowNodeRef>Activity_1tbflz8</bpmn2:flowNodeRef>
        <bpmn2:flowNodeRef>Activity_1hic7fs</bpmn2:flowNodeRef>
        <bpmn2:flowNodeRef>Activity_0be19bj</bpmn2:flowNodeRef>
        <bpmn2:flowNodeRef>Activity_16g68rp</bpmn2:flowNodeRef>
        <bpmn2:flowNodeRef>Gateway_19edw33</bpmn2:flowNodeRef>
        <bpmn2:flowNodeRef>Activity_0s10d89</bpmn2:flowNodeRef>
        <bpmn2:flowNodeRef>Activity_0v0pe6o</bpmn2:flowNodeRef>
        <bpmn2:flowNodeRef>Gateway_1dv1zjm</bpmn2:flowNodeRef>
        <bpmn2:flowNodeRef>Activity_00f449b</bpmn2:flowNodeRef>
        <bpmn2:flowNodeRef>Activity_1umex7o</bpmn2:flowNodeRef>
        <bpmn2:flowNodeRef>Activity_0bhjlam</bpmn2:flowNodeRef>
        <bpmn2:flowNodeRef>Gateway_12vsrrf</bpmn2:flowNodeRef>
        <bpmn2:flowNodeRef>Gateway_0yz46cc</bpmn2:flowNodeRef>
        <bpmn2:flowNodeRef>Gateway_0mkqgph</bpmn2:flowNodeRef>
        <bpmn2:flowNodeRef>Activity_0vim9rl</bpmn2:flowNodeRef>
        <bpmn2:flowNodeRef>Gateway_0fnti8r</bpmn2:flowNodeRef>
        <bpmn2:flowNodeRef>Activity_0ddy0fj</bpmn2:flowNodeRef>
        <bpmn2:flowNodeRef>Event_0f63bpt</bpmn2:flowNodeRef>
        <bpmn2:flowNodeRef>Gateway_151ia3w</bpmn2:flowNodeRef>
        <bpmn2:flowNodeRef>Gateway_13e37jw</bpmn2:flowNodeRef>
        <bpmn2:flowNodeRef>Gateway_1e8gryp</bpmn2:flowNodeRef>
        <bpmn2:flowNodeRef>Gateway_1nak8ke</bpmn2:flowNodeRef>
        <bpmn2:flowNodeRef>Gateway_05a9u05</bpmn2:flowNodeRef>
        <bpmn2:flowNodeRef>Activity_135gt64</bpmn2:flowNodeRef>
        <bpmn2:flowNodeRef>Activity_1mmzdab</bpmn2:flowNodeRef>
        <bpmn2:childLaneSet id="LaneSet_1elj6f9">
          <bpmn2:lane id="Lane_198bu9g">
            <bpmn2:flowNodeRef>Event_0gaa25p</bpmn2:flowNodeRef>
            <bpmn2:flowNodeRef>Activity_0q1pnud</bpmn2:flowNodeRef>
            <bpmn2:flowNodeRef>Activity_1wmevdg</bpmn2:flowNodeRef>
            <bpmn2:flowNodeRef>Activity_1elqqh6</bpmn2:flowNodeRef>
            <bpmn2:flowNodeRef>Activity_1tbflz8</bpmn2:flowNodeRef>
            <bpmn2:flowNodeRef>Activity_1hic7fs</bpmn2:flowNodeRef>
            <bpmn2:flowNodeRef>Activity_0be19bj</bpmn2:flowNodeRef>
            <bpmn2:flowNodeRef>Activity_16g68rp</bpmn2:flowNodeRef>
            <bpmn2:flowNodeRef>Gateway_19edw33</bpmn2:flowNodeRef>
            <bpmn2:flowNodeRef>Activity_0s10d89</bpmn2:flowNodeRef>
            <bpmn2:flowNodeRef>Activity_0v0pe6o</bpmn2:flowNodeRef>
            <bpmn2:flowNodeRef>Gateway_1dv1zjm</bpmn2:flowNodeRef>
            <bpmn2:flowNodeRef>Activity_00f449b</bpmn2:flowNodeRef>
            <bpmn2:flowNodeRef>Activity_1umex7o</bpmn2:flowNodeRef>
            <bpmn2:flowNodeRef>Activity_0bhjlam</bpmn2:flowNodeRef>
            <bpmn2:flowNodeRef>Gateway_12vsrrf</bpmn2:flowNodeRef>
            <bpmn2:flowNodeRef>Gateway_0yz46cc</bpmn2:flowNodeRef>
            <bpmn2:flowNodeRef>Gateway_0mkqgph</bpmn2:flowNodeRef>
            <bpmn2:flowNodeRef>Activity_0vim9rl</bpmn2:flowNodeRef>
            <bpmn2:flowNodeRef>Gateway_0fnti8r</bpmn2:flowNodeRef>
            <bpmn2:flowNodeRef>Activity_0ddy0fj</bpmn2:flowNodeRef>
            <bpmn2:flowNodeRef>Event_0f63bpt</bpmn2:flowNodeRef>
            <bpmn2:flowNodeRef>Gateway_151ia3w</bpmn2:flowNodeRef>
            <bpmn2:flowNodeRef>Gateway_13e37jw</bpmn2:flowNodeRef>
            <bpmn2:flowNodeRef>Gateway_1e8gryp</bpmn2:flowNodeRef>
            <bpmn2:flowNodeRef>Gateway_1nak8ke</bpmn2:flowNodeRef>
            <bpmn2:flowNodeRef>Gateway_05a9u05</bpmn2:flowNodeRef>
            <bpmn2:flowNodeRef>Activity_135gt64</bpmn2:flowNodeRef>
            <bpmn2:flowNodeRef>Activity_1mmzdab</bpmn2:flowNodeRef>
          </bpmn2:lane>
        </bpmn2:childLaneSet>
      </bpmn2:lane>
    </bpmn2:laneSet>
    <bpmn2:startEvent id="Event_0gaa25p">
      <bpmn2:outgoing>Flow_16h6w0e</bpmn2:outgoing>
    </bpmn2:startEvent>
    <bpmn2:task id="Activity_0q1pnud" name="SS020">
      <bpmn2:incoming>Flow_16h6w0e</bpmn2:incoming>
      <bpmn2:outgoing>Flow_1gqaybb</bpmn2:outgoing>
    </bpmn2:task>
    <bpmn2:userTask id="Activity_1wmevdg" name="CI264 ACD Submitted to GMLC Vendor" implementation="##unspecified">
      <bpmn2:incoming>Flow_1pj24p0</bpmn2:incoming>
      <bpmn2:outgoing>Flow_0c3cwnv</bpmn2:outgoing>
    </bpmn2:userTask>
    <bpmn2:userTask id="Activity_1elqqh6" name="CI042 Transport Delivered" implementation="##unspecified">
      <bpmn2:incoming>Flow_1xdppwz</bpmn2:incoming>
      <bpmn2:incoming>Flow_1p518mp</bpmn2:incoming>
      <bpmn2:outgoing>Flow_05ul258</bpmn2:outgoing>
    </bpmn2:userTask>
    <bpmn2:userTask id="Activity_1tbflz8" name="RE081" implementation="##unspecified">
      <bpmn2:outgoing>Flow_1p518mp</bpmn2:outgoing>
    </bpmn2:userTask>
    <bpmn2:userTask id="Activity_1hic7fs" name="CI055 Call Out OEM Equipment" implementation="##unspecified">
      <bpmn2:incoming>Flow_0lcj4gj</bpmn2:incoming>
      <bpmn2:outgoing>Flow_1wus8bx</bpmn2:outgoing>
    </bpmn2:userTask>
    <bpmn2:userTask id="Activity_0be19bj" name="CI065 Call Out Tower Mounted Equipment" implementation="##unspecified">
      <bpmn2:incoming>Flow_057nzpd</bpmn2:incoming>
      <bpmn2:outgoing>Flow_0dnv8jv</bpmn2:outgoing>
    </bpmn2:userTask>
    <bpmn2:userTask id="Activity_1a635wa" name="CI004  RBS Data Entered (Site Built in CSSng for p" implementation="##unspecified">
      <bpmn2:incoming>Flow_0reu8vc</bpmn2:incoming>
      <bpmn2:outgoing>Flow_11y28gf</bpmn2:outgoing>
    </bpmn2:userTask>
    <bpmn2:inclusiveGateway id="Gateway_0y2xcqt">
      <bpmn2:incoming>Flow_1gqaybb</bpmn2:incoming>
      <bpmn2:outgoing>Flow_0reu8vc</bpmn2:outgoing>
      <bpmn2:outgoing>Flow_016sgkm</bpmn2:outgoing>
      <bpmn2:outgoing>Flow_175ufd0</bpmn2:outgoing>
    </bpmn2:inclusiveGateway>
    <bpmn2:inclusiveGateway id="Gateway_1ki7n64">
      <bpmn2:incoming>Flow_11y28gf</bpmn2:incoming>
      <bpmn2:outgoing>Flow_1pj24p0</bpmn2:outgoing>
      <bpmn2:outgoing>Flow_09vmi82</bpmn2:outgoing>
      <bpmn2:outgoing>Flow_1myqt36</bpmn2:outgoing>
    </bpmn2:inclusiveGateway>
    <bpmn2:userTask id="Activity_1di2k3w" name="RE028" implementation="##unspecified">
      <bpmn2:outgoing>Flow_12tcbep</bpmn2:outgoing>
    </bpmn2:userTask>
    <bpmn2:userTask id="Activity_0sst869" name="CI153 Third Party New Tower Construction Complete" implementation="##unspecified">
      <bpmn2:incoming>Flow_0ys0kf3</bpmn2:incoming>
      <bpmn2:outgoing>Flow_0m9izn7</bpmn2:outgoing>
    </bpmn2:userTask>
    <bpmn2:userTask id="Activity_1wo7sv1" name="RE066" implementation="##unspecified">
      <bpmn2:outgoing>Flow_039hh67</bpmn2:outgoing>
    </bpmn2:userTask>
    <bpmn2:inclusiveGateway id="Gateway_1vlwvbm">
      <bpmn2:incoming>Flow_1i8luhd</bpmn2:incoming>
      <bpmn2:incoming>Flow_18uy3og</bpmn2:incoming>
      <bpmn2:outgoing>Flow_04obfzc</bpmn2:outgoing>
      <bpmn2:outgoing>Flow_1xdppwz</bpmn2:outgoing>
    </bpmn2:inclusiveGateway>
    <bpmn2:userTask id="Activity_1ochpx8" name="CI151  Civil Equipment Ordered" implementation="##unspecified">
      <bpmn2:incoming>Flow_016sgkm</bpmn2:incoming>
      <bpmn2:outgoing>Flow_0sug656</bpmn2:outgoing>
    </bpmn2:userTask>
    <bpmn2:userTask id="Activity_1r8tv33" name="CI093 EH&amp;S Backup Power Batteries, Generators, and" implementation="##unspecified">
      <bpmn2:incoming>Flow_12tcbep</bpmn2:incoming>
      <bpmn2:outgoing>Flow_1eu5w8a</bpmn2:outgoing>
    </bpmn2:userTask>
    <bpmn2:userTask id="Activity_1kx9uqj" name="CI150 EH&amp;S Equipment Delivered, Installed, Modifie" implementation="##unspecified">
      <bpmn2:incoming>Flow_1eu5w8a</bpmn2:incoming>
      <bpmn2:outgoing>Flow_120xutb</bpmn2:outgoing>
    </bpmn2:userTask>
    <bpmn2:userTask id="Activity_01guuko" name="CI001 Site Ready for Transport Delivery" implementation="##unspecified">
      <bpmn2:incoming>Flow_04obfzc</bpmn2:incoming>
    </bpmn2:userTask>
    <bpmn2:userTask id="Activity_0zdqqf2" name="CI002 Permanent Power Ordered" implementation="##unspecified">
      <bpmn2:incoming>Flow_039hh67</bpmn2:incoming>
      <bpmn2:outgoing>Flow_1xelolr</bpmn2:outgoing>
    </bpmn2:userTask>
    <bpmn2:userTask id="Activity_14s3p39" name="CI006 Civil Equipment Received in Market" implementation="##unspecified">
      <bpmn2:incoming>Flow_0d3czuw</bpmn2:incoming>
      <bpmn2:outgoing>Flow_1eo9xci</bpmn2:outgoing>
    </bpmn2:userTask>
    <bpmn2:inclusiveGateway id="Gateway_1r6behb">
      <bpmn2:incoming>Flow_0sug656</bpmn2:incoming>
      <bpmn2:incoming>Flow_0nv7a1t</bpmn2:incoming>
      <bpmn2:outgoing>Flow_0d3czuw</bpmn2:outgoing>
    </bpmn2:inclusiveGateway>
    <bpmn2:inclusiveGateway id="Gateway_0jwlos1">
      <bpmn2:incoming>Flow_0m9izn7</bpmn2:incoming>
      <bpmn2:incoming>Flow_1v4n2wv</bpmn2:incoming>
      <bpmn2:incoming>Flow_158wad9</bpmn2:incoming>
      <bpmn2:outgoing>Flow_0q8omiq</bpmn2:outgoing>
    </bpmn2:inclusiveGateway>
    <bpmn2:userTask id="Activity_1ia7h8z" name="CI025 Construction Started" implementation="##unspecified">
      <bpmn2:incoming>Flow_0q8omiq</bpmn2:incoming>
      <bpmn2:outgoing>Flow_1xispl8</bpmn2:outgoing>
    </bpmn2:userTask>
    <bpmn2:inclusiveGateway id="Gateway_02oh523">
      <bpmn2:incoming>Flow_0qttj4g</bpmn2:incoming>
      <bpmn2:outgoing>Flow_1i8luhd</bpmn2:outgoing>
      <bpmn2:outgoing>Flow_0nv7a1t</bpmn2:outgoing>
    </bpmn2:inclusiveGateway>
    <bpmn2:userTask id="Activity_1panfw7" name="RE020" implementation="##unspecified">
      <bpmn2:outgoing>Flow_01ru3gl</bpmn2:outgoing>
    </bpmn2:userTask>
    <bpmn2:userTask id="Activity_1eyse9q" name="CI152 Third Party New Tower Construction Start" implementation="##unspecified">
      <bpmn2:incoming>Flow_1eqif4g</bpmn2:incoming>
      <bpmn2:outgoing>Flow_0ys0kf3</bpmn2:outgoing>
    </bpmn2:userTask>
    <bpmn2:inclusiveGateway id="Gateway_01u5iyj">
      <bpmn2:incoming>Flow_01ru3gl</bpmn2:incoming>
      <bpmn2:outgoing>Flow_1eqif4g</bpmn2:outgoing>
      <bpmn2:outgoing>Flow_0lcj4gj</bpmn2:outgoing>
      <bpmn2:outgoing>Flow_0obkpsg</bpmn2:outgoing>
      <bpmn2:outgoing>Flow_1v4n2wv</bpmn2:outgoing>
    </bpmn2:inclusiveGateway>
    <bpmn2:userTask id="Activity_1lxva9v" name="RE031" implementation="##unspecified">
      <bpmn2:outgoing>Flow_1rogf43</bpmn2:outgoing>
    </bpmn2:userTask>
    <bpmn2:userTask id="Activity_0ijo27t" name="RE032" implementation="##unspecified">
      <bpmn2:outgoing>Flow_0d0f8u0</bpmn2:outgoing>
    </bpmn2:userTask>
    <bpmn2:inclusiveGateway id="Gateway_09ktg5k">
      <bpmn2:incoming>Flow_1rogf43</bpmn2:incoming>
      <bpmn2:incoming>Flow_0d0f8u0</bpmn2:incoming>
      <bpmn2:incoming>Flow_175ufd0</bpmn2:incoming>
      <bpmn2:outgoing>Flow_158wad9</bpmn2:outgoing>
    </bpmn2:inclusiveGateway>
    <bpmn2:userTask id="Activity_16g68rp" name="CI041 Verify Data fill" implementation="##unspecified">
      <bpmn2:incoming>Flow_11yuce5</bpmn2:incoming>
      <bpmn2:outgoing>Flow_1442r4c</bpmn2:outgoing>
    </bpmn2:userTask>
    <bpmn2:inclusiveGateway id="Gateway_19edw33">
      <bpmn2:incoming>Flow_1myqt36</bpmn2:incoming>
      <bpmn2:incoming>Flow_16u7gdk</bpmn2:incoming>
      <bpmn2:outgoing>Flow_11yuce5</bpmn2:outgoing>
    </bpmn2:inclusiveGateway>
    <bpmn2:inclusiveGateway id="Gateway_0lskn70">
      <bpmn2:incoming>Flow_0obkpsg</bpmn2:incoming>
      <bpmn2:outgoing>Flow_057nzpd</bpmn2:outgoing>
      <bpmn2:outgoing>Flow_16u7gdk</bpmn2:outgoing>
    </bpmn2:inclusiveGateway>
    <bpmn2:userTask id="Activity_1xizuyb" name="CI060 Site and/or Shelter Ready for Equipment" implementation="##unspecified">
      <bpmn2:incoming>Flow_10tga77</bpmn2:incoming>
      <bpmn2:outgoing>Flow_0y7arqa</bpmn2:outgoing>
    </bpmn2:userTask>
    <bpmn2:inclusiveGateway id="Gateway_053pgxl">
      <bpmn2:incoming>Flow_05ul258</bpmn2:incoming>
      <bpmn2:incoming>Flow_0obww3j</bpmn2:incoming>
      <bpmn2:outgoing>Flow_10tga77</bpmn2:outgoing>
      <bpmn2:outgoing>Flow_1d8t141</bpmn2:outgoing>
    </bpmn2:inclusiveGateway>
    <bpmn2:userTask id="Activity_0s10d89" name="CI048 OEM Equipment Delivered to Crossdock" implementation="##unspecified">
      <bpmn2:incoming>Flow_1wus8bx</bpmn2:incoming>
      <bpmn2:outgoing>Flow_12hb6ht</bpmn2:outgoing>
    </bpmn2:userTask>
    <bpmn2:userTask id="Activity_0v0pe6o" name="CI203 IWOS Submitted" implementation="##unspecified">
      <bpmn2:incoming>Flow_1otqja0</bpmn2:incoming>
      <bpmn2:outgoing>Flow_1a6yp6v</bpmn2:outgoing>
    </bpmn2:userTask>
    <bpmn2:inclusiveGateway id="Gateway_12a5l32">
      <bpmn2:incoming>Flow_09vmi82</bpmn2:incoming>
      <bpmn2:outgoing>Flow_18uy3og</bpmn2:outgoing>
      <bpmn2:outgoing>Flow_1otqja0</bpmn2:outgoing>
    </bpmn2:inclusiveGateway>
    <bpmn2:inclusiveGateway id="Gateway_1dv1zjm">
      <bpmn2:incoming>Flow_0dnv8jv</bpmn2:incoming>
      <bpmn2:outgoing>Flow_1n3a0oh</bpmn2:outgoing>
      <bpmn2:outgoing>Flow_1nodgc9</bpmn2:outgoing>
    </bpmn2:inclusiveGateway>
    <bpmn2:userTask id="Activity_00f449b" name="CI034 Tower Mounted EPL Equipment Delivered to" implementation="##unspecified">
      <bpmn2:incoming>Flow_1nodgc9</bpmn2:incoming>
      <bpmn2:outgoing>Flow_03rqnxc</bpmn2:outgoing>
    </bpmn2:userTask>
    <bpmn2:inclusiveGateway id="Gateway_01va115">
      <bpmn2:incoming>Flow_1hb96im</bpmn2:incoming>
      <bpmn2:incoming>Flow_11037xy</bpmn2:incoming>
      <bpmn2:incoming>Flow_0lsnk1i</bpmn2:incoming>
      <bpmn2:outgoing>Flow_1sbvmiz</bpmn2:outgoing>
    </bpmn2:inclusiveGateway>
    <bpmn2:userTask id="Activity_166vzr3" name="CI128 Tower Crew Work Start" implementation="##unspecified">
      <bpmn2:incoming>Flow_1sbvmiz</bpmn2:incoming>
      <bpmn2:outgoing>Flow_1af32og</bpmn2:outgoing>
    </bpmn2:userTask>
    <bpmn2:userTask id="Activity_1hk65pi" name="CI020 Tower Work Completed/RF Path Completed" implementation="##unspecified">
      <bpmn2:incoming>Flow_1af32og</bpmn2:incoming>
      <bpmn2:outgoing>Flow_1i7bjex</bpmn2:outgoing>
    </bpmn2:userTask>
    <bpmn2:inclusiveGateway id="Gateway_1oy9wqy">
      <bpmn2:incoming>Flow_1d8t141</bpmn2:incoming>
      <bpmn2:outgoing>Flow_1hb96im</bpmn2:outgoing>
      <bpmn2:outgoing>Flow_0m1nw37</bpmn2:outgoing>
    </bpmn2:inclusiveGateway>
    <bpmn2:userTask id="Activity_1umex7o" name="CI038 FA Location Validation" implementation="##unspecified">
      <bpmn2:incoming>Flow_0uyd110</bpmn2:incoming>
      <bpmn2:outgoing>Flow_0tn1dvi</bpmn2:outgoing>
    </bpmn2:userTask>
    <bpmn2:userTask id="Activity_0dbmzfd" name="CI099 Permanent Power Received" implementation="##unspecified">
      <bpmn2:incoming>Flow_1xelolr</bpmn2:incoming>
      <bpmn2:outgoing>Flow_1ocjhoh</bpmn2:outgoing>
    </bpmn2:userTask>
    <bpmn2:userTask id="Activity_0bhjlam" name="CI050 Construction Completed" implementation="##unspecified">
      <bpmn2:incoming>Flow_1g4wsum</bpmn2:incoming>
      <bpmn2:outgoing>Flow_1x5oneg</bpmn2:outgoing>
    </bpmn2:userTask>
    <bpmn2:inclusiveGateway id="Gateway_01dv9nm">
      <bpmn2:incoming>Flow_0m1nw37</bpmn2:incoming>
      <bpmn2:outgoing>Flow_0uyd110</bpmn2:outgoing>
      <bpmn2:outgoing>Flow_029phoc</bpmn2:outgoing>
    </bpmn2:inclusiveGateway>
    <bpmn2:inclusiveGateway id="Gateway_12vsrrf">
      <bpmn2:incoming>Flow_029phoc</bpmn2:incoming>
      <bpmn2:incoming>Flow_1eo9xci</bpmn2:incoming>
      <bpmn2:incoming>Flow_1ocjhoh</bpmn2:incoming>
      <bpmn2:incoming>Flow_09281lb</bpmn2:incoming>
      <bpmn2:incoming>Flow_13r8ahu</bpmn2:incoming>
      <bpmn2:outgoing>Flow_1g4wsum</bpmn2:outgoing>
    </bpmn2:inclusiveGateway>
    <bpmn2:inclusiveGateway id="Gateway_1krh5uo">
      <bpmn2:incoming>Flow_120xutb</bpmn2:incoming>
      <bpmn2:outgoing>Flow_1s5xtqr</bpmn2:outgoing>
      <bpmn2:outgoing>Flow_09281lb</bpmn2:outgoing>
    </bpmn2:inclusiveGateway>
    <bpmn2:userTask id="Activity_1yi7tit" name="CI268 Generator Tested and Commissioned" implementation="##unspecified">
      <bpmn2:incoming>Flow_1s5xtqr</bpmn2:incoming>
      <bpmn2:outgoing>Flow_13r8ahu</bpmn2:outgoing>
    </bpmn2:userTask>
    <bpmn2:sequenceFlow id="Flow_1wus8bx" sourceRef="Activity_1hic7fs" targetRef="Activity_0s10d89"/>
    <bpmn2:sequenceFlow id="Flow_0dnv8jv" sourceRef="Activity_0be19bj" targetRef="Gateway_1dv1zjm"/>
    <bpmn2:sequenceFlow id="Flow_10tga77" sourceRef="Gateway_053pgxl" targetRef="Activity_1xizuyb"/>
    <bpmn2:sequenceFlow id="Flow_05ul258" sourceRef="Activity_1elqqh6" targetRef="Gateway_053pgxl"/>
    <bpmn2:sequenceFlow id="Flow_1xispl8" sourceRef="Activity_1ia7h8z" targetRef="Gateway_0bo69jx"/>
    <bpmn2:sequenceFlow id="Flow_16u7gdk" sourceRef="Gateway_0lskn70" targetRef="Gateway_19edw33"/>
    <bpmn2:sequenceFlow id="Flow_11yuce5" sourceRef="Gateway_19edw33" targetRef="Activity_16g68rp"/>
    <bpmn2:sequenceFlow id="Flow_1myqt36" sourceRef="Gateway_1ki7n64" targetRef="Gateway_19edw33"/>
    <bpmn2:sequenceFlow id="Flow_057nzpd" sourceRef="Gateway_0lskn70" targetRef="Activity_0be19bj"/>
    <bpmn2:sequenceFlow id="Flow_16h6w0e" sourceRef="Event_0gaa25p" targetRef="Activity_0q1pnud"/>
    <bpmn2:sequenceFlow id="Flow_1gqaybb" sourceRef="Activity_0q1pnud" targetRef="Gateway_0y2xcqt"/>
    <bpmn2:sequenceFlow id="Flow_0reu8vc" sourceRef="Gateway_0y2xcqt" targetRef="Activity_1a635wa"/>
    <bpmn2:sequenceFlow id="Flow_016sgkm" sourceRef="Gateway_0y2xcqt" targetRef="Activity_1ochpx8"/>
    <bpmn2:sequenceFlow id="Flow_11y28gf" sourceRef="Activity_1a635wa" targetRef="Gateway_1ki7n64"/>
    <bpmn2:sequenceFlow id="Flow_0sug656" sourceRef="Activity_1ochpx8" targetRef="Gateway_1r6behb"/>
    <bpmn2:sequenceFlow id="Flow_12tcbep" sourceRef="Activity_1di2k3w" targetRef="Activity_1r8tv33"/>
    <bpmn2:sequenceFlow id="Flow_1eu5w8a" sourceRef="Activity_1r8tv33" targetRef="Activity_1kx9uqj"/>
    <bpmn2:sequenceFlow id="Flow_120xutb" sourceRef="Activity_1kx9uqj" targetRef="Gateway_1krh5uo"/>
    <bpmn2:sequenceFlow id="Flow_1pj24p0" sourceRef="Gateway_1ki7n64" targetRef="Activity_1wmevdg"/>
    <bpmn2:sequenceFlow id="Flow_09vmi82" sourceRef="Gateway_1ki7n64" targetRef="Gateway_12a5l32"/>
    <bpmn2:sequenceFlow id="Flow_04obfzc" sourceRef="Gateway_1vlwvbm" targetRef="Activity_01guuko"/>
    <bpmn2:sequenceFlow id="Flow_1xdppwz" sourceRef="Gateway_1vlwvbm" targetRef="Activity_1elqqh6"/>
    <bpmn2:sequenceFlow id="Flow_1p518mp" sourceRef="Activity_1tbflz8" targetRef="Activity_1elqqh6"/>
    <bpmn2:sequenceFlow id="Flow_01ru3gl" sourceRef="Activity_1panfw7" targetRef="Gateway_01u5iyj"/>
    <bpmn2:sequenceFlow id="Flow_0ys0kf3" sourceRef="Activity_1eyse9q" targetRef="Activity_0sst869"/>
    <bpmn2:sequenceFlow id="Flow_039hh67" sourceRef="Activity_1wo7sv1" targetRef="Activity_0zdqqf2"/>
    <bpmn2:sequenceFlow id="Flow_0q8omiq" sourceRef="Gateway_0jwlos1" targetRef="Activity_1ia7h8z"/>
    <bpmn2:sequenceFlow id="Flow_0m9izn7" sourceRef="Activity_0sst869" targetRef="Gateway_0jwlos1"/>
    <bpmn2:sequenceFlow id="Flow_1v4n2wv" sourceRef="Gateway_01u5iyj" targetRef="Gateway_0jwlos1"/>
    <bpmn2:sequenceFlow id="Flow_1rogf43" sourceRef="Activity_1lxva9v" targetRef="Gateway_09ktg5k"/>
    <bpmn2:sequenceFlow id="Flow_0d0f8u0" sourceRef="Activity_0ijo27t" targetRef="Gateway_09ktg5k"/>
    <bpmn2:sequenceFlow id="Flow_158wad9" sourceRef="Gateway_09ktg5k" targetRef="Gateway_0jwlos1"/>
    <bpmn2:sequenceFlow id="Flow_175ufd0" sourceRef="Gateway_0y2xcqt" targetRef="Gateway_09ktg5k"/>
    <bpmn2:sequenceFlow id="Flow_0d3czuw" sourceRef="Gateway_1r6behb" targetRef="Activity_14s3p39"/>
    <bpmn2:sequenceFlow id="Flow_0nv7a1t" sourceRef="Gateway_02oh523" targetRef="Gateway_1r6behb"/>
    <bpmn2:sequenceFlow id="Flow_0qttj4g" sourceRef="Gateway_0bo69jx" targetRef="Gateway_02oh523"/>
    <bpmn2:sequenceFlow id="Flow_1i8luhd" sourceRef="Gateway_02oh523" targetRef="Gateway_1vlwvbm"/>
    <bpmn2:sequenceFlow id="Flow_1eqif4g" sourceRef="Gateway_01u5iyj" targetRef="Activity_1eyse9q"/>
    <bpmn2:sequenceFlow id="Flow_0lcj4gj" sourceRef="Gateway_01u5iyj" targetRef="Activity_1hic7fs"/>
    <bpmn2:sequenceFlow id="Flow_0obkpsg" sourceRef="Gateway_01u5iyj" targetRef="Gateway_0lskn70"/>
    <bpmn2:sequenceFlow id="Flow_18uy3og" sourceRef="Gateway_12a5l32" targetRef="Gateway_1vlwvbm"/>
    <bpmn2:sequenceFlow id="Flow_1otqja0" sourceRef="Gateway_12a5l32" targetRef="Activity_0v0pe6o"/>
    <bpmn2:sequenceFlow id="Flow_1n3a0oh" sourceRef="Gateway_1dv1zjm" targetRef="Activity_0vim9rl"/>
    <bpmn2:sequenceFlow id="Flow_1nodgc9" sourceRef="Gateway_1dv1zjm" targetRef="Activity_00f449b"/>
    <bpmn2:sequenceFlow id="Flow_03rqnxc" sourceRef="Activity_00f449b" targetRef="Gateway_0mkqgph"/>
    <bpmn2:sequenceFlow id="Flow_1d8t141" sourceRef="Gateway_053pgxl" targetRef="Gateway_1oy9wqy"/>
    <bpmn2:sequenceFlow id="Flow_1sbvmiz" sourceRef="Gateway_01va115" targetRef="Activity_166vzr3"/>
    <bpmn2:sequenceFlow id="Flow_1af32og" sourceRef="Activity_166vzr3" targetRef="Activity_1hk65pi"/>
    <bpmn2:sequenceFlow id="Flow_1hb96im" sourceRef="Gateway_1oy9wqy" targetRef="Gateway_01va115"/>
    <bpmn2:sequenceFlow id="Flow_0m1nw37" sourceRef="Gateway_1oy9wqy" targetRef="Gateway_01dv9nm"/>
    <bpmn2:sequenceFlow id="Flow_1xelolr" sourceRef="Activity_0zdqqf2" targetRef="Activity_0dbmzfd"/>
    <bpmn2:sequenceFlow id="Flow_0uyd110" sourceRef="Gateway_01dv9nm" targetRef="Activity_1umex7o"/>
    <bpmn2:sequenceFlow id="Flow_029phoc" sourceRef="Gateway_01dv9nm" targetRef="Gateway_12vsrrf"/>
    <bpmn2:sequenceFlow id="Flow_1eo9xci" sourceRef="Activity_14s3p39" targetRef="Gateway_12vsrrf"/>
    <bpmn2:sequenceFlow id="Flow_1ocjhoh" sourceRef="Activity_0dbmzfd" targetRef="Gateway_12vsrrf"/>
    <bpmn2:sequenceFlow id="Flow_1s5xtqr" sourceRef="Gateway_1krh5uo" targetRef="Activity_1yi7tit"/>
    <bpmn2:sequenceFlow id="Flow_09281lb" sourceRef="Gateway_1krh5uo" targetRef="Gateway_12vsrrf"/>
    <bpmn2:sequenceFlow id="Flow_1g4wsum" sourceRef="Gateway_12vsrrf" targetRef="Activity_0bhjlam"/>
    <bpmn2:sequenceFlow id="Flow_13r8ahu" sourceRef="Activity_1yi7tit" targetRef="Gateway_12vsrrf"/>
    <bpmn2:userTask id="Activity_09ohk37" name="CI116 Site Ready for OEM Installation" implementation="##unspecified">
      <bpmn2:incoming>Flow_1i7bjex</bpmn2:incoming>
      <bpmn2:incoming>Flow_04g8lpi</bpmn2:incoming>
      <bpmn2:outgoing>Flow_1ij4h86</bpmn2:outgoing>
    </bpmn2:userTask>
    <bpmn2:sequenceFlow id="Flow_1i7bjex" sourceRef="Activity_1hk65pi" targetRef="Activity_09ohk37"/>
    <bpmn2:sequenceFlow id="Flow_04g8lpi" sourceRef="Gateway_0rvob57" targetRef="Activity_09ohk37"/>
    <bpmn2:inclusiveGateway id="Gateway_0rvob57">
      <bpmn2:incoming>Flow_132f4em</bpmn2:incoming>
      <bpmn2:incoming>Flow_12hb6ht</bpmn2:incoming>
      <bpmn2:incoming>Flow_1a6yp6v</bpmn2:incoming>
      <bpmn2:incoming>Flow_0y7arqa</bpmn2:incoming>
      <bpmn2:incoming>Flow_06rti42</bpmn2:incoming>
      <bpmn2:outgoing>Flow_04g8lpi</bpmn2:outgoing>
    </bpmn2:inclusiveGateway>
    <bpmn2:sequenceFlow id="Flow_132f4em" sourceRef="Gateway_0mkqgph" targetRef="Gateway_0rvob57"/>
    <bpmn2:sequenceFlow id="Flow_12hb6ht" sourceRef="Activity_0s10d89" targetRef="Gateway_0rvob57"/>
    <bpmn2:sequenceFlow id="Flow_1a6yp6v" sourceRef="Activity_0v0pe6o" targetRef="Gateway_0rvob57"/>
    <bpmn2:sequenceFlow id="Flow_0y7arqa" sourceRef="Activity_1xizuyb" targetRef="Gateway_0rvob57"/>
    <bpmn2:userTask id="Activity_0qyn3el" name="CI110 On-Air NTP Received" implementation="##unspecified">
      <bpmn2:incoming>Flow_1ukfln7</bpmn2:incoming>
      <bpmn2:outgoing>Flow_1xvo58r</bpmn2:outgoing>
    </bpmn2:userTask>
    <bpmn2:sequenceFlow id="Flow_0tn1dvi" sourceRef="Activity_1umex7o" targetRef="Gateway_0yz46cc"/>
    <bpmn2:sequenceFlow id="Flow_0usuw6e" sourceRef="Gateway_0yz46cc" targetRef="Gateway_0hbrraz"/>
    <bpmn2:sequenceFlow id="Flow_1442r4c" sourceRef="Activity_16g68rp" targetRef="Gateway_0yz46cc"/>
    <bpmn2:inclusiveGateway id="Gateway_0yz46cc">
      <bpmn2:incoming>Flow_0tn1dvi</bpmn2:incoming>
      <bpmn2:incoming>Flow_1442r4c</bpmn2:incoming>
      <bpmn2:outgoing>Flow_0usuw6e</bpmn2:outgoing>
    </bpmn2:inclusiveGateway>
    <bpmn2:sequenceFlow id="Flow_1xvo58r" sourceRef="Activity_0qyn3el" targetRef="Gateway_13e37jw"/>
    <bpmn2:sequenceFlow id="Flow_0c3cwnv" sourceRef="Activity_1wmevdg" targetRef="Gateway_151ia3w"/>
    <bpmn2:sequenceFlow id="Flow_1x5oneg" sourceRef="Activity_0bhjlam" targetRef="Gateway_1e8gryp"/>
    <bpmn2:sequenceFlow id="Flow_1683gcx" sourceRef="Gateway_13e37jw" targetRef="Gateway_151ia3w"/>
    <bpmn2:sequenceFlow id="Flow_00i221u" sourceRef="Gateway_13e37jw" targetRef="Gateway_1nak8ke"/>
    <bpmn2:sequenceFlow id="Flow_10p8lde" sourceRef="Gateway_1e8gryp" targetRef="Gateway_1rc2ncz"/>
    <bpmn2:sequenceFlow id="Flow_1ij4h86" sourceRef="Activity_09ohk37" targetRef="Gateway_1rc2ncz"/>
    <bpmn2:sequenceFlow id="Flow_1rgsbuh" sourceRef="Gateway_1rc2ncz" targetRef="Activity_1izqcm4"/>
    <bpmn2:sequenceFlow id="Flow_1g3xwm1" sourceRef="Activity_1izqcm4" targetRef="Gateway_0nbipha"/>
    <bpmn2:sequenceFlow id="Flow_0jf3w5t" sourceRef="Activity_1mmzdab" targetRef="Event_0f63bpt"/>
    <bpmn2:sequenceFlow id="Flow_11037xy" sourceRef="Gateway_0mkqgph" targetRef="Gateway_01va115"/>
    <bpmn2:inclusiveGateway id="Gateway_0mkqgph">
      <bpmn2:incoming>Flow_03rqnxc</bpmn2:incoming>
      <bpmn2:outgoing>Flow_11037xy</bpmn2:outgoing>
      <bpmn2:outgoing>Flow_132f4em</bpmn2:outgoing>
    </bpmn2:inclusiveGateway>
    <bpmn2:sequenceFlow id="Flow_0lsnk1i" sourceRef="Gateway_0fnti8r" targetRef="Gateway_01va115"/>
    <bpmn2:userTask id="Activity_0vim9rl" name="CI046 Power Equipment Delivered to Crossdock" implementation="##unspecified">
      <bpmn2:incoming>Flow_1n3a0oh</bpmn2:incoming>
      <bpmn2:outgoing>Flow_0azgemb</bpmn2:outgoing>
    </bpmn2:userTask>
    <bpmn2:sequenceFlow id="Flow_06rti42" sourceRef="Gateway_0fnti8r" targetRef="Gateway_0rvob57"/>
    <bpmn2:inclusiveGateway id="Gateway_0fnti8r">
      <bpmn2:incoming>Flow_0azgemb</bpmn2:incoming>
      <bpmn2:outgoing>Flow_0lsnk1i</bpmn2:outgoing>
      <bpmn2:outgoing>Flow_06rti42</bpmn2:outgoing>
    </bpmn2:inclusiveGateway>
    <bpmn2:sequenceFlow id="Flow_0azgemb" sourceRef="Activity_0vim9rl" targetRef="Gateway_0fnti8r"/>
    <bpmn2:sequenceFlow id="Flow_0obww3j" sourceRef="Gateway_0bo69jx" targetRef="Gateway_053pgxl"/>
    <bpmn2:inclusiveGateway id="Gateway_0bo69jx">
      <bpmn2:incoming>Flow_1xispl8</bpmn2:incoming>
      <bpmn2:outgoing>Flow_0obww3j</bpmn2:outgoing>
      <bpmn2:outgoing>Flow_0qttj4g</bpmn2:outgoing>
    </bpmn2:inclusiveGateway>
    <bpmn2:sequenceFlow id="Flow_0yloizl" sourceRef="Gateway_0nbipha" targetRef="Event_0fj6zet"/>
    <bpmn2:sequenceFlow id="Flow_1764d2n" sourceRef="Gateway_0nbipha" targetRef="Gateway_0hbrraz"/>
    <bpmn2:sequenceFlow id="Flow_1dspbdi" sourceRef="Gateway_151ia3w" targetRef="Activity_0ddy0fj"/>
    <bpmn2:userTask id="Activity_0ddy0fj" name="CI265 Prelaunch Audit Approved" implementation="##unspecified">
      <bpmn2:incoming>Flow_1dspbdi</bpmn2:incoming>
      <bpmn2:outgoing>Flow_0xd8evl</bpmn2:outgoing>
    </bpmn2:userTask>
    <bpmn2:userTask id="Activity_1izqcm4" name="CI003 Compliance Data Approved" implementation="##unspecified">
      <bpmn2:incoming>Flow_1rgsbuh</bpmn2:incoming>
      <bpmn2:outgoing>Flow_1g3xwm1</bpmn2:outgoing>
    </bpmn2:userTask>
    <bpmn2:inclusiveGateway id="Gateway_1rc2ncz">
      <bpmn2:incoming>Flow_10p8lde</bpmn2:incoming>
      <bpmn2:incoming>Flow_1ij4h86</bpmn2:incoming>
      <bpmn2:outgoing>Flow_1rgsbuh</bpmn2:outgoing>
    </bpmn2:inclusiveGateway>
    <bpmn2:endEvent id="Event_0fj6zet">
      <bpmn2:incoming>Flow_0yloizl</bpmn2:incoming>
    </bpmn2:endEvent>
    <bpmn2:endEvent id="Event_0f63bpt">
      <bpmn2:incoming>Flow_0jf3w5t</bpmn2:incoming>
    </bpmn2:endEvent>
    <bpmn2:inclusiveGateway id="Gateway_0nbipha">
      <bpmn2:incoming>Flow_1g3xwm1</bpmn2:incoming>
      <bpmn2:outgoing>Flow_0yloizl</bpmn2:outgoing>
      <bpmn2:outgoing>Flow_1764d2n</bpmn2:outgoing>
    </bpmn2:inclusiveGateway>
    <bpmn2:inclusiveGateway id="Gateway_151ia3w">
      <bpmn2:incoming>Flow_0c3cwnv</bpmn2:incoming>
      <bpmn2:incoming>Flow_1683gcx</bpmn2:incoming>
      <bpmn2:outgoing>Flow_1dspbdi</bpmn2:outgoing>
    </bpmn2:inclusiveGateway>
    <bpmn2:inclusiveGateway id="Gateway_13e37jw">
      <bpmn2:incoming>Flow_1xvo58r</bpmn2:incoming>
      <bpmn2:outgoing>Flow_1683gcx</bpmn2:outgoing>
      <bpmn2:outgoing>Flow_00i221u</bpmn2:outgoing>
    </bpmn2:inclusiveGateway>
    <bpmn2:inclusiveGateway id="Gateway_1e8gryp">
      <bpmn2:incoming>Flow_1x5oneg</bpmn2:incoming>
      <bpmn2:outgoing>Flow_10p8lde</bpmn2:outgoing>
      <bpmn2:outgoing>Flow_0h16rxa</bpmn2:outgoing>
    </bpmn2:inclusiveGateway>
    <bpmn2:inclusiveGateway id="Gateway_0hbrraz">
      <bpmn2:incoming>Flow_0usuw6e</bpmn2:incoming>
      <bpmn2:incoming>Flow_1764d2n</bpmn2:incoming>
      <bpmn2:outgoing>Flow_1ukfln7</bpmn2:outgoing>
    </bpmn2:inclusiveGateway>
    <bpmn2:sequenceFlow id="Flow_1ukfln7" sourceRef="Gateway_0hbrraz" targetRef="Activity_0qyn3el"/>
    <bpmn2:sequenceFlow id="Flow_0xd8evl" sourceRef="Activity_0ddy0fj" targetRef="Gateway_1nak8ke"/>
    <bpmn2:inclusiveGateway id="Gateway_1nak8ke">
      <bpmn2:incoming>Flow_00i221u</bpmn2:incoming>
      <bpmn2:incoming>Flow_0xd8evl</bpmn2:incoming>
      <bpmn2:outgoing>Flow_0dj6wm9</bpmn2:outgoing>
    </bpmn2:inclusiveGateway>
    <bpmn2:inclusiveGateway id="Gateway_05a9u05">
      <bpmn2:incoming>Flow_0dj6wm9</bpmn2:incoming>
      <bpmn2:incoming>Flow_0h16rxa</bpmn2:incoming>
      <bpmn2:outgoing>Flow_19eirbo</bpmn2:outgoing>
    </bpmn2:inclusiveGateway>
    <bpmn2:sequenceFlow id="Flow_0dj6wm9" sourceRef="Gateway_1nak8ke" targetRef="Gateway_05a9u05"/>
    <bpmn2:sequenceFlow id="Flow_19eirbo" sourceRef="Gateway_05a9u05" targetRef="Activity_135gt64"/>
    <bpmn2:userTask id="Activity_135gt64" name="CI139 Integration/Optimization Vendor True-Up Comp" implementation="##unspecified">
      <bpmn2:incoming>Flow_19eirbo</bpmn2:incoming>
      <bpmn2:outgoing>Flow_1rnfe78</bpmn2:outgoing>
    </bpmn2:userTask>
    <bpmn2:sequenceFlow id="Flow_0h16rxa" sourceRef="Gateway_1e8gryp" targetRef="Gateway_05a9u05"/>
    <bpmn2:sequenceFlow id="Flow_1rnfe78" sourceRef="Activity_135gt64" targetRef="Activity_1mmzdab"/>
    <bpmn2:userTask id="Activity_1mmzdab" name="CI140 Optimization Complete/Final Integrtn-Vendor " implementation="##unspecified">
      <bpmn2:incoming>Flow_1rnfe78</bpmn2:incoming>
      <bpmn2:outgoing>Flow_0jf3w5t</bpmn2:outgoing>
    </bpmn2:userTask>
  </bpmn2:process>
  <bpmndi:BPMNDiagram id="BPMNDiagram_1">
    <bpmndi:BPMNPlane id="BPMNPlane_1" bpmnElement="Collaboration_0csbwpq">
      <bpmndi:BPMNShape id="Participant_049kdfn_di" bpmnElement="Participant_049kdfn" isHorizontal="true">
        <dc:Bounds x="-308" y="240" width="3948" height="1440"/>
      </bpmndi:BPMNShape>
      <bpmndi:BPMNShape id="Lane_0b6c42g_di" bpmnElement="Lane_0b6c42g" isHorizontal="true">
        <dc:Bounds x="-278" y="240" width="3918" height="560"/>
      </bpmndi:BPMNShape>
      <bpmndi:BPMNShape id="Lane_198bu9g_di" bpmnElement="Lane_198bu9g" isHorizontal="true">
        <dc:Bounds x="-248" y="240" width="3888" height="560"/>
      </bpmndi:BPMNShape>
      <bpmndi:BPMNShape id="Lane_1ykpmm5_di" bpmnElement="Lane_1ykpmm5" isHorizontal="true">
        <dc:Bounds x="-278" y="800" width="3918" height="410"/>
      </bpmndi:BPMNShape>
      <bpmndi:BPMNShape id="Lane_12vpdq7_di" bpmnElement="Lane_12vpdq7" isHorizontal="true">
        <dc:Bounds x="-248" y="800" width="3888" height="410"/>
      </bpmndi:BPMNShape>
      <bpmndi:BPMNShape id="Lane_0q8jzgw_di" bpmnElement="Lane_0q8jzgw" isHorizontal="true">
        <dc:Bounds x="-278" y="1210" width="3918" height="470"/>
      </bpmndi:BPMNShape>
      <bpmndi:BPMNShape id="Lane_0pwl9wr_di" bpmnElement="Lane_0pwl9wr" isHorizontal="true">
        <dc:Bounds x="-248" y="1210" width="3888" height="470"/>
      </bpmndi:BPMNShape>
      <bpmndi:BPMNEdge id="Flow_1ukfln7_di" bpmnElement="Flow_1ukfln7">
        <di:waypoint x="2555" y="1440"/>
        <di:waypoint x="2580" y="1440"/>
      </bpmndi:BPMNEdge>
      <bpmndi:BPMNEdge id="Flow_1dspbdi_di" bpmnElement="Flow_1dspbdi">
        <di:waypoint x="2880" y="445"/>
        <di:waypoint x="2880" y="485"/>
      </bpmndi:BPMNEdge>
      <bpmndi:BPMNEdge id="Flow_1764d2n_di" bpmnElement="Flow_1764d2n">
        <di:waypoint x="3200" y="1465"/>
        <di:waypoint x="3200" y="1560"/>
        <di:waypoint x="2530" y="1560"/>
        <di:waypoint x="2530" y="1465"/>
      </bpmndi:BPMNEdge>
      <bpmndi:BPMNEdge id="Flow_0yloizl_di" bpmnElement="Flow_0yloizl">
        <di:waypoint x="3225" y="1440"/>
        <di:waypoint x="3382" y="1440"/>
      </bpmndi:BPMNEdge>
      <bpmndi:BPMNEdge id="Flow_0obww3j_di" bpmnElement="Flow_0obww3j">
        <di:waypoint x="1052" y="1335"/>
        <di:waypoint x="1052" y="1315"/>
        <di:waypoint x="1257" y="1315"/>
      </bpmndi:BPMNEdge>
      <bpmndi:BPMNEdge id="Flow_0azgemb_di" bpmnElement="Flow_0azgemb">
        <di:waypoint x="1400" y="670"/>
        <di:waypoint x="1440" y="670"/>
        <di:waypoint x="1440" y="715"/>
      </bpmndi:BPMNEdge>
      <bpmndi:BPMNEdge id="Flow_06rti42_di" bpmnElement="Flow_06rti42">
        <di:waypoint x="1465" y="740"/>
        <di:waypoint x="2320" y="740"/>
        <di:waypoint x="2320" y="1315"/>
      </bpmndi:BPMNEdge>
      <bpmndi:BPMNEdge id="Flow_0lsnk1i_di" bpmnElement="Flow_0lsnk1i">
        <di:waypoint x="1440" y="765"/>
        <di:waypoint x="1440" y="790"/>
        <di:waypoint x="1737" y="790"/>
        <di:waypoint x="1737" y="1290"/>
      </bpmndi:BPMNEdge>
      <bpmndi:BPMNEdge id="Flow_11037xy_di" bpmnElement="Flow_11037xy">
        <di:waypoint x="1847" y="655"/>
        <di:waypoint x="1847" y="1315"/>
        <di:waypoint x="1762" y="1315"/>
      </bpmndi:BPMNEdge>
      <bpmndi:BPMNEdge id="Flow_0jf3w5t_di" bpmnElement="Flow_0jf3w5t">
        <di:waypoint x="3310" y="480"/>
        <di:waypoint x="3310" y="388"/>
      </bpmndi:BPMNEdge>
      <bpmndi:BPMNEdge id="Flow_1g3xwm1_di" bpmnElement="Flow_1g3xwm1">
        <di:waypoint x="3130" y="1440"/>
        <di:waypoint x="3175" y="1440"/>
      </bpmndi:BPMNEdge>
      <bpmndi:BPMNEdge id="Flow_1rgsbuh_di" bpmnElement="Flow_1rgsbuh">
        <di:waypoint x="3080" y="1355"/>
        <di:waypoint x="3080" y="1400"/>
      </bpmndi:BPMNEdge>
      <bpmndi:BPMNEdge id="Flow_1ij4h86_di" bpmnElement="Flow_1ij4h86">
        <di:waypoint x="2320" y="1480"/>
        <di:waypoint x="2320" y="1520"/>
        <di:waypoint x="2840" y="1520"/>
        <di:waypoint x="2840" y="1330"/>
        <di:waypoint x="3055" y="1330"/>
      </bpmndi:BPMNEdge>
      <bpmndi:BPMNEdge id="Flow_10p8lde_di" bpmnElement="Flow_10p8lde">
        <di:waypoint x="2670" y="465"/>
        <di:waypoint x="2670" y="1280"/>
        <di:waypoint x="3080" y="1280"/>
        <di:waypoint x="3080" y="1305"/>
      </bpmndi:BPMNEdge>
      <bpmndi:BPMNEdge id="Flow_00i221u_di" bpmnElement="Flow_00i221u">
        <di:waypoint x="2775" y="720"/>
        <di:waypoint x="3080" y="720"/>
        <di:waypoint x="3080" y="665"/>
      </bpmndi:BPMNEdge>
      <bpmndi:BPMNEdge id="Flow_1683gcx_di" bpmnElement="Flow_1683gcx">
        <di:waypoint x="2725" y="720"/>
        <di:waypoint x="2700" y="720"/>
        <di:waypoint x="2700" y="420"/>
        <di:waypoint x="2855" y="420"/>
      </bpmndi:BPMNEdge>
      <bpmndi:BPMNEdge id="Flow_1x5oneg_di" bpmnElement="Flow_1x5oneg">
        <di:waypoint x="2157" y="485"/>
        <di:waypoint x="2157" y="440"/>
        <di:waypoint x="2645" y="440"/>
      </bpmndi:BPMNEdge>
      <bpmndi:BPMNEdge id="Flow_0c3cwnv_di" bpmnElement="Flow_0c3cwnv">
        <di:waypoint x="92" y="630"/>
        <di:waypoint x="92" y="280"/>
        <di:waypoint x="2880" y="280"/>
        <di:waypoint x="2880" y="395"/>
      </bpmndi:BPMNEdge>
      <bpmndi:BPMNEdge id="Flow_1xvo58r_di" bpmnElement="Flow_1xvo58r">
        <di:waypoint x="2680" y="1440"/>
        <di:waypoint x="2750" y="1440"/>
        <di:waypoint x="2750" y="745"/>
      </bpmndi:BPMNEdge>
      <bpmndi:BPMNEdge id="Flow_1442r4c_di" bpmnElement="Flow_1442r4c">
        <di:waypoint x="1182" y="580"/>
        <di:waypoint x="1182" y="310"/>
        <di:waypoint x="2540" y="310"/>
        <di:waypoint x="2540" y="355"/>
      </bpmndi:BPMNEdge>
      <bpmndi:BPMNEdge id="Flow_0usuw6e_di" bpmnElement="Flow_0usuw6e">
        <di:waypoint x="2565" y="380"/>
        <di:waypoint x="2610" y="380"/>
        <di:waypoint x="2610" y="910"/>
        <di:waypoint x="2530" y="910"/>
        <di:waypoint x="2530" y="1415"/>
      </bpmndi:BPMNEdge>
      <bpmndi:BPMNEdge id="Flow_0tn1dvi_di" bpmnElement="Flow_0tn1dvi">
        <di:waypoint x="1987" y="485"/>
        <di:waypoint x="1987" y="380"/>
        <di:waypoint x="2515" y="380"/>
      </bpmndi:BPMNEdge>
      <bpmndi:BPMNEdge id="Flow_0y7arqa_di" bpmnElement="Flow_0y7arqa">
        <di:waypoint x="1132" y="1480"/>
        <di:waypoint x="1132" y="1630"/>
        <di:waypoint x="2200" y="1630"/>
        <di:waypoint x="2200" y="1350"/>
        <di:waypoint x="2305" y="1350"/>
      </bpmndi:BPMNEdge>
      <bpmndi:BPMNEdge id="Flow_1a6yp6v_di" bpmnElement="Flow_1a6yp6v">
        <di:waypoint x="1742" y="670"/>
        <di:waypoint x="2360" y="670"/>
        <di:waypoint x="2360" y="1310"/>
        <di:waypoint x="2334" y="1329"/>
      </bpmndi:BPMNEdge>
      <bpmndi:BPMNEdge id="Flow_12hb6ht_di" bpmnElement="Flow_12hb6ht">
        <di:waypoint x="1542" y="710"/>
        <di:waypoint x="1542" y="760"/>
        <di:waypoint x="2270" y="760"/>
        <di:waypoint x="2270" y="1320"/>
        <di:waypoint x="2305" y="1330"/>
      </bpmndi:BPMNEdge>
      <bpmndi:BPMNEdge id="Flow_132f4em_di" bpmnElement="Flow_132f4em">
        <di:waypoint x="1872" y="630"/>
        <di:waypoint x="1920" y="630"/>
        <di:waypoint x="1920" y="410"/>
        <di:waypoint x="2410" y="410"/>
        <di:waypoint x="2410" y="1340"/>
        <di:waypoint x="2345" y="1340"/>
      </bpmndi:BPMNEdge>
      <bpmndi:BPMNEdge id="Flow_04g8lpi_di" bpmnElement="Flow_04g8lpi">
        <di:waypoint x="2320" y="1365"/>
        <di:waypoint x="2320" y="1400"/>
      </bpmndi:BPMNEdge>
      <bpmndi:BPMNEdge id="Flow_1i7bjex_di" bpmnElement="Flow_1i7bjex">
        <di:waypoint x="1887" y="1400"/>
        <di:waypoint x="1887" y="1340"/>
        <di:waypoint x="2320" y="1340"/>
        <di:waypoint x="2320" y="1400"/>
      </bpmndi:BPMNEdge>
      <bpmndi:BPMNEdge id="Flow_13r8ahu_di" bpmnElement="Flow_13r8ahu">
        <di:waypoint x="510" y="1395"/>
        <di:waypoint x="510" y="1610"/>
        <di:waypoint x="2070" y="1610"/>
        <di:waypoint x="2070" y="613"/>
      </bpmndi:BPMNEdge>
      <bpmndi:BPMNEdge id="Flow_1g4wsum_di" bpmnElement="Flow_1g4wsum">
        <di:waypoint x="2112" y="605"/>
        <di:waypoint x="2157" y="605"/>
        <di:waypoint x="2157" y="565"/>
      </bpmndi:BPMNEdge>
      <bpmndi:BPMNEdge id="Flow_09281lb_di" bpmnElement="Flow_09281lb">
        <di:waypoint x="477" y="1480"/>
        <di:waypoint x="477" y="1560"/>
        <di:waypoint x="2097" y="1560"/>
        <di:waypoint x="2097" y="620"/>
      </bpmndi:BPMNEdge>
      <bpmndi:BPMNEdge id="Flow_1s5xtqr_di" bpmnElement="Flow_1s5xtqr">
        <di:waypoint x="477" y="1430"/>
        <di:waypoint x="477" y="1395"/>
      </bpmndi:BPMNEdge>
      <bpmndi:BPMNEdge id="Flow_1ocjhoh_di" bpmnElement="Flow_1ocjhoh">
        <di:waypoint x="2037" y="1400"/>
        <di:waypoint x="2037" y="605"/>
        <di:waypoint x="2062" y="605"/>
      </bpmndi:BPMNEdge>
      <bpmndi:BPMNEdge id="Flow_1eo9xci_di" bpmnElement="Flow_1eo9xci">
        <di:waypoint x="102" y="1400"/>
        <di:waypoint x="102" y="955"/>
        <di:waypoint x="177" y="955"/>
        <di:waypoint x="177" y="455"/>
        <di:waypoint x="2087" y="445"/>
        <di:waypoint x="2087" y="580"/>
      </bpmndi:BPMNEdge>
      <bpmndi:BPMNEdge id="Flow_029phoc_di" bpmnElement="Flow_029phoc">
        <di:waypoint x="2012" y="825"/>
        <di:waypoint x="2087" y="825"/>
        <di:waypoint x="2087" y="630"/>
      </bpmndi:BPMNEdge>
      <bpmndi:BPMNEdge id="Flow_0uyd110_di" bpmnElement="Flow_0uyd110">
        <di:waypoint x="1987" y="800"/>
        <di:waypoint x="1987" y="565"/>
      </bpmndi:BPMNEdge>
      <bpmndi:BPMNEdge id="Flow_1xelolr_di" bpmnElement="Flow_1xelolr">
        <di:waypoint x="772" y="1480"/>
        <di:waypoint x="772" y="1580"/>
        <di:waypoint x="2037" y="1580"/>
        <di:waypoint x="2037" y="1480"/>
      </bpmndi:BPMNEdge>
      <bpmndi:BPMNEdge id="Flow_0m1nw37_di" bpmnElement="Flow_0m1nw37">
        <di:waypoint x="1477" y="1290"/>
        <di:waypoint x="1477" y="825"/>
        <di:waypoint x="1962" y="825"/>
      </bpmndi:BPMNEdge>
      <bpmndi:BPMNEdge id="Flow_1hb96im_di" bpmnElement="Flow_1hb96im">
        <di:waypoint x="1502" y="1315"/>
        <di:waypoint x="1712" y="1315"/>
      </bpmndi:BPMNEdge>
      <bpmndi:BPMNEdge id="Flow_1af32og_di" bpmnElement="Flow_1af32og">
        <di:waypoint x="1787" y="1440"/>
        <di:waypoint x="1837" y="1440"/>
      </bpmndi:BPMNEdge>
      <bpmndi:BPMNEdge id="Flow_1sbvmiz_di" bpmnElement="Flow_1sbvmiz">
        <di:waypoint x="1737" y="1340"/>
        <di:waypoint x="1737" y="1400"/>
      </bpmndi:BPMNEdge>
      <bpmndi:BPMNEdge id="Flow_1d8t141_di" bpmnElement="Flow_1d8t141">
        <di:waypoint x="1307" y="1315"/>
        <di:waypoint x="1452" y="1315"/>
      </bpmndi:BPMNEdge>
      <bpmndi:BPMNEdge id="Flow_03rqnxc_di" bpmnElement="Flow_03rqnxc">
        <di:waypoint x="1847" y="565"/>
        <di:waypoint x="1847" y="605"/>
      </bpmndi:BPMNEdge>
      <bpmndi:BPMNEdge id="Flow_1nodgc9_di" bpmnElement="Flow_1nodgc9">
        <di:waypoint x="1002" y="555"/>
        <di:waypoint x="1002" y="525"/>
        <di:waypoint x="1797" y="525"/>
      </bpmndi:BPMNEdge>
      <bpmndi:BPMNEdge id="Flow_1n3a0oh_di" bpmnElement="Flow_1n3a0oh">
        <di:waypoint x="1025" y="578"/>
        <di:waypoint x="1190" y="560"/>
        <di:waypoint x="1350" y="580"/>
        <di:waypoint x="1350" y="630"/>
      </bpmndi:BPMNEdge>
      <bpmndi:BPMNEdge id="Flow_1otqja0_di" bpmnElement="Flow_1otqja0">
        <di:waypoint x="22" y="1155"/>
        <di:waypoint x="47" y="1155"/>
        <di:waypoint x="47" y="1195"/>
        <di:waypoint x="1692" y="1195"/>
        <di:waypoint x="1692" y="710"/>
      </bpmndi:BPMNEdge>
      <bpmndi:BPMNEdge id="Flow_18uy3og_di" bpmnElement="Flow_18uy3og">
        <di:waypoint x="-3" y="1180"/>
        <di:waypoint x="-3" y="1300"/>
        <di:waypoint x="607" y="1300"/>
      </bpmndi:BPMNEdge>
      <bpmndi:BPMNEdge id="Flow_0obkpsg_di" bpmnElement="Flow_0obkpsg">
        <di:waypoint x="727" y="1010"/>
        <di:waypoint x="1002" y="1010"/>
        <di:waypoint x="1002" y="865"/>
      </bpmndi:BPMNEdge>
      <bpmndi:BPMNEdge id="Flow_0lcj4gj_di" bpmnElement="Flow_0lcj4gj">
        <di:waypoint x="677" y="1010"/>
        <di:waypoint x="342" y="1010"/>
        <di:waypoint x="342" y="580"/>
        <di:waypoint x="842" y="580"/>
        <di:waypoint x="842" y="630"/>
      </bpmndi:BPMNEdge>
      <bpmndi:BPMNEdge id="Flow_1eqif4g_di" bpmnElement="Flow_1eqif4g">
        <di:waypoint x="702" y="985"/>
        <di:waypoint x="702" y="940"/>
      </bpmndi:BPMNEdge>
      <bpmndi:BPMNEdge id="Flow_1i8luhd_di" bpmnElement="Flow_1i8luhd">
        <di:waypoint x="837" y="1360"/>
        <di:waypoint x="812" y="1360"/>
        <di:waypoint x="812" y="1300"/>
        <di:waypoint x="657" y="1300"/>
      </bpmndi:BPMNEdge>
      <bpmndi:BPMNEdge id="Flow_0qttj4g_di" bpmnElement="Flow_0qttj4g">
        <di:waypoint x="1027" y="1360"/>
        <di:waypoint x="887" y="1360"/>
      </bpmndi:BPMNEdge>
      <bpmndi:BPMNEdge id="Flow_0nv7a1t_di" bpmnElement="Flow_0nv7a1t">
        <di:waypoint x="862" y="1385"/>
        <di:waypoint x="862" y="1520"/>
        <di:waypoint x="-3" y="1520"/>
        <di:waypoint x="-3" y="1465"/>
      </bpmndi:BPMNEdge>
      <bpmndi:BPMNEdge id="Flow_0d3czuw_di" bpmnElement="Flow_0d3czuw">
        <di:waypoint x="22" y="1440"/>
        <di:waypoint x="52" y="1440"/>
      </bpmndi:BPMNEdge>
      <bpmndi:BPMNEdge id="Flow_175ufd0_di" bpmnElement="Flow_175ufd0">
        <di:waypoint x="-73" y="940"/>
        <di:waypoint x="92" y="940"/>
        <di:waypoint x="92" y="1170"/>
        <di:waypoint x="1077" y="1170"/>
      </bpmndi:BPMNEdge>
      <bpmndi:BPMNEdge id="Flow_158wad9_di" bpmnElement="Flow_158wad9">
        <di:waypoint x="1102" y="1195"/>
        <di:waypoint x="1102" y="1300"/>
        <di:waypoint x="997" y="1300"/>
      </bpmndi:BPMNEdge>
      <bpmndi:BPMNEdge id="Flow_0d0f8u0_di" bpmnElement="Flow_0d0f8u0">
        <di:waypoint x="1102" y="1120"/>
        <di:waypoint x="1102" y="1145"/>
      </bpmndi:BPMNEdge>
      <bpmndi:BPMNEdge id="Flow_1rogf43_di" bpmnElement="Flow_1rogf43">
        <di:waypoint x="1152" y="950"/>
        <di:waypoint x="1232" y="950"/>
        <di:waypoint x="1232" y="1170"/>
        <di:waypoint x="1127" y="1170"/>
      </bpmndi:BPMNEdge>
      <bpmndi:BPMNEdge id="Flow_1v4n2wv_di" bpmnElement="Flow_1v4n2wv">
        <di:waypoint x="717" y="1020"/>
        <di:waypoint x="760" y="1020"/>
        <di:waypoint x="760" y="1240"/>
        <di:waypoint x="852" y="1240"/>
        <di:waypoint x="852" y="1300"/>
        <di:waypoint x="947" y="1300"/>
      </bpmndi:BPMNEdge>
      <bpmndi:BPMNEdge id="Flow_0m9izn7_di" bpmnElement="Flow_0m9izn7">
        <di:waypoint x="912" y="950"/>
        <di:waypoint x="972" y="950"/>
        <di:waypoint x="972" y="1275"/>
      </bpmndi:BPMNEdge>
      <bpmndi:BPMNEdge id="Flow_0q8omiq_di" bpmnElement="Flow_0q8omiq">
        <di:waypoint x="972" y="1325"/>
        <di:waypoint x="972" y="1400"/>
      </bpmndi:BPMNEdge>
      <bpmndi:BPMNEdge id="Flow_039hh67_di" bpmnElement="Flow_039hh67">
        <di:waypoint x="792" y="1080"/>
        <di:waypoint x="772" y="1080"/>
        <di:waypoint x="772" y="1400"/>
      </bpmndi:BPMNEdge>
      <bpmndi:BPMNEdge id="Flow_0ys0kf3_di" bpmnElement="Flow_0ys0kf3">
        <di:waypoint x="752" y="900"/>
        <di:waypoint x="782" y="900"/>
        <di:waypoint x="782" y="950"/>
        <di:waypoint x="812" y="950"/>
      </bpmndi:BPMNEdge>
      <bpmndi:BPMNEdge id="Flow_01ru3gl_di" bpmnElement="Flow_01ru3gl">
        <di:waypoint x="702" y="1080"/>
        <di:waypoint x="702" y="1035"/>
      </bpmndi:BPMNEdge>
      <bpmndi:BPMNEdge id="Flow_1p518mp_di" bpmnElement="Flow_1p518mp">
        <di:waypoint x="492" y="670"/>
        <di:waypoint x="582" y="670"/>
      </bpmndi:BPMNEdge>
      <bpmndi:BPMNEdge id="Flow_1xdppwz_di" bpmnElement="Flow_1xdppwz">
        <di:waypoint x="632" y="1275"/>
        <di:waypoint x="632" y="710"/>
      </bpmndi:BPMNEdge>
      <bpmndi:BPMNEdge id="Flow_04obfzc_di" bpmnElement="Flow_04obfzc">
        <di:waypoint x="632" y="1325"/>
        <di:waypoint x="632" y="1400"/>
      </bpmndi:BPMNEdge>
      <bpmndi:BPMNEdge id="Flow_09vmi82_di" bpmnElement="Flow_09vmi82">
        <di:waypoint x="-3" y="1075"/>
        <di:waypoint x="-3" y="1130"/>
      </bpmndi:BPMNEdge>
      <bpmndi:BPMNEdge id="Flow_1pj24p0_di" bpmnElement="Flow_1pj24p0">
        <di:waypoint x="-3" y="1025"/>
        <di:waypoint x="-3" y="670"/>
        <di:waypoint x="42" y="670"/>
      </bpmndi:BPMNEdge>
      <bpmndi:BPMNEdge id="Flow_120xutb_di" bpmnElement="Flow_120xutb">
        <di:waypoint x="402" y="1455"/>
        <di:waypoint x="452" y="1455"/>
      </bpmndi:BPMNEdge>
      <bpmndi:BPMNEdge id="Flow_1eu5w8a_di" bpmnElement="Flow_1eu5w8a">
        <di:waypoint x="262" y="1440"/>
        <di:waypoint x="302" y="1440"/>
      </bpmndi:BPMNEdge>
      <bpmndi:BPMNEdge id="Flow_12tcbep_di" bpmnElement="Flow_12tcbep">
        <di:waypoint x="212" y="1120"/>
        <di:waypoint x="212" y="1400"/>
      </bpmndi:BPMNEdge>
      <bpmndi:BPMNEdge id="Flow_0sug656_di" bpmnElement="Flow_0sug656">
        <di:waypoint x="-48" y="1440"/>
        <di:waypoint x="-28" y="1440"/>
      </bpmndi:BPMNEdge>
      <bpmndi:BPMNEdge id="Flow_11y28gf_di" bpmnElement="Flow_11y28gf">
        <di:waypoint x="-48" y="1050"/>
        <di:waypoint x="-28" y="1050"/>
      </bpmndi:BPMNEdge>
      <bpmndi:BPMNEdge id="Flow_016sgkm_di" bpmnElement="Flow_016sgkm">
        <di:waypoint x="-123" y="940"/>
        <di:waypoint x="-178" y="940"/>
        <di:waypoint x="-178" y="1440"/>
        <di:waypoint x="-148" y="1440"/>
      </bpmndi:BPMNEdge>
      <bpmndi:BPMNEdge id="Flow_0reu8vc_di" bpmnElement="Flow_0reu8vc">
        <di:waypoint x="-98" y="965"/>
        <di:waypoint x="-98" y="1010"/>
      </bpmndi:BPMNEdge>
      <bpmndi:BPMNEdge id="Flow_1gqaybb_di" bpmnElement="Flow_1gqaybb">
        <di:waypoint x="-98" y="710"/>
        <di:waypoint x="-98" y="915"/>
      </bpmndi:BPMNEdge>
      <bpmndi:BPMNEdge id="Flow_16h6w0e_di" bpmnElement="Flow_16h6w0e">
        <di:waypoint x="-180" y="670"/>
        <di:waypoint x="-148" y="670"/>
      </bpmndi:BPMNEdge>
      <bpmndi:BPMNEdge id="Flow_057nzpd_di" bpmnElement="Flow_057nzpd">
        <di:waypoint x="1002" y="815"/>
        <di:waypoint x="1002" y="710"/>
      </bpmndi:BPMNEdge>
      <bpmndi:BPMNEdge id="Flow_1myqt36_di" bpmnElement="Flow_1myqt36">
        <di:waypoint x="22" y="1050"/>
        <di:waypoint x="42" y="1050"/>
        <di:waypoint x="42" y="770"/>
        <di:waypoint x="1182" y="770"/>
        <di:waypoint x="1182" y="735"/>
      </bpmndi:BPMNEdge>
      <bpmndi:BPMNEdge id="Flow_11yuce5_di" bpmnElement="Flow_11yuce5">
        <di:waypoint x="1182" y="685"/>
        <di:waypoint x="1182" y="660"/>
      </bpmndi:BPMNEdge>
      <bpmndi:BPMNEdge id="Flow_16u7gdk_di" bpmnElement="Flow_16u7gdk">
        <di:waypoint x="1027" y="840"/>
        <di:waypoint x="1112" y="840"/>
        <di:waypoint x="1112" y="710"/>
        <di:waypoint x="1157" y="710"/>
      </bpmndi:BPMNEdge>
      <bpmndi:BPMNEdge id="Flow_1xispl8_di" bpmnElement="Flow_1xispl8">
        <di:waypoint x="1022" y="1440"/>
        <di:waypoint x="1052" y="1440"/>
        <di:waypoint x="1052" y="1385"/>
      </bpmndi:BPMNEdge>
      <bpmndi:BPMNEdge id="Flow_05ul258_di" bpmnElement="Flow_05ul258">
        <di:waypoint x="632" y="630"/>
        <di:waypoint x="632" y="500"/>
        <di:waypoint x="1282" y="500"/>
        <di:waypoint x="1282" y="1290"/>
      </bpmndi:BPMNEdge>
      <bpmndi:BPMNEdge id="Flow_10tga77_di" bpmnElement="Flow_10tga77">
        <di:waypoint x="1282" y="1340"/>
        <di:waypoint x="1282" y="1440"/>
        <di:waypoint x="1182" y="1440"/>
      </bpmndi:BPMNEdge>
      <bpmndi:BPMNEdge id="Flow_0dnv8jv_di" bpmnElement="Flow_0dnv8jv">
        <di:waypoint x="1002" y="630"/>
        <di:waypoint x="1002" y="605"/>
      </bpmndi:BPMNEdge>
      <bpmndi:BPMNEdge id="Flow_1wus8bx_di" bpmnElement="Flow_1wus8bx">
        <di:waypoint x="892" y="670"/>
        <di:waypoint x="932" y="670"/>
        <di:waypoint x="932" y="465"/>
        <di:waypoint x="1542" y="465"/>
        <di:waypoint x="1542" y="630"/>
      </bpmndi:BPMNEdge>
      <bpmndi:BPMNEdge id="Flow_0xd8evl_di" bpmnElement="Flow_0xd8evl">
        <di:waypoint x="2880" y="565"/>
        <di:waypoint x="2880" y="640"/>
        <di:waypoint x="3055" y="640"/>
      </bpmndi:BPMNEdge>
      <bpmndi:BPMNEdge id="Flow_0dj6wm9_di" bpmnElement="Flow_0dj6wm9">
        <di:waypoint x="3080" y="615"/>
        <di:waypoint x="3080" y="600"/>
        <di:waypoint x="2980" y="600"/>
        <di:waypoint x="2980" y="545"/>
      </bpmndi:BPMNEdge>
      <bpmndi:BPMNEdge id="Flow_19eirbo_di" bpmnElement="Flow_19eirbo">
        <di:waypoint x="3005" y="520"/>
        <di:waypoint x="3030" y="520"/>
      </bpmndi:BPMNEdge>
      <bpmndi:BPMNEdge id="Flow_0h16rxa_di" bpmnElement="Flow_0h16rxa">
        <di:waypoint x="2670" y="415"/>
        <di:waypoint x="2670" y="390"/>
        <di:waypoint x="2980" y="390"/>
        <di:waypoint x="2980" y="495"/>
      </bpmndi:BPMNEdge>
      <bpmndi:BPMNEdge id="Flow_1rnfe78_di" bpmnElement="Flow_1rnfe78">
        <di:waypoint x="3130" y="520"/>
        <di:waypoint x="3260" y="520"/>
      </bpmndi:BPMNEdge>
      <bpmndi:BPMNShape id="Event_0gaa25p_di" bpmnElement="Event_0gaa25p">
        <dc:Bounds x="-216" y="652" width="36" height="36"/>
      </bpmndi:BPMNShape>
      <bpmndi:BPMNShape id="Activity_0q1pnud_di" bpmnElement="Activity_0q1pnud">
        <dc:Bounds x="-148" y="630" width="100" height="80"/>
      </bpmndi:BPMNShape>
      <bpmndi:BPMNShape id="Activity_0unahk7_di" bpmnElement="Activity_1wmevdg">
        <dc:Bounds x="42" y="630" width="100" height="80"/>
      </bpmndi:BPMNShape>
      <bpmndi:BPMNShape id="Activity_0uudkf4_di" bpmnElement="Activity_1elqqh6">
        <dc:Bounds x="582" y="630" width="100" height="80"/>
      </bpmndi:BPMNShape>
      <bpmndi:BPMNShape id="Activity_1tbflz8_di" bpmnElement="Activity_1tbflz8">
        <dc:Bounds x="392" y="630" width="100" height="80"/>
      </bpmndi:BPMNShape>
      <bpmndi:BPMNShape id="Activity_1hic7fs_di" bpmnElement="Activity_1hic7fs">
        <dc:Bounds x="792" y="630" width="100" height="80"/>
      </bpmndi:BPMNShape>
      <bpmndi:BPMNShape id="Activity_0be19bj_di" bpmnElement="Activity_0be19bj">
        <dc:Bounds x="952" y="630" width="100" height="80"/>
      </bpmndi:BPMNShape>
      <bpmndi:BPMNShape id="Activity_1rd0jiz_di" bpmnElement="Activity_1a635wa">
        <dc:Bounds x="-148" y="1010" width="100" height="80"/>
      </bpmndi:BPMNShape>
      <bpmndi:BPMNShape id="Gateway_11es8l1_di" bpmnElement="Gateway_0y2xcqt">
        <dc:Bounds x="-123" y="915" width="50" height="50"/>
      </bpmndi:BPMNShape>
      <bpmndi:BPMNShape id="Gateway_0m5pvrv_di" bpmnElement="Gateway_1ki7n64">
        <dc:Bounds x="-28" y="1025" width="50" height="50"/>
      </bpmndi:BPMNShape>
      <bpmndi:BPMNShape id="Activity_1di2k3w_di" bpmnElement="Activity_1di2k3w">
        <dc:Bounds x="162" y="1040" width="100" height="80"/>
      </bpmndi:BPMNShape>
      <bpmndi:BPMNShape id="Activity_0sst869_di" bpmnElement="Activity_0sst869">
        <dc:Bounds x="812" y="910" width="100" height="80"/>
      </bpmndi:BPMNShape>
      <bpmndi:BPMNShape id="Activity_1wo7sv1_di" bpmnElement="Activity_1wo7sv1">
        <dc:Bounds x="792" y="1040" width="100" height="80"/>
      </bpmndi:BPMNShape>
      <bpmndi:BPMNShape id="Gateway_1tjt3v2_di" bpmnElement="Gateway_1vlwvbm">
        <dc:Bounds x="607" y="1275" width="50" height="50"/>
      </bpmndi:BPMNShape>
      <bpmndi:BPMNShape id="Activity_167t7ex_di" bpmnElement="Activity_1ochpx8">
        <dc:Bounds x="-148" y="1400" width="100" height="80"/>
      </bpmndi:BPMNShape>
      <bpmndi:BPMNShape id="Activity_1r8tv33_di" bpmnElement="Activity_1r8tv33">
        <dc:Bounds x="162" y="1400" width="100" height="80"/>
      </bpmndi:BPMNShape>
      <bpmndi:BPMNShape id="Activity_1kx9uqj_di" bpmnElement="Activity_1kx9uqj">
        <dc:Bounds x="302" y="1400" width="100" height="80"/>
      </bpmndi:BPMNShape>
      <bpmndi:BPMNShape id="Activity_01guuko_di" bpmnElement="Activity_01guuko">
        <dc:Bounds x="582" y="1400" width="100" height="80"/>
      </bpmndi:BPMNShape>
      <bpmndi:BPMNShape id="Activity_0zdqqf2_di" bpmnElement="Activity_0zdqqf2">
        <dc:Bounds x="722" y="1400" width="100" height="80"/>
      </bpmndi:BPMNShape>
      <bpmndi:BPMNShape id="Activity_14s3p39_di" bpmnElement="Activity_14s3p39">
        <dc:Bounds x="52" y="1400" width="100" height="80"/>
      </bpmndi:BPMNShape>
      <bpmndi:BPMNShape id="Gateway_0ni5ur5_di" bpmnElement="Gateway_1r6behb">
        <dc:Bounds x="-28" y="1415" width="50" height="50"/>
      </bpmndi:BPMNShape>
      <bpmndi:BPMNShape id="Gateway_1py0kb3_di" bpmnElement="Gateway_0jwlos1">
        <dc:Bounds x="947" y="1275" width="50" height="50"/>
      </bpmndi:BPMNShape>
      <bpmndi:BPMNShape id="Activity_1ia7h8z_di" bpmnElement="Activity_1ia7h8z">
        <dc:Bounds x="922" y="1400" width="100" height="80"/>
      </bpmndi:BPMNShape>
      <bpmndi:BPMNShape id="Gateway_1h6p38u_di" bpmnElement="Gateway_02oh523">
        <dc:Bounds x="837" y="1335" width="50" height="50"/>
      </bpmndi:BPMNShape>
      <bpmndi:BPMNShape id="Activity_1panfw7_di" bpmnElement="Activity_1panfw7">
        <dc:Bounds x="652" y="1080" width="100" height="80"/>
      </bpmndi:BPMNShape>
      <bpmndi:BPMNShape id="Activity_1eyse9q_di" bpmnElement="Activity_1eyse9q">
        <dc:Bounds x="652" y="860" width="100" height="80"/>
      </bpmndi:BPMNShape>
      <bpmndi:BPMNShape id="Gateway_1og4l2r_di" bpmnElement="Gateway_01u5iyj">
        <dc:Bounds x="677" y="985" width="50" height="50"/>
      </bpmndi:BPMNShape>
      <bpmndi:BPMNShape id="Activity_1lxva9v_di" bpmnElement="Activity_1lxva9v">
        <dc:Bounds x="1052" y="910" width="100" height="80"/>
      </bpmndi:BPMNShape>
      <bpmndi:BPMNShape id="Activity_0ijo27t_di" bpmnElement="Activity_0ijo27t">
        <dc:Bounds x="1052" y="1040" width="100" height="80"/>
      </bpmndi:BPMNShape>
      <bpmndi:BPMNShape id="Gateway_1p4gorv_di" bpmnElement="Gateway_09ktg5k">
        <dc:Bounds x="1077" y="1145" width="50" height="50"/>
      </bpmndi:BPMNShape>
      <bpmndi:BPMNShape id="Activity_16g68rp_di" bpmnElement="Activity_16g68rp">
        <dc:Bounds x="1132" y="580" width="100" height="80"/>
      </bpmndi:BPMNShape>
      <bpmndi:BPMNShape id="Gateway_0vanddd_di" bpmnElement="Gateway_19edw33">
        <dc:Bounds x="1157" y="685" width="50" height="50"/>
      </bpmndi:BPMNShape>
      <bpmndi:BPMNShape id="Gateway_12tk42y_di" bpmnElement="Gateway_0lskn70">
        <dc:Bounds x="977" y="815" width="50" height="50"/>
      </bpmndi:BPMNShape>
      <bpmndi:BPMNShape id="Activity_1003mbe_di" bpmnElement="Activity_1xizuyb">
        <dc:Bounds x="1082" y="1400" width="100" height="80"/>
      </bpmndi:BPMNShape>
      <bpmndi:BPMNShape id="Gateway_196nia3_di" bpmnElement="Gateway_053pgxl">
        <dc:Bounds x="1257" y="1290" width="50" height="50"/>
      </bpmndi:BPMNShape>
      <bpmndi:BPMNShape id="Activity_0s10d89_di" bpmnElement="Activity_0s10d89">
        <dc:Bounds x="1492" y="630" width="100" height="80"/>
      </bpmndi:BPMNShape>
      <bpmndi:BPMNShape id="Activity_0v0pe6o_di" bpmnElement="Activity_0v0pe6o">
        <dc:Bounds x="1642" y="630" width="100" height="80"/>
      </bpmndi:BPMNShape>
      <bpmndi:BPMNShape id="Gateway_1cfx9yp_di" bpmnElement="Gateway_12a5l32">
        <dc:Bounds x="-28" y="1130" width="50" height="50"/>
      </bpmndi:BPMNShape>
      <bpmndi:BPMNShape id="Gateway_1pt6350_di" bpmnElement="Gateway_1dv1zjm">
        <dc:Bounds x="977" y="555" width="50" height="50"/>
      </bpmndi:BPMNShape>
      <bpmndi:BPMNShape id="Activity_00f449b_di" bpmnElement="Activity_00f449b">
        <dc:Bounds x="1797" y="485" width="100" height="80"/>
      </bpmndi:BPMNShape>
      <bpmndi:BPMNShape id="Gateway_185jk2k_di" bpmnElement="Gateway_01va115">
        <dc:Bounds x="1712" y="1290" width="50" height="50"/>
      </bpmndi:BPMNShape>
      <bpmndi:BPMNShape id="Activity_1np77td_di" bpmnElement="Activity_166vzr3">
        <dc:Bounds x="1687" y="1400" width="100" height="80"/>
      </bpmndi:BPMNShape>
      <bpmndi:BPMNShape id="Activity_1hk65pi_di" bpmnElement="Activity_1hk65pi">
        <dc:Bounds x="1837" y="1400" width="100" height="80"/>
      </bpmndi:BPMNShape>
      <bpmndi:BPMNShape id="Gateway_0doewku_di" bpmnElement="Gateway_1oy9wqy">
        <dc:Bounds x="1452" y="1290" width="50" height="50"/>
      </bpmndi:BPMNShape>
      <bpmndi:BPMNShape id="Activity_0z146hw_di" bpmnElement="Activity_1umex7o">
        <dc:Bounds x="1937" y="485" width="100" height="80"/>
      </bpmndi:BPMNShape>
      <bpmndi:BPMNShape id="Activity_0dbmzfd_di" bpmnElement="Activity_0dbmzfd">
        <dc:Bounds x="1987" y="1400" width="100" height="80"/>
      </bpmndi:BPMNShape>
      <bpmndi:BPMNShape id="Activity_0bhjlam_di" bpmnElement="Activity_0bhjlam">
        <dc:Bounds x="2107" y="485" width="100" height="80"/>
      </bpmndi:BPMNShape>
      <bpmndi:BPMNShape id="Gateway_1ulwrso_di" bpmnElement="Gateway_01dv9nm">
        <dc:Bounds x="1962" y="800" width="50" height="50"/>
      </bpmndi:BPMNShape>
      <bpmndi:BPMNShape id="Gateway_14ekf66_di" bpmnElement="Gateway_12vsrrf">
        <dc:Bounds x="2062" y="580" width="50" height="50"/>
      </bpmndi:BPMNShape>
      <bpmndi:BPMNShape id="Gateway_190ro0a_di" bpmnElement="Gateway_1krh5uo">
        <dc:Bounds x="452" y="1430" width="50" height="50"/>
      </bpmndi:BPMNShape>
      <bpmndi:BPMNShape id="Activity_1yi7tit_di" bpmnElement="Activity_1yi7tit">
        <dc:Bounds x="442" y="1315" width="100" height="80"/>
      </bpmndi:BPMNShape>
      <bpmndi:BPMNShape id="Activity_09ohk37_di" bpmnElement="Activity_09ohk37">
        <dc:Bounds x="2270" y="1400" width="100" height="80"/>
      </bpmndi:BPMNShape>
      <bpmndi:BPMNShape id="Gateway_0eb2eiq_di" bpmnElement="Gateway_0rvob57">
        <dc:Bounds x="2295" y="1315" width="50" height="50"/>
      </bpmndi:BPMNShape>
      <bpmndi:BPMNShape id="Activity_0qyn3el_di" bpmnElement="Activity_0qyn3el">
        <dc:Bounds x="2580" y="1400" width="100" height="80"/>
      </bpmndi:BPMNShape>
      <bpmndi:BPMNShape id="Gateway_07hbl1c_di" bpmnElement="Gateway_0yz46cc">
        <dc:Bounds x="2515" y="355" width="50" height="50"/>
      </bpmndi:BPMNShape>
      <bpmndi:BPMNShape id="Gateway_12mttbw_di" bpmnElement="Gateway_0mkqgph">
        <dc:Bounds x="1822" y="605" width="50" height="50"/>
      </bpmndi:BPMNShape>
      <bpmndi:BPMNShape id="Activity_0vim9rl_di" bpmnElement="Activity_0vim9rl">
        <dc:Bounds x="1300" y="630" width="100" height="80"/>
      </bpmndi:BPMNShape>
      <bpmndi:BPMNShape id="Gateway_0rigfag_di" bpmnElement="Gateway_0fnti8r">
        <dc:Bounds x="1415" y="715" width="50" height="50"/>
      </bpmndi:BPMNShape>
      <bpmndi:BPMNShape id="Gateway_10bfzkm_di" bpmnElement="Gateway_0bo69jx">
        <dc:Bounds x="1027" y="1335" width="50" height="50"/>
      </bpmndi:BPMNShape>
      <bpmndi:BPMNShape id="Activity_0ddy0fj_di" bpmnElement="Activity_0ddy0fj">
        <dc:Bounds x="2830" y="485" width="100" height="80"/>
      </bpmndi:BPMNShape>
      <bpmndi:BPMNShape id="Activity_1izqcm4_di" bpmnElement="Activity_1izqcm4">
        <dc:Bounds x="3030" y="1400" width="100" height="80"/>
      </bpmndi:BPMNShape>
      <bpmndi:BPMNShape id="Gateway_0vp4ypb_di" bpmnElement="Gateway_1rc2ncz">
        <dc:Bounds x="3055" y="1305" width="50" height="50"/>
      </bpmndi:BPMNShape>
      <bpmndi:BPMNShape id="Event_0fj6zet_di" bpmnElement="Event_0fj6zet">
        <dc:Bounds x="3382" y="1422" width="36" height="36"/>
      </bpmndi:BPMNShape>
      <bpmndi:BPMNShape id="Event_0f63bpt_di" bpmnElement="Event_0f63bpt">
        <dc:Bounds x="3292" y="352" width="36" height="36"/>
      </bpmndi:BPMNShape>
      <bpmndi:BPMNShape id="Gateway_1mxo48m_di" bpmnElement="Gateway_0nbipha">
        <dc:Bounds x="3175" y="1415" width="50" height="50"/>
      </bpmndi:BPMNShape>
      <bpmndi:BPMNShape id="Gateway_1dfghi3_di" bpmnElement="Gateway_151ia3w">
        <dc:Bounds x="2855" y="395" width="50" height="50"/>
      </bpmndi:BPMNShape>
      <bpmndi:BPMNShape id="Gateway_000zcbs_di" bpmnElement="Gateway_13e37jw">
        <dc:Bounds x="2725" y="695" width="50" height="50"/>
      </bpmndi:BPMNShape>
      <bpmndi:BPMNShape id="Gateway_018xupi_di" bpmnElement="Gateway_1e8gryp">
        <dc:Bounds x="2645" y="415" width="50" height="50"/>
      </bpmndi:BPMNShape>
      <bpmndi:BPMNShape id="Gateway_1qg6zv5_di" bpmnElement="Gateway_0hbrraz">
        <dc:Bounds x="2505" y="1415" width="50" height="50"/>
      </bpmndi:BPMNShape>
      <bpmndi:BPMNShape id="Gateway_0ph9nhw_di" bpmnElement="Gateway_1nak8ke">
        <dc:Bounds x="3055" y="615" width="50" height="50"/>
      </bpmndi:BPMNShape>
      <bpmndi:BPMNShape id="Gateway_1rp7oxi_di" bpmnElement="Gateway_05a9u05">
        <dc:Bounds x="2955" y="495" width="50" height="50"/>
      </bpmndi:BPMNShape>
      <bpmndi:BPMNShape id="Activity_135gt64_di" bpmnElement="Activity_135gt64">
        <dc:Bounds x="3030" y="480" width="100" height="80"/>
      </bpmndi:BPMNShape>
      <bpmndi:BPMNShape id="Activity_1mmzdab_di" bpmnElement="Activity_1mmzdab">
        <dc:Bounds x="3260" y="480" width="100" height="80"/>
      </bpmndi:BPMNShape>
    </bpmndi:BPMNPlane>
  </bpmndi:BPMNDiagram>
</bpmn2:definitions>