<?xml version="1.0" encoding="UTF-8"?><bpmn2:definitions xmlns:bpmn2="http://www.omg.org/spec/BPMN/20100524/MODEL" xmlns:bpmndi="http://www.omg.org/spec/BPMN/20100524/DI" xmlns:camunda="http://camunda.org/schema/1.0/bpmn" xmlns:dc="http://www.omg.org/spec/DD/20100524/DC" xmlns:di="http://www.omg.org/spec/DD/20100524/DI" xmlns:xsi="http://www.w3.org/2001/XMLSchema-instance" expressionLanguage="http://www.w3.org/1999/XPath" id="sample-diagram" targetNamespace="http://bpmn.io/schema/bpmn" typeLanguage="http://www.w3.org/2001/XMLSchema" xsi:schemaLocation="http://www.omg.org/spec/BPMN/20100524/MODEL BPMN20.xsd">
  <bpmn2:collaboration id="Collaboration_0rufkz4" isClosed="false">
    <bpmn2:participant id="Participant_0ki01ny" name="Organization" processRef="NSBRealEstate313_Copy"/>
  </bpmn2:collaboration>
  <bpmn2:process id="NSBRealEstate313_Copy" isClosed="false" isExecutable="true" name="NSB Real Estate" processType="None">
    <bpmn2:extensionElements>
      <camunda:properties>
        <camunda:property name="workOrderIDPrefix" value="MT"/>
      </camunda:properties>
    </bpmn2:extensionElements>
    <bpmn2:laneSet id="LaneSet_1h88127">
      <bpmn2:lane id="Lane_0mx89l3" name="Site Acquisition Vendor">
        <bpmn2:flowNodeRef>StartEvent_1</bpmn2:flowNodeRef>
        <bpmn2:flowNodeRef>Activity_0h3d0k6</bpmn2:flowNodeRef>
        <bpmn2:flowNodeRef>Activity_113qj50</bpmn2:flowNodeRef>
        <bpmn2:flowNodeRef>Gateway_0hmu0za</bpmn2:flowNodeRef>
        <bpmn2:flowNodeRef>Activity_06oi8up</bpmn2:flowNodeRef>
        <bpmn2:flowNodeRef>Gateway_0oeqkh5</bpmn2:flowNodeRef>
        <bpmn2:flowNodeRef>Activity_0ktngdz</bpmn2:flowNodeRef>
        <bpmn2:flowNodeRef>Activity_110eik3</bpmn2:flowNodeRef>
        <bpmn2:flowNodeRef>Gateway_08dysyw</bpmn2:flowNodeRef>
        <bpmn2:flowNodeRef>Activity_18q4ug9</bpmn2:flowNodeRef>
        <bpmn2:flowNodeRef>Activity_1gstk8m</bpmn2:flowNodeRef>
        <bpmn2:flowNodeRef>Activity_0n60u83</bpmn2:flowNodeRef>
        <bpmn2:flowNodeRef>Activity_19e4kmo</bpmn2:flowNodeRef>
        <bpmn2:flowNodeRef>Activity_09l8ekp</bpmn2:flowNodeRef>
        <bpmn2:flowNodeRef>Gateway_148n0fl</bpmn2:flowNodeRef>
        <bpmn2:flowNodeRef>Gateway_0l7p0mf</bpmn2:flowNodeRef>
        <bpmn2:flowNodeRef>Activity_0w2bt4k</bpmn2:flowNodeRef>
        <bpmn2:flowNodeRef>Activity_00sahrf</bpmn2:flowNodeRef>
        <bpmn2:flowNodeRef>Activity_1cg6103</bpmn2:flowNodeRef>
        <bpmn2:flowNodeRef>Activity_0ibgrei</bpmn2:flowNodeRef>
        <bpmn2:flowNodeRef>Gateway_0noby1e</bpmn2:flowNodeRef>
        <bpmn2:flowNodeRef>Gateway_0mu0g3c</bpmn2:flowNodeRef>
        <bpmn2:flowNodeRef>Gateway_1wo98de</bpmn2:flowNodeRef>
        <bpmn2:flowNodeRef>Gateway_15sg2gh</bpmn2:flowNodeRef>
        <bpmn2:flowNodeRef>Gateway_178953g</bpmn2:flowNodeRef>
        <bpmn2:flowNodeRef>Activity_0lfxlml</bpmn2:flowNodeRef>
        <bpmn2:flowNodeRef>Activity_1m7ie03</bpmn2:flowNodeRef>
        <bpmn2:flowNodeRef>Activity_0jbccvu</bpmn2:flowNodeRef>
        <bpmn2:flowNodeRef>Gateway_1b8ipgj</bpmn2:flowNodeRef>
        <bpmn2:flowNodeRef>Activity_0qmgdp5</bpmn2:flowNodeRef>
        <bpmn2:flowNodeRef>Gateway_0qmk3a9</bpmn2:flowNodeRef>
        <bpmn2:flowNodeRef>Activity_0jsrlvm</bpmn2:flowNodeRef>
        <bpmn2:childLaneSet id="LaneSet_1q535vm">
          <bpmn2:lane id="Lane_14zw8c1">
            <bpmn2:flowNodeRef>StartEvent_1</bpmn2:flowNodeRef>
            <bpmn2:flowNodeRef>Activity_0h3d0k6</bpmn2:flowNodeRef>
            <bpmn2:flowNodeRef>Activity_113qj50</bpmn2:flowNodeRef>
            <bpmn2:flowNodeRef>Gateway_0hmu0za</bpmn2:flowNodeRef>
            <bpmn2:flowNodeRef>Activity_06oi8up</bpmn2:flowNodeRef>
            <bpmn2:flowNodeRef>Gateway_0oeqkh5</bpmn2:flowNodeRef>
            <bpmn2:flowNodeRef>Activity_0ktngdz</bpmn2:flowNodeRef>
            <bpmn2:flowNodeRef>Activity_110eik3</bpmn2:flowNodeRef>
            <bpmn2:flowNodeRef>Gateway_08dysyw</bpmn2:flowNodeRef>
            <bpmn2:flowNodeRef>Activity_18q4ug9</bpmn2:flowNodeRef>
            <bpmn2:flowNodeRef>Activity_1gstk8m</bpmn2:flowNodeRef>
            <bpmn2:flowNodeRef>Activity_0n60u83</bpmn2:flowNodeRef>
            <bpmn2:flowNodeRef>Activity_19e4kmo</bpmn2:flowNodeRef>
            <bpmn2:flowNodeRef>Activity_09l8ekp</bpmn2:flowNodeRef>
            <bpmn2:flowNodeRef>Gateway_148n0fl</bpmn2:flowNodeRef>
            <bpmn2:flowNodeRef>Gateway_0l7p0mf</bpmn2:flowNodeRef>
            <bpmn2:flowNodeRef>Activity_0w2bt4k</bpmn2:flowNodeRef>
            <bpmn2:flowNodeRef>Activity_00sahrf</bpmn2:flowNodeRef>
            <bpmn2:flowNodeRef>Activity_1cg6103</bpmn2:flowNodeRef>
            <bpmn2:flowNodeRef>Activity_0ibgrei</bpmn2:flowNodeRef>
            <bpmn2:flowNodeRef>Gateway_0noby1e</bpmn2:flowNodeRef>
            <bpmn2:flowNodeRef>Gateway_0mu0g3c</bpmn2:flowNodeRef>
            <bpmn2:flowNodeRef>Gateway_1wo98de</bpmn2:flowNodeRef>
            <bpmn2:flowNodeRef>Gateway_15sg2gh</bpmn2:flowNodeRef>
            <bpmn2:flowNodeRef>Gateway_178953g</bpmn2:flowNodeRef>
            <bpmn2:flowNodeRef>Activity_0lfxlml</bpmn2:flowNodeRef>
            <bpmn2:flowNodeRef>Activity_1m7ie03</bpmn2:flowNodeRef>
            <bpmn2:flowNodeRef>Activity_0jbccvu</bpmn2:flowNodeRef>
            <bpmn2:flowNodeRef>Gateway_1b8ipgj</bpmn2:flowNodeRef>
            <bpmn2:flowNodeRef>Activity_0qmgdp5</bpmn2:flowNodeRef>
            <bpmn2:flowNodeRef>Gateway_0qmk3a9</bpmn2:flowNodeRef>
            <bpmn2:flowNodeRef>Activity_0jsrlvm</bpmn2:flowNodeRef>
          </bpmn2:lane>
        </bpmn2:childLaneSet>
      </bpmn2:lane>
      <bpmn2:lane id="Lane_1bzk2pj" name="ATT">
        <bpmn2:flowNodeRef>Activity_015vp34</bpmn2:flowNodeRef>
        <bpmn2:flowNodeRef>Gateway_0kr8lol</bpmn2:flowNodeRef>
        <bpmn2:flowNodeRef>Activity_1hzdcep</bpmn2:flowNodeRef>
        <bpmn2:flowNodeRef>Activity_00fn8ku</bpmn2:flowNodeRef>
        <bpmn2:flowNodeRef>Event_07h3hrr</bpmn2:flowNodeRef>
        <bpmn2:childLaneSet id="LaneSet_1htaqg6">
          <bpmn2:lane id="Lane_1ek5oq6">
            <bpmn2:flowNodeRef>Activity_015vp34</bpmn2:flowNodeRef>
            <bpmn2:flowNodeRef>Gateway_0kr8lol</bpmn2:flowNodeRef>
            <bpmn2:flowNodeRef>Activity_1hzdcep</bpmn2:flowNodeRef>
            <bpmn2:flowNodeRef>Activity_00fn8ku</bpmn2:flowNodeRef>
            <bpmn2:flowNodeRef>Event_07h3hrr</bpmn2:flowNodeRef>
          </bpmn2:lane>
        </bpmn2:childLaneSet>
      </bpmn2:lane>
    </bpmn2:laneSet>
    <bpmn2:startEvent id="StartEvent_1" isInterrupting="true" parallelMultiple="false">
      <bpmn2:outgoing>Flow_0rapudp</bpmn2:outgoing>
    </bpmn2:startEvent>
    <bpmn2:userTask completionQuantity="1" id="Activity_0h3d0k6" implementation="##unspecified" isForCompensation="false" name="SS010 Primary Site Candidate Approved" startQuantity="1">
      <bpmn2:incoming>Flow_0rapudp</bpmn2:incoming>
      <bpmn2:outgoing>Flow_07zvi91</bpmn2:outgoing>
    </bpmn2:userTask>
    <bpmn2:userTask completionQuantity="1" id="Activity_113qj50" implementation="##unspecified" isForCompensation="false" name="(RE103)        Lease Draft Received From Tower Own" startQuantity="1">
      <bpmn2:incoming>Flow_019zneq</bpmn2:incoming>
      <bpmn2:outgoing>Flow_137mhrj</bpmn2:outgoing>
    </bpmn2:userTask>
    <bpmn2:inclusiveGateway gatewayDirection="Unspecified" id="Gateway_0hmu0za">
      <bpmn2:incoming>Flow_1vkq5kn</bpmn2:incoming>
      <bpmn2:outgoing>Flow_0cz42rk</bpmn2:outgoing>
      <bpmn2:outgoing>Flow_1n16d7r</bpmn2:outgoing>
      <bpmn2:outgoing>Flow_0ygiu7j</bpmn2:outgoing>
    </bpmn2:inclusiveGateway>
    <bpmn2:userTask completionQuantity="1" id="Activity_015vp34" implementation="##unspecified" isForCompensation="false" name="(RE081)           Transport Contract Complete" startQuantity="1">
      <bpmn2:incoming>Flow_0cz42rk</bpmn2:incoming>
    </bpmn2:userTask>
    <bpmn2:userTask completionQuantity="1" id="Activity_06oi8up" implementation="##unspecified" isForCompensation="false" name="(RE007)           Co-Location Application Submitte" startQuantity="1">
      <bpmn2:incoming>Flow_1n16d7r</bpmn2:incoming>
      <bpmn2:outgoing>Flow_1q837su</bpmn2:outgoing>
    </bpmn2:userTask>
    <bpmn2:inclusiveGateway gatewayDirection="Unspecified" id="Gateway_0oeqkh5">
      <bpmn2:incoming>Flow_1q837su</bpmn2:incoming>
      <bpmn2:incoming>Flow_0ijpkdv</bpmn2:incoming>
      <bpmn2:outgoing>Flow_019zneq</bpmn2:outgoing>
    </bpmn2:inclusiveGateway>
    <bpmn2:userTask completionQuantity="1" id="Activity_0ktngdz" implementation="##unspecified" isForCompensation="false" name="(RE015)        Leasing Agreement / Amendment Signe" startQuantity="1">
      <bpmn2:incoming>Flow_1lrq4vq</bpmn2:incoming>
      <bpmn2:outgoing>Flow_1mlr5f2</bpmn2:outgoing>
    </bpmn2:userTask>
    <bpmn2:userTask completionQuantity="1" id="Activity_110eik3" implementation="##unspecified" isForCompensation="false" name="(RE005)    Zoning Submitted" startQuantity="1">
      <bpmn2:incoming>Flow_087727c</bpmn2:incoming>
      <bpmn2:outgoing>Flow_1py2ksn</bpmn2:outgoing>
    </bpmn2:userTask>
    <bpmn2:inclusiveGateway gatewayDirection="Unspecified" id="Gateway_0kr8lol">
      <bpmn2:incoming>Flow_0ygiu7j</bpmn2:incoming>
      <bpmn2:outgoing>Flow_0ldswai</bpmn2:outgoing>
      <bpmn2:outgoing>Flow_087727c</bpmn2:outgoing>
      <bpmn2:outgoing>Flow_0s2tsdm</bpmn2:outgoing>
    </bpmn2:inclusiveGateway>
    <bpmn2:inclusiveGateway gatewayDirection="Unspecified" id="Gateway_08dysyw">
      <bpmn2:incoming>Flow_1py2ksn</bpmn2:incoming>
      <bpmn2:incoming>Flow_0ldswai</bpmn2:incoming>
      <bpmn2:outgoing>Flow_0771ue1</bpmn2:outgoing>
    </bpmn2:inclusiveGateway>
    <bpmn2:userTask completionQuantity="1" id="Activity_18q4ug9" implementation="##unspecified" isForCompensation="false" name="(RE066)     Zoning Application Deemed Complete" startQuantity="1">
      <bpmn2:incoming>Flow_0771ue1</bpmn2:incoming>
      <bpmn2:outgoing>Flow_1qyy2qv</bpmn2:outgoing>
    </bpmn2:userTask>
    <bpmn2:userTask completionQuantity="1" id="Activity_1gstk8m" implementation="##unspecified" isForCompensation="false" name="(RE056)       CNTP Requested with Regulatory Compl" startQuantity="1">
      <bpmn2:incoming>Flow_0xyl37x</bpmn2:incoming>
      <bpmn2:outgoing>Flow_0ifhrtm</bpmn2:outgoing>
    </bpmn2:userTask>
    <bpmn2:userTask completionQuantity="1" id="Activity_0n60u83" implementation="##unspecified" isForCompensation="false" name="(RE028)       EH&amp;S Approved" startQuantity="1">
      <bpmn2:incoming>Flow_05pqobi</bpmn2:incoming>
    </bpmn2:userTask>
    <bpmn2:userTask completionQuantity="1" id="Activity_19e4kmo" implementation="##unspecified" isForCompensation="false" name="(RE027)       EH&amp;S Notification" startQuantity="1">
      <bpmn2:incoming>Flow_0533af0</bpmn2:incoming>
      <bpmn2:outgoing>Flow_05pqobi</bpmn2:outgoing>
    </bpmn2:userTask>
    <bpmn2:userTask completionQuantity="1" id="Activity_1hzdcep" implementation="##unspecified" isForCompensation="false" name="(RE057)        TARP Review" startQuantity="1">
      <bpmn2:incoming>Flow_1ktu0ej</bpmn2:incoming>
      <bpmn2:outgoing>Flow_17utox1</bpmn2:outgoing>
    </bpmn2:userTask>
    <bpmn2:userTask completionQuantity="1" id="Activity_09l8ekp" implementation="##unspecified" isForCompensation="false" name="(RE030)     Zoning Approved" startQuantity="1">
      <bpmn2:incoming>Flow_1qyy2qv</bpmn2:incoming>
      <bpmn2:outgoing>Flow_0hntwwh</bpmn2:outgoing>
    </bpmn2:userTask>
    <bpmn2:inclusiveGateway gatewayDirection="Unspecified" id="Gateway_148n0fl">
      <bpmn2:incoming>Flow_0s2tsdm</bpmn2:incoming>
      <bpmn2:outgoing>Flow_0533af0</bpmn2:outgoing>
      <bpmn2:outgoing>Flow_0xyl37x</bpmn2:outgoing>
    </bpmn2:inclusiveGateway>
    <bpmn2:inclusiveGateway gatewayDirection="Unspecified" id="Gateway_0l7p0mf">
      <bpmn2:incoming>Flow_07zvi91</bpmn2:incoming>
      <bpmn2:incoming>Flow_19x7nvx</bpmn2:incoming>
      <bpmn2:outgoing>Flow_06wp42c</bpmn2:outgoing>
      <bpmn2:outgoing>Flow_1vkq5kn</bpmn2:outgoing>
    </bpmn2:inclusiveGateway>
    <bpmn2:userTask completionQuantity="1" id="Activity_0w2bt4k" implementation="##unspecified" isForCompensation="false" name="(RE001)  Building Permit Submitted" startQuantity="1">
      <bpmn2:incoming>Flow_06wp42c</bpmn2:incoming>
      <bpmn2:outgoing>Flow_18ir50z</bpmn2:outgoing>
    </bpmn2:userTask>
    <bpmn2:userTask completionQuantity="1" id="Activity_00sahrf" implementation="##unspecified" isForCompensation="false" name="(RE031) Building Permit Received" startQuantity="1">
      <bpmn2:incoming>Flow_18ir50z</bpmn2:incoming>
      <bpmn2:incoming>Flow_0hntwwh</bpmn2:incoming>
      <bpmn2:outgoing>Flow_15tomsv</bpmn2:outgoing>
    </bpmn2:userTask>
    <bpmn2:userTask completionQuantity="1" id="Activity_1cg6103" implementation="##unspecified" isForCompensation="false" name="SS103 Structural Analysis Fails" startQuantity="1">
      <bpmn2:outgoing>Flow_1ktu0ej</bpmn2:outgoing>
    </bpmn2:userTask>
    <bpmn2:userTask completionQuantity="1" id="Activity_0ibgrei" implementation="##unspecified" isForCompensation="false" name="(RE097)           Site Acq Turnover Package and Tr" startQuantity="1">
      <bpmn2:incoming>Flow_14nnje1</bpmn2:incoming>
      <bpmn2:outgoing>Flow_1rwcubg</bpmn2:outgoing>
    </bpmn2:userTask>
    <bpmn2:inclusiveGateway gatewayDirection="Unspecified" id="Gateway_0noby1e">
      <bpmn2:incoming>Flow_18fg8u1</bpmn2:incoming>
      <bpmn2:outgoing>Flow_14nnje1</bpmn2:outgoing>
      <bpmn2:outgoing>Flow_1czsegb</bpmn2:outgoing>
    </bpmn2:inclusiveGateway>
    <bpmn2:inclusiveGateway gatewayDirection="Unspecified" id="Gateway_0mu0g3c">
      <bpmn2:incoming>Flow_1rwcubg</bpmn2:incoming>
      <bpmn2:incoming>Flow_1czsegb</bpmn2:incoming>
      <bpmn2:outgoing>Flow_1569b47</bpmn2:outgoing>
    </bpmn2:inclusiveGateway>
    <bpmn2:inclusiveGateway gatewayDirection="Unspecified" id="Gateway_1wo98de">
      <bpmn2:incoming>Flow_15tomsv</bpmn2:incoming>
      <bpmn2:incoming>Flow_18nigb4</bpmn2:incoming>
      <bpmn2:incoming>Flow_1mlr5f2</bpmn2:incoming>
      <bpmn2:outgoing>Flow_0nl4ub0</bpmn2:outgoing>
    </bpmn2:inclusiveGateway>
    <bpmn2:inclusiveGateway gatewayDirection="Unspecified" id="Gateway_15sg2gh">
      <bpmn2:incoming>Flow_0ifhrtm</bpmn2:incoming>
      <bpmn2:incoming>Flow_17utox1</bpmn2:incoming>
      <bpmn2:outgoing>Flow_0rulu1q</bpmn2:outgoing>
      <bpmn2:outgoing>Flow_16tutme</bpmn2:outgoing>
    </bpmn2:inclusiveGateway>
    <bpmn2:inclusiveGateway gatewayDirection="Unspecified" id="Gateway_178953g">
      <bpmn2:incoming>Flow_0nl4ub0</bpmn2:incoming>
      <bpmn2:incoming>Flow_16tutme</bpmn2:incoming>
      <bpmn2:incoming>Flow_0nzebjb</bpmn2:incoming>
      <bpmn2:outgoing>Flow_1m8gubv</bpmn2:outgoing>
    </bpmn2:inclusiveGateway>
    <bpmn2:userTask completionQuantity="1" id="Activity_0lfxlml" implementation="##unspecified" isForCompensation="false" name="(RE020)           Site Acquisition Completed" startQuantity="1">
      <bpmn2:incoming>Flow_1m8gubv</bpmn2:incoming>
      <bpmn2:outgoing>Flow_18fg8u1</bpmn2:outgoing>
    </bpmn2:userTask>
    <bpmn2:userTask completionQuantity="1" id="Activity_1m7ie03" implementation="##unspecified" isForCompensation="false" name="CI004  RBS Data Entered (Site Built in CSSng for p" startQuantity="1">
      <bpmn2:outgoing>Flow_0nzebjb</bpmn2:outgoing>
    </bpmn2:userTask>
    <bpmn2:userTask completionQuantity="1" id="Activity_0jbccvu" implementation="##unspecified" isForCompensation="false" name="SS071 Structural Analysis Passes" startQuantity="1">
      <bpmn2:outgoing>Flow_12bgsuf</bpmn2:outgoing>
    </bpmn2:userTask>
    <bpmn2:inclusiveGateway gatewayDirection="Unspecified" id="Gateway_1b8ipgj">
      <bpmn2:incoming>Flow_12bgsuf</bpmn2:incoming>
      <bpmn2:outgoing>Flow_19x7nvx</bpmn2:outgoing>
      <bpmn2:outgoing>Flow_0ijpkdv</bpmn2:outgoing>
    </bpmn2:inclusiveGateway>
    <bpmn2:userTask completionQuantity="1" id="Activity_0qmgdp5" implementation="##unspecified" isForCompensation="false" name="(RE032)       CNTP Approved by Regulatory Complian" startQuantity="1">
      <bpmn2:incoming>Flow_0rulu1q</bpmn2:incoming>
      <bpmn2:outgoing>Flow_18nigb4</bpmn2:outgoing>
    </bpmn2:userTask>
    <bpmn2:inclusiveGateway gatewayDirection="Unspecified" id="Gateway_0qmk3a9">
      <bpmn2:incoming>Flow_137mhrj</bpmn2:incoming>
      <bpmn2:incoming>Flow_1a6j32u</bpmn2:incoming>
      <bpmn2:outgoing>Flow_1lrq4vq</bpmn2:outgoing>
    </bpmn2:inclusiveGateway>
    <bpmn2:userTask completionQuantity="1" id="Activity_0jsrlvm" implementation="##unspecified" isForCompensation="false" name="SS005 Site Audit Uploaded to File Net or DOBR" startQuantity="1">
      <bpmn2:outgoing>Flow_1a6j32u</bpmn2:outgoing>
    </bpmn2:userTask>
    <bpmn2:sequenceFlow id="Flow_1mlr5f2" sourceRef="Activity_0ktngdz" targetRef="Gateway_1wo98de"/>
    <bpmn2:sequenceFlow id="Flow_1a6j32u" sourceRef="Activity_0jsrlvm" targetRef="Gateway_0qmk3a9"/>
    <bpmn2:sequenceFlow id="Flow_1lrq4vq" sourceRef="Gateway_0qmk3a9" targetRef="Activity_0ktngdz"/>
    <bpmn2:sequenceFlow id="Flow_1ktu0ej" sourceRef="Activity_1cg6103" targetRef="Activity_1hzdcep"/>
    <bpmn2:sequenceFlow id="Flow_0ijpkdv" sourceRef="Gateway_1b8ipgj" targetRef="Gateway_0oeqkh5"/>
    <bpmn2:sequenceFlow id="Flow_19x7nvx" sourceRef="Gateway_1b8ipgj" targetRef="Gateway_0l7p0mf"/>
    <bpmn2:sequenceFlow id="Flow_0nzebjb" sourceRef="Activity_1m7ie03" targetRef="Gateway_178953g"/>
    <bpmn2:sequenceFlow id="Flow_1m8gubv" sourceRef="Gateway_178953g" targetRef="Activity_0lfxlml"/>
    <bpmn2:sequenceFlow id="Flow_16tutme" sourceRef="Gateway_15sg2gh" targetRef="Gateway_178953g"/>
    <bpmn2:sequenceFlow id="Flow_0rulu1q" sourceRef="Gateway_15sg2gh" targetRef="Activity_0qmgdp5"/>
    <bpmn2:sequenceFlow id="Flow_0nl4ub0" sourceRef="Gateway_1wo98de" targetRef="Gateway_178953g"/>
    <bpmn2:sequenceFlow id="Flow_18nigb4" sourceRef="Activity_0qmgdp5" targetRef="Gateway_1wo98de"/>
    <bpmn2:sequenceFlow id="Flow_15tomsv" sourceRef="Activity_00sahrf" targetRef="Gateway_1wo98de"/>
    <bpmn2:sequenceFlow id="Flow_1czsegb" sourceRef="Gateway_0noby1e" targetRef="Gateway_0mu0g3c"/>
    <bpmn2:sequenceFlow id="Flow_1569b47" sourceRef="Gateway_0mu0g3c" targetRef="Activity_00fn8ku"/>
    <bpmn2:sequenceFlow id="Flow_14nnje1" sourceRef="Gateway_0noby1e" targetRef="Activity_0ibgrei"/>
    <bpmn2:sequenceFlow id="Flow_1rwcubg" sourceRef="Activity_0ibgrei" targetRef="Gateway_0mu0g3c"/>
    <bpmn2:sequenceFlow id="Flow_0ifhrtm" sourceRef="Activity_1gstk8m" targetRef="Gateway_15sg2gh"/>
    <bpmn2:sequenceFlow id="Flow_0hntwwh" sourceRef="Activity_09l8ekp" targetRef="Activity_00sahrf"/>
    <bpmn2:sequenceFlow id="Flow_18ir50z" sourceRef="Activity_0w2bt4k" targetRef="Activity_00sahrf"/>
    <bpmn2:sequenceFlow id="Flow_1vkq5kn" sourceRef="Gateway_0l7p0mf" targetRef="Gateway_0hmu0za"/>
    <bpmn2:sequenceFlow id="Flow_12bgsuf" sourceRef="Activity_0jbccvu" targetRef="Gateway_1b8ipgj"/>
    <bpmn2:sequenceFlow id="Flow_06wp42c" sourceRef="Gateway_0l7p0mf" targetRef="Activity_0w2bt4k"/>
    <bpmn2:sequenceFlow id="Flow_07zvi91" sourceRef="Activity_0h3d0k6" targetRef="Gateway_0l7p0mf"/>
    <bpmn2:sequenceFlow id="Flow_0xyl37x" sourceRef="Gateway_148n0fl" targetRef="Activity_1gstk8m"/>
    <bpmn2:sequenceFlow id="Flow_0s2tsdm" sourceRef="Gateway_0kr8lol" targetRef="Gateway_148n0fl"/>
    <bpmn2:sequenceFlow id="Flow_0771ue1" sourceRef="Gateway_08dysyw" targetRef="Activity_18q4ug9"/>
    <bpmn2:sequenceFlow id="Flow_1py2ksn" sourceRef="Activity_110eik3" targetRef="Gateway_08dysyw"/>
    <bpmn2:sequenceFlow id="Flow_087727c" sourceRef="Gateway_0kr8lol" targetRef="Activity_110eik3"/>
    <bpmn2:sequenceFlow id="Flow_0ldswai" sourceRef="Gateway_0kr8lol" targetRef="Gateway_08dysyw"/>
    <bpmn2:sequenceFlow id="Flow_0ygiu7j" sourceRef="Gateway_0hmu0za" targetRef="Gateway_0kr8lol"/>
    <bpmn2:sequenceFlow id="Flow_137mhrj" sourceRef="Activity_113qj50" targetRef="Gateway_0qmk3a9"/>
    <bpmn2:sequenceFlow id="Flow_019zneq" sourceRef="Gateway_0oeqkh5" targetRef="Activity_113qj50"/>
    <bpmn2:sequenceFlow id="Flow_1q837su" sourceRef="Activity_06oi8up" targetRef="Gateway_0oeqkh5"/>
    <bpmn2:sequenceFlow id="Flow_1n16d7r" sourceRef="Gateway_0hmu0za" targetRef="Activity_06oi8up"/>
    <bpmn2:sequenceFlow id="Flow_0cz42rk" sourceRef="Gateway_0hmu0za" targetRef="Activity_015vp34"/>
    <bpmn2:sequenceFlow id="Flow_17utox1" sourceRef="Activity_1hzdcep" targetRef="Gateway_15sg2gh"/>
    <bpmn2:sequenceFlow id="Flow_18fg8u1" sourceRef="Activity_0lfxlml" targetRef="Gateway_0noby1e"/>
    <bpmn2:sequenceFlow id="Flow_0533af0" sourceRef="Gateway_148n0fl" targetRef="Activity_19e4kmo"/>
    <bpmn2:sequenceFlow id="Flow_0rapudp" sourceRef="StartEvent_1" targetRef="Activity_0h3d0k6"/>
    <bpmn2:sequenceFlow id="Flow_1qyy2qv" sourceRef="Activity_18q4ug9" targetRef="Activity_09l8ekp"/>
    <bpmn2:sequenceFlow id="Flow_05pqobi" sourceRef="Activity_19e4kmo" targetRef="Activity_0n60u83"/>
    <bpmn2:userTask completionQuantity="1" id="Activity_00fn8ku" implementation="##unspecified" isForCompensation="false" name="(RE060)        Final Site Acq Acceptance" startQuantity="1">
      <bpmn2:incoming>Flow_1569b47</bpmn2:incoming>
      <bpmn2:outgoing>Flow_0k8prw3</bpmn2:outgoing>
    </bpmn2:userTask>
    <bpmn2:sequenceFlow id="Flow_0k8prw3" sourceRef="Activity_00fn8ku" targetRef="Event_07h3hrr"/>
    <bpmn2:endEvent id="Event_07h3hrr">
      <bpmn2:incoming>Flow_0k8prw3</bpmn2:incoming>
    </bpmn2:endEvent>
  </bpmn2:process>
  <bpmndi:BPMNDiagram id="BPMNDiagram_1">
    <bpmndi:BPMNPlane bpmnElement="Collaboration_0rufkz4" id="BPMNPlane_1">
      <bpmndi:BPMNShape bpmnElement="Participant_0ki01ny" id="Participant_0ki01ny_di" isHorizontal="true">
        <dc:Bounds height="1010" width="3707" x="3" y="-140"/>
      </bpmndi:BPMNShape>
      <bpmndi:BPMNShape bpmnElement="Lane_1bzk2pj" id="Lane_1bzk2pj_di" isHorizontal="true">
        <dc:Bounds height="470" width="3677" x="33" y="-140"/>
      </bpmndi:BPMNShape>
      <bpmndi:BPMNShape bpmnElement="Lane_1ek5oq6" id="Lane_1ek5oq6_di" isHorizontal="true">
        <dc:Bounds height="470" width="3647" x="63" y="-140"/>
      </bpmndi:BPMNShape>
      <bpmndi:BPMNShape bpmnElement="Lane_0mx89l3" id="Lane_0mx89l3_di" isHorizontal="true">
        <dc:Bounds height="540" width="3677" x="33" y="330"/>
      </bpmndi:BPMNShape>
      <bpmndi:BPMNShape bpmnElement="Lane_14zw8c1" id="Lane_14zw8c1_di" isHorizontal="true">
        <dc:Bounds height="540" width="3647" x="63" y="330"/>
      </bpmndi:BPMNShape>
      <bpmndi:BPMNEdge bpmnElement="Flow_0k8prw3" id="Flow_0k8prw3_di">
        <di:waypoint x="3160" y="180"/>
        <di:waypoint x="3442" y="180"/>
      </bpmndi:BPMNEdge>
      <bpmndi:BPMNEdge bpmnElement="Flow_05pqobi" id="Flow_05pqobi_di">
        <di:waypoint x="2276" y="400"/>
        <di:waypoint x="2356" y="400"/>
      </bpmndi:BPMNEdge>
      <bpmndi:BPMNEdge bpmnElement="Flow_1qyy2qv" id="Flow_1qyy2qv_di">
        <di:waypoint x="1770" y="400"/>
        <di:waypoint x="1840" y="400"/>
      </bpmndi:BPMNEdge>
      <bpmndi:BPMNEdge bpmnElement="Flow_0rapudp" id="Flow_0rapudp_di">
        <di:waypoint x="131" y="400"/>
        <di:waypoint x="210" y="400"/>
      </bpmndi:BPMNEdge>
      <bpmndi:BPMNEdge bpmnElement="Flow_0533af0" id="Flow_0533af0_di">
        <di:waypoint x="2070" y="425"/>
        <di:waypoint x="2070" y="470"/>
        <di:waypoint x="2226" y="470"/>
        <di:waypoint x="2226" y="440"/>
      </bpmndi:BPMNEdge>
      <bpmndi:BPMNEdge bpmnElement="Flow_18fg8u1" id="Flow_18fg8u1_di">
        <di:waypoint x="3300" y="710"/>
        <di:waypoint x="3360" y="710"/>
        <di:waypoint x="3360" y="565"/>
      </bpmndi:BPMNEdge>
      <bpmndi:BPMNEdge bpmnElement="Flow_17utox1" id="Flow_17utox1_di">
        <di:waypoint x="2646" y="180"/>
        <di:waypoint x="2576" y="180"/>
        <di:waypoint x="2576" y="280"/>
        <di:waypoint x="2680" y="280"/>
        <di:waypoint x="2680" y="375"/>
      </bpmndi:BPMNEdge>
      <bpmndi:BPMNEdge bpmnElement="Flow_0cz42rk" id="Flow_0cz42rk_di">
        <di:waypoint x="470" y="375"/>
        <di:waypoint x="470" y="290"/>
        <di:waypoint x="260" y="290"/>
        <di:waypoint x="260" y="230"/>
      </bpmndi:BPMNEdge>
      <bpmndi:BPMNEdge bpmnElement="Flow_1n16d7r" id="Flow_1n16d7r_di">
        <di:waypoint x="470" y="425"/>
        <di:waypoint x="470" y="490"/>
        <di:waypoint x="660" y="490"/>
        <di:waypoint x="660" y="440"/>
      </bpmndi:BPMNEdge>
      <bpmndi:BPMNEdge bpmnElement="Flow_1q837su" id="Flow_1q837su_di">
        <di:waypoint x="710" y="400"/>
        <di:waypoint x="765" y="400"/>
      </bpmndi:BPMNEdge>
      <bpmndi:BPMNEdge bpmnElement="Flow_019zneq" id="Flow_019zneq_di">
        <di:waypoint x="815" y="400"/>
        <di:waypoint x="868" y="400"/>
      </bpmndi:BPMNEdge>
      <bpmndi:BPMNEdge bpmnElement="Flow_137mhrj" id="Flow_137mhrj_di">
        <di:waypoint x="968" y="400"/>
        <di:waypoint x="1025" y="400"/>
      </bpmndi:BPMNEdge>
      <bpmndi:BPMNEdge bpmnElement="Flow_0ygiu7j" id="Flow_0ygiu7j_di">
        <di:waypoint x="495" y="400"/>
        <di:waypoint x="580" y="400"/>
        <di:waypoint x="580" y="280"/>
        <di:waypoint x="1425" y="280"/>
      </bpmndi:BPMNEdge>
      <bpmndi:BPMNEdge bpmnElement="Flow_0ldswai" id="Flow_0ldswai_di">
        <di:waypoint x="1475" y="280"/>
        <di:waypoint x="1590" y="280"/>
        <di:waypoint x="1590" y="375"/>
      </bpmndi:BPMNEdge>
      <bpmndi:BPMNEdge bpmnElement="Flow_087727c" id="Flow_087727c_di">
        <di:waypoint x="1450" y="305"/>
        <di:waypoint x="1450" y="360"/>
      </bpmndi:BPMNEdge>
      <bpmndi:BPMNEdge bpmnElement="Flow_1py2ksn" id="Flow_1py2ksn_di">
        <di:waypoint x="1500" y="400"/>
        <di:waypoint x="1565" y="400"/>
      </bpmndi:BPMNEdge>
      <bpmndi:BPMNEdge bpmnElement="Flow_0771ue1" id="Flow_0771ue1_di">
        <di:waypoint x="1615" y="400"/>
        <di:waypoint x="1670" y="400"/>
      </bpmndi:BPMNEdge>
      <bpmndi:BPMNEdge bpmnElement="Flow_0s2tsdm" id="Flow_0s2tsdm_di">
        <di:waypoint x="1450" y="255"/>
        <di:waypoint x="1450" y="230"/>
        <di:waypoint x="2070" y="230"/>
        <di:waypoint x="2070" y="375"/>
      </bpmndi:BPMNEdge>
      <bpmndi:BPMNEdge bpmnElement="Flow_0xyl37x" id="Flow_0xyl37x_di">
        <di:waypoint x="2095" y="400"/>
        <di:waypoint x="2140" y="400"/>
        <di:waypoint x="2140" y="300"/>
        <di:waypoint x="2576" y="300"/>
        <di:waypoint x="2576" y="360"/>
      </bpmndi:BPMNEdge>
      <bpmndi:BPMNEdge bpmnElement="Flow_07zvi91" id="Flow_07zvi91_di">
        <di:waypoint x="260" y="440"/>
        <di:waypoint x="260" y="545"/>
      </bpmndi:BPMNEdge>
      <bpmndi:BPMNEdge bpmnElement="Flow_06wp42c" id="Flow_06wp42c_di">
        <di:waypoint x="235" y="570"/>
        <di:waypoint x="210" y="570"/>
        <di:waypoint x="210" y="710"/>
        <di:waypoint x="1170" y="710"/>
      </bpmndi:BPMNEdge>
      <bpmndi:BPMNEdge bpmnElement="Flow_12bgsuf" id="Flow_12bgsuf_di">
        <di:waypoint x="740" y="630"/>
        <di:waypoint x="685" y="630"/>
      </bpmndi:BPMNEdge>
      <bpmndi:BPMNEdge bpmnElement="Flow_1vkq5kn" id="Flow_1vkq5kn_di">
        <di:waypoint x="285" y="570"/>
        <di:waypoint x="410" y="570"/>
        <di:waypoint x="410" y="400"/>
        <di:waypoint x="445" y="400"/>
      </bpmndi:BPMNEdge>
      <bpmndi:BPMNEdge bpmnElement="Flow_18ir50z" id="Flow_18ir50z_di">
        <di:waypoint x="1270" y="710"/>
        <di:waypoint x="1440" y="710"/>
      </bpmndi:BPMNEdge>
      <bpmndi:BPMNEdge bpmnElement="Flow_0hntwwh" id="Flow_0hntwwh_di">
        <di:waypoint x="1890" y="440"/>
        <di:waypoint x="1890" y="580"/>
        <di:waypoint x="1490" y="580"/>
        <di:waypoint x="1490" y="670"/>
      </bpmndi:BPMNEdge>
      <bpmndi:BPMNEdge bpmnElement="Flow_0ifhrtm" id="Flow_0ifhrtm_di">
        <di:waypoint x="2626" y="400"/>
        <di:waypoint x="2655" y="400"/>
      </bpmndi:BPMNEdge>
      <bpmndi:BPMNEdge bpmnElement="Flow_1rwcubg" id="Flow_1rwcubg_di">
        <di:waypoint x="3200" y="540"/>
        <di:waypoint x="3110" y="540"/>
        <di:waypoint x="3110" y="425"/>
      </bpmndi:BPMNEdge>
      <bpmndi:BPMNEdge bpmnElement="Flow_14nnje1" id="Flow_14nnje1_di">
        <di:waypoint x="3335" y="540"/>
        <di:waypoint x="3300" y="540"/>
      </bpmndi:BPMNEdge>
      <bpmndi:BPMNEdge bpmnElement="Flow_1569b47" id="Flow_1569b47_di">
        <di:waypoint x="3110" y="375"/>
        <di:waypoint x="3110" y="220"/>
      </bpmndi:BPMNEdge>
      <bpmndi:BPMNEdge bpmnElement="Flow_1czsegb" id="Flow_1czsegb_di">
        <di:waypoint x="3360" y="515"/>
        <di:waypoint x="3360" y="400"/>
        <di:waypoint x="3135" y="400"/>
      </bpmndi:BPMNEdge>
      <bpmndi:BPMNEdge bpmnElement="Flow_15tomsv" id="Flow_15tomsv_di">
        <di:waypoint x="1540" y="710"/>
        <di:waypoint x="2080" y="710"/>
        <di:waypoint x="2080" y="645"/>
      </bpmndi:BPMNEdge>
      <bpmndi:BPMNEdge bpmnElement="Flow_18nigb4" id="Flow_18nigb4_di">
        <di:waypoint x="2820" y="440"/>
        <di:waypoint x="2820" y="550"/>
        <di:waypoint x="2080" y="550"/>
        <di:waypoint x="2080" y="595"/>
      </bpmndi:BPMNEdge>
      <bpmndi:BPMNEdge bpmnElement="Flow_0nl4ub0" id="Flow_0nl4ub0_di">
        <di:waypoint x="2105" y="620"/>
        <di:waypoint x="2655" y="620"/>
      </bpmndi:BPMNEdge>
      <bpmndi:BPMNEdge bpmnElement="Flow_0rulu1q" id="Flow_0rulu1q_di">
        <di:waypoint x="2705" y="400"/>
        <di:waypoint x="2770" y="400"/>
      </bpmndi:BPMNEdge>
      <bpmndi:BPMNEdge bpmnElement="Flow_16tutme" id="Flow_16tutme_di">
        <di:waypoint x="2680" y="425"/>
        <di:waypoint x="2680" y="595"/>
      </bpmndi:BPMNEdge>
      <bpmndi:BPMNEdge bpmnElement="Flow_1m8gubv" id="Flow_1m8gubv_di">
        <di:waypoint x="2705" y="620"/>
        <di:waypoint x="2770" y="620"/>
        <di:waypoint x="2770" y="710"/>
        <di:waypoint x="3200" y="710"/>
      </bpmndi:BPMNEdge>
      <bpmndi:BPMNEdge bpmnElement="Flow_0nzebjb" id="Flow_0nzebjb_di">
        <di:waypoint x="2550" y="750"/>
        <di:waypoint x="2680" y="750"/>
        <di:waypoint x="2680" y="645"/>
      </bpmndi:BPMNEdge>
      <bpmndi:BPMNEdge bpmnElement="Flow_19x7nvx" id="Flow_19x7nvx_di">
        <di:waypoint x="635" y="630"/>
        <di:waypoint x="260" y="630"/>
        <di:waypoint x="260" y="595"/>
      </bpmndi:BPMNEdge>
      <bpmndi:BPMNEdge bpmnElement="Flow_0ijpkdv" id="Flow_0ijpkdv_di">
        <di:waypoint x="660" y="605"/>
        <di:waypoint x="660" y="530"/>
        <di:waypoint x="790" y="530"/>
        <di:waypoint x="790" y="425"/>
      </bpmndi:BPMNEdge>
      <bpmndi:BPMNEdge bpmnElement="Flow_1ktu0ej" id="Flow_1ktu0ej_di">
        <di:waypoint x="2980" y="360"/>
        <di:waypoint x="2980" y="270"/>
        <di:waypoint x="2696" y="270"/>
        <di:waypoint x="2696" y="220"/>
      </bpmndi:BPMNEdge>
      <bpmndi:BPMNEdge bpmnElement="Flow_1lrq4vq" id="Flow_1lrq4vq_di">
        <di:waypoint x="1075" y="400"/>
        <di:waypoint x="1108" y="400"/>
      </bpmndi:BPMNEdge>
      <bpmndi:BPMNEdge bpmnElement="Flow_1a6j32u" id="Flow_1a6j32u_di">
        <di:waypoint x="1050" y="500"/>
        <di:waypoint x="1050" y="425"/>
      </bpmndi:BPMNEdge>
      <bpmndi:BPMNEdge bpmnElement="Flow_1mlr5f2" id="Flow_1mlr5f2_di">
        <di:waypoint x="1208" y="400"/>
        <di:waypoint x="1270" y="400"/>
        <di:waypoint x="1270" y="620"/>
        <di:waypoint x="2055" y="620"/>
      </bpmndi:BPMNEdge>
      <bpmndi:BPMNShape bpmnElement="StartEvent_1" id="_BPMNShape_StartEvent_2">
        <dc:Bounds height="36" width="36" x="95" y="382"/>
      </bpmndi:BPMNShape>
      <bpmndi:BPMNShape bpmnElement="Activity_0h3d0k6" id="Activity_0u7q5u7_di">
        <dc:Bounds height="80" width="100" x="210" y="360"/>
      </bpmndi:BPMNShape>
      <bpmndi:BPMNShape bpmnElement="Activity_113qj50" id="Activity_113qj50_di">
        <dc:Bounds height="80" width="100" x="868" y="360"/>
      </bpmndi:BPMNShape>
      <bpmndi:BPMNShape bpmnElement="Gateway_0hmu0za" id="Gateway_12fxd3j_di">
        <dc:Bounds height="50" width="50" x="445" y="375"/>
      </bpmndi:BPMNShape>
      <bpmndi:BPMNShape bpmnElement="Activity_015vp34" id="Activity_015vp34_di">
        <dc:Bounds height="80" width="100" x="210" y="150"/>
      </bpmndi:BPMNShape>
      <bpmndi:BPMNShape bpmnElement="Activity_06oi8up" id="Activity_0yhqbs4_di">
        <dc:Bounds height="80" width="100" x="610" y="360"/>
      </bpmndi:BPMNShape>
      <bpmndi:BPMNShape bpmnElement="Gateway_0oeqkh5" id="Gateway_0968ira_di">
        <dc:Bounds height="50" width="50" x="765" y="375"/>
      </bpmndi:BPMNShape>
      <bpmndi:BPMNShape bpmnElement="Activity_0ktngdz" id="Activity_0ktngdz_di">
        <dc:Bounds height="80" width="100" x="1108" y="360"/>
      </bpmndi:BPMNShape>
      <bpmndi:BPMNShape bpmnElement="Activity_110eik3" id="Activity_110eik3_di">
        <dc:Bounds height="80" width="100" x="1400" y="360"/>
      </bpmndi:BPMNShape>
      <bpmndi:BPMNShape bpmnElement="Gateway_0kr8lol" id="Gateway_1jh70tw_di">
        <dc:Bounds height="50" width="50" x="1425" y="255"/>
      </bpmndi:BPMNShape>
      <bpmndi:BPMNShape bpmnElement="Gateway_08dysyw" id="Gateway_1c0elyy_di">
        <dc:Bounds height="50" width="50" x="1565" y="375"/>
      </bpmndi:BPMNShape>
      <bpmndi:BPMNShape bpmnElement="Activity_18q4ug9" id="Activity_18q4ug9_di">
        <dc:Bounds height="80" width="100" x="1670" y="360"/>
      </bpmndi:BPMNShape>
      <bpmndi:BPMNShape bpmnElement="Activity_1gstk8m" id="Activity_1gstk8m_di">
        <dc:Bounds height="80" width="100" x="2526" y="360"/>
      </bpmndi:BPMNShape>
      <bpmndi:BPMNShape bpmnElement="Activity_0n60u83" id="Activity_0n60u83_di">
        <dc:Bounds height="80" width="100" x="2356" y="360"/>
      </bpmndi:BPMNShape>
      <bpmndi:BPMNShape bpmnElement="Activity_19e4kmo" id="Activity_19e4kmo_di">
        <dc:Bounds height="80" width="100" x="2176" y="360"/>
      </bpmndi:BPMNShape>
      <bpmndi:BPMNShape bpmnElement="Activity_1hzdcep" id="Activity_1hzdcep_di">
        <dc:Bounds height="80" width="100" x="2646" y="140"/>
      </bpmndi:BPMNShape>
      <bpmndi:BPMNShape bpmnElement="Activity_09l8ekp" id="Activity_09l8ekp_di">
        <dc:Bounds height="80" width="100" x="1840" y="360"/>
      </bpmndi:BPMNShape>
      <bpmndi:BPMNShape bpmnElement="Gateway_148n0fl" id="Gateway_0j9t5c5_di">
        <dc:Bounds height="50" width="50" x="2045" y="375"/>
      </bpmndi:BPMNShape>
      <bpmndi:BPMNShape bpmnElement="Gateway_0l7p0mf" id="Gateway_1h0s67w_di">
        <dc:Bounds height="50" width="50" x="235" y="545"/>
      </bpmndi:BPMNShape>
      <bpmndi:BPMNShape bpmnElement="Activity_0w2bt4k" id="Activity_0w2bt4k_di">
        <dc:Bounds height="80" width="100" x="1170" y="670"/>
      </bpmndi:BPMNShape>
      <bpmndi:BPMNShape bpmnElement="Activity_00sahrf" id="Activity_00sahrf_di">
        <dc:Bounds height="80" width="100" x="1440" y="670"/>
      </bpmndi:BPMNShape>
      <bpmndi:BPMNShape bpmnElement="Activity_1cg6103" id="Activity_0fhn9y4_di">
        <dc:Bounds height="80" width="100" x="2930" y="360"/>
      </bpmndi:BPMNShape>
      <bpmndi:BPMNShape bpmnElement="Activity_0ibgrei" id="Activity_0ibgrei_di">
        <dc:Bounds height="80" width="100" x="3200" y="500"/>
      </bpmndi:BPMNShape>
      <bpmndi:BPMNShape bpmnElement="Gateway_0noby1e" id="Gateway_1h8y1ow_di">
        <dc:Bounds height="50" width="50" x="3335" y="515"/>
      </bpmndi:BPMNShape>
      <bpmndi:BPMNShape bpmnElement="Gateway_0mu0g3c" id="Gateway_0deunee_di">
        <dc:Bounds height="50" width="50" x="3085" y="375"/>
      </bpmndi:BPMNShape>
      <bpmndi:BPMNShape bpmnElement="Gateway_1wo98de" id="Gateway_115cnak_di">
        <dc:Bounds height="50" width="50" x="2055" y="595"/>
      </bpmndi:BPMNShape>
      <bpmndi:BPMNShape bpmnElement="Gateway_15sg2gh" id="Gateway_05frr0n_di">
        <dc:Bounds height="50" width="50" x="2655" y="375"/>
      </bpmndi:BPMNShape>
      <bpmndi:BPMNShape bpmnElement="Gateway_178953g" id="Gateway_18fl5f8_di">
        <dc:Bounds height="50" width="50" x="2655" y="595"/>
      </bpmndi:BPMNShape>
      <bpmndi:BPMNShape bpmnElement="Activity_0lfxlml" id="Activity_0lfxlml_di">
        <dc:Bounds height="80" width="100" x="3200" y="670"/>
      </bpmndi:BPMNShape>
      <bpmndi:BPMNShape bpmnElement="Activity_1m7ie03" id="Activity_1m7ie03_di">
        <dc:Bounds height="80" width="100" x="2450" y="710"/>
      </bpmndi:BPMNShape>
      <bpmndi:BPMNShape bpmnElement="Activity_0jbccvu" id="Activity_0jbccvu_di">
        <dc:Bounds height="80" width="100" x="740" y="590"/>
      </bpmndi:BPMNShape>
      <bpmndi:BPMNShape bpmnElement="Gateway_1b8ipgj" id="Gateway_15nsx66_di">
        <dc:Bounds height="50" width="50" x="635" y="605"/>
      </bpmndi:BPMNShape>
      <bpmndi:BPMNShape bpmnElement="Activity_0qmgdp5" id="Activity_0qmgdp5_di">
        <dc:Bounds height="80" width="100" x="2770" y="360"/>
      </bpmndi:BPMNShape>
      <bpmndi:BPMNShape bpmnElement="Gateway_0qmk3a9" id="Gateway_0w3q93l_di">
        <dc:Bounds height="50" width="50" x="1025" y="375"/>
      </bpmndi:BPMNShape>
      <bpmndi:BPMNShape bpmnElement="Activity_0jsrlvm" id="Activity_0jsrlvm_di">
        <dc:Bounds height="80" width="100" x="1000" y="500"/>
      </bpmndi:BPMNShape>
      <bpmndi:BPMNShape bpmnElement="Activity_00fn8ku" id="Activity_00fn8ku_di">
        <dc:Bounds height="80" width="100" x="3060" y="140"/>
      </bpmndi:BPMNShape>
      <bpmndi:BPMNShape bpmnElement="Event_07h3hrr" id="Event_07h3hrr_di">
        <dc:Bounds height="36" width="36" x="3442" y="162"/>
      </bpmndi:BPMNShape>
    </bpmndi:BPMNPlane>
  </bpmndi:BPMNDiagram>
</bpmn2:definitions>
