<?xml version="1.0" encoding="UTF-8"?><bpmn2:definitions xmlns:bpmn2="http://www.omg.org/spec/BPMN/20100524/MODEL" xmlns:bpmndi="http://www.omg.org/spec/BPMN/20100524/DI" xmlns:camunda="http://camunda.org/schema/1.0/bpmn" xmlns:dc="http://www.omg.org/spec/DD/20100524/DC" xmlns:di="http://www.omg.org/spec/DD/20100524/DI" xmlns:xsi="http://www.w3.org/2001/XMLSchema-instance" id="sample-diagram" targetNamespace="http://bpmn.io/schema/bpmn" xsi:schemaLocation="http://www.omg.org/spec/BPMN/20100524/MODEL BPMN20.xsd">
  <bpmn2:collaboration id="Collaboration_09osf50" isClosed="false">
    <bpmn2:participant id="Participant_1808222" name="Organization" processRef="NSBJobInit645_Copy"/>
  </bpmn2:collaboration>
  <bpmn2:process id="NSBJobInit645_Copy" name="NSB Job Init" processType="None" isClosed="false" isExecutable="true">
    <bpmn2:extensionElements>
      <camunda:properties>
        <camunda:property name="workOrderIDPrefix" value="MT"/>
      </camunda:properties>
    </bpmn2:extensionElements>
    <bpmn2:laneSet id="LaneSet_1s9vbdf">
      <bpmn2:lane id="Lane_0s8mz3y" name="ATT">
        <bpmn2:flowNodeRef>Activity_1euv9sw</bpmn2:flowNodeRef>
        <bpmn2:flowNodeRef>Activity_1xhd9ec</bpmn2:flowNodeRef>
        <bpmn2:flowNodeRef>Activity_0ebyvyw</bpmn2:flowNodeRef>
        <bpmn2:flowNodeRef>Activity_0ubfn65</bpmn2:flowNodeRef>
        <bpmn2:flowNodeRef>Gateway_1povinj</bpmn2:flowNodeRef>
        <bpmn2:flowNodeRef>StartEvent_1</bpmn2:flowNodeRef>
        <bpmn2:flowNodeRef>Activity_1lo6rk8</bpmn2:flowNodeRef>
        <bpmn2:flowNodeRef>Gateway_1yxa2lz</bpmn2:flowNodeRef>
        <bpmn2:flowNodeRef>Activity_0nxztlg</bpmn2:flowNodeRef>
        <bpmn2:flowNodeRef>Gateway_15818du</bpmn2:flowNodeRef>
        <bpmn2:flowNodeRef>Gateway_1c6n07u</bpmn2:flowNodeRef>
        <bpmn2:flowNodeRef>Gateway_0mi1hph</bpmn2:flowNodeRef>
        <bpmn2:flowNodeRef>Activity_1n4nynd</bpmn2:flowNodeRef>
        <bpmn2:flowNodeRef>Gateway_0548ym7</bpmn2:flowNodeRef>
        <bpmn2:flowNodeRef>Activity_0q2qjgv</bpmn2:flowNodeRef>
        <bpmn2:flowNodeRef>Activity_121am4k</bpmn2:flowNodeRef>
        <bpmn2:flowNodeRef>Activity_04lcafj</bpmn2:flowNodeRef>
        <bpmn2:flowNodeRef>Activity_1uh7dd5</bpmn2:flowNodeRef>
        <bpmn2:flowNodeRef>Event_1y9fbfl</bpmn2:flowNodeRef>
        <bpmn2:flowNodeRef>Gateway_0iago18</bpmn2:flowNodeRef>
        <bpmn2:childLaneSet id="LaneSet_0jxb417">
          <bpmn2:lane id="Lane_1w5jm5w">
            <bpmn2:flowNodeRef>Activity_1euv9sw</bpmn2:flowNodeRef>
            <bpmn2:flowNodeRef>Activity_1xhd9ec</bpmn2:flowNodeRef>
            <bpmn2:flowNodeRef>Activity_0ebyvyw</bpmn2:flowNodeRef>
            <bpmn2:flowNodeRef>Activity_0ubfn65</bpmn2:flowNodeRef>
            <bpmn2:flowNodeRef>Gateway_1povinj</bpmn2:flowNodeRef>
            <bpmn2:flowNodeRef>StartEvent_1</bpmn2:flowNodeRef>
            <bpmn2:flowNodeRef>Activity_1lo6rk8</bpmn2:flowNodeRef>
            <bpmn2:flowNodeRef>Gateway_1yxa2lz</bpmn2:flowNodeRef>
            <bpmn2:flowNodeRef>Activity_0nxztlg</bpmn2:flowNodeRef>
            <bpmn2:flowNodeRef>Gateway_15818du</bpmn2:flowNodeRef>
            <bpmn2:flowNodeRef>Gateway_1c6n07u</bpmn2:flowNodeRef>
            <bpmn2:flowNodeRef>Gateway_0mi1hph</bpmn2:flowNodeRef>
            <bpmn2:flowNodeRef>Activity_1n4nynd</bpmn2:flowNodeRef>
            <bpmn2:flowNodeRef>Gateway_0548ym7</bpmn2:flowNodeRef>
            <bpmn2:flowNodeRef>Activity_0q2qjgv</bpmn2:flowNodeRef>
            <bpmn2:flowNodeRef>Activity_121am4k</bpmn2:flowNodeRef>
            <bpmn2:flowNodeRef>Activity_04lcafj</bpmn2:flowNodeRef>
            <bpmn2:flowNodeRef>Activity_1uh7dd5</bpmn2:flowNodeRef>
            <bpmn2:flowNodeRef>Event_1y9fbfl</bpmn2:flowNodeRef>
            <bpmn2:flowNodeRef>Gateway_0iago18</bpmn2:flowNodeRef>
            <bpmn2:childLaneSet id="LaneSet_1ng0bcv"/>
          </bpmn2:lane>
        </bpmn2:childLaneSet>
      </bpmn2:lane>
      <bpmn2:lane id="Lane_0xmylpi" name="Site Acquisition Vendor"/>
    </bpmn2:laneSet>
    <bpmn2:userTask id="Activity_1euv9sw" name="(J1011)  Received CFAS Project Number" implementation="##unspecified">
      <bpmn2:incoming>Flow_1qle6o2</bpmn2:incoming>
      <bpmn2:outgoing>Flow_11ti96j</bpmn2:outgoing>
    </bpmn2:userTask>
    <bpmn2:sequenceFlow id="Flow_1qle6o2" sourceRef="StartEvent_1" targetRef="Activity_1euv9sw"/>
    <bpmn2:sequenceFlow id="Flow_11ti96j" sourceRef="Activity_1euv9sw" targetRef="Gateway_0mi1hph"/>
    <bpmn2:userTask id="Activity_1xhd9ec" name="(J1010)  Received FA Location Code" implementation="##unspecified">
      <bpmn2:incoming>Flow_1bo2swn</bpmn2:incoming>
      <bpmn2:outgoing>Flow_1m3tdun</bpmn2:outgoing>
    </bpmn2:userTask>
    <bpmn2:sequenceFlow id="Flow_1m3tdun" sourceRef="Activity_1xhd9ec" targetRef="Gateway_1c6n07u"/>
    <bpmn2:userTask id="Activity_0ebyvyw" name="(J1013)  CFAS Budget Allocated To Project Number" implementation="##unspecified">
      <bpmn2:incoming>Flow_1nrcrtw</bpmn2:incoming>
      <bpmn2:outgoing>Flow_0j56yrq</bpmn2:outgoing>
    </bpmn2:userTask>
    <bpmn2:sequenceFlow id="Flow_15pt40h" sourceRef="Activity_0ubfn65" targetRef="Gateway_15818du"/>
    <bpmn2:sequenceFlow id="Flow_02ljs27" sourceRef="Gateway_15818du" targetRef="Activity_0nxztlg"/>
    <bpmn2:sequenceFlow id="Flow_0limue6" sourceRef="Activity_0nxztlg" targetRef="Gateway_1yxa2lz"/>
    <bpmn2:sequenceFlow id="Flow_1pe3fc8" sourceRef="Gateway_1yxa2lz" targetRef="Activity_1lo6rk8"/>
    <bpmn2:sequenceFlow id="Flow_0vk9zu6" sourceRef="Activity_1lo6rk8" targetRef="Activity_1n4nynd"/>
    <bpmn2:userTask id="Activity_0ubfn65" name="(J1012)  Search Ring Issued (SARF)" implementation="##unspecified">
      <bpmn2:incoming>Flow_0cv328a</bpmn2:incoming>
      <bpmn2:outgoing>Flow_15pt40h</bpmn2:outgoing>
    </bpmn2:userTask>
    <bpmn2:sequenceFlow id="Flow_0b35o1m" sourceRef="Gateway_1povinj" targetRef="Gateway_1yxa2lz"/>
    <bpmn2:sequenceFlow id="Flow_0cv328a" sourceRef="Gateway_1povinj" targetRef="Activity_0ubfn65"/>
    <bpmn2:sequenceFlow id="Flow_0j56yrq" sourceRef="Activity_0ebyvyw" targetRef="Gateway_1povinj"/>
    <bpmn2:inclusiveGateway id="Gateway_1povinj">
      <bpmn2:incoming>Flow_0j56yrq</bpmn2:incoming>
      <bpmn2:outgoing>Flow_0b35o1m</bpmn2:outgoing>
      <bpmn2:outgoing>Flow_0cv328a</bpmn2:outgoing>
    </bpmn2:inclusiveGateway>
    <bpmn2:startEvent id="StartEvent_1">
      <bpmn2:outgoing>Flow_1qle6o2</bpmn2:outgoing>
    </bpmn2:startEvent>
    <bpmn2:userTask id="Activity_1lo6rk8" name="(J1009)   i-Plan job issued" implementation="##unspecified">
      <bpmn2:incoming>Flow_1pe3fc8</bpmn2:incoming>
      <bpmn2:outgoing>Flow_0vk9zu6</bpmn2:outgoing>
    </bpmn2:userTask>
    <bpmn2:inclusiveGateway id="Gateway_1yxa2lz">
      <bpmn2:incoming>Flow_0limue6</bpmn2:incoming>
      <bpmn2:incoming>Flow_0b35o1m</bpmn2:incoming>
      <bpmn2:outgoing>Flow_1pe3fc8</bpmn2:outgoing>
    </bpmn2:inclusiveGateway>
    <bpmn2:userTask id="Activity_0nxztlg" name="(J1022)  Preliminary RFDS Issued to C&amp;E" implementation="##unspecified">
      <bpmn2:incoming>Flow_02ljs27</bpmn2:incoming>
      <bpmn2:outgoing>Flow_0limue6</bpmn2:outgoing>
    </bpmn2:userTask>
    <bpmn2:inclusiveGateway id="Gateway_15818du">
      <bpmn2:incoming>Flow_15pt40h</bpmn2:incoming>
      <bpmn2:incoming>Flow_0m4tbo9</bpmn2:incoming>
      <bpmn2:outgoing>Flow_02ljs27</bpmn2:outgoing>
    </bpmn2:inclusiveGateway>
    <bpmn2:sequenceFlow id="Flow_1bo2swn" sourceRef="Gateway_0mi1hph" targetRef="Activity_1xhd9ec"/>
    <bpmn2:sequenceFlow id="Flow_1nrcrtw" sourceRef="Gateway_1c6n07u" targetRef="Activity_0ebyvyw"/>
    <bpmn2:inclusiveGateway id="Gateway_1c6n07u">
      <bpmn2:incoming>Flow_1m3tdun</bpmn2:incoming>
      <bpmn2:incoming>Flow_10v6rpa</bpmn2:incoming>
      <bpmn2:outgoing>Flow_1nrcrtw</bpmn2:outgoing>
    </bpmn2:inclusiveGateway>
    <bpmn2:inclusiveGateway id="Gateway_0mi1hph">
      <bpmn2:incoming>Flow_11ti96j</bpmn2:incoming>
      <bpmn2:outgoing>Flow_1bo2swn</bpmn2:outgoing>
      <bpmn2:outgoing>Flow_10v6rpa</bpmn2:outgoing>
      <bpmn2:outgoing>Flow_0m4tbo9</bpmn2:outgoing>
    </bpmn2:inclusiveGateway>
    <bpmn2:sequenceFlow id="Flow_10v6rpa" sourceRef="Gateway_0mi1hph" targetRef="Gateway_1c6n07u"/>
    <bpmn2:sequenceFlow id="Flow_0m4tbo9" sourceRef="Gateway_0mi1hph" targetRef="Gateway_15818du"/>
    <bpmn2:userTask id="Activity_1n4nynd" name="(J1003)  Authorize Job" implementation="##unspecified">
      <bpmn2:incoming>Flow_0vk9zu6</bpmn2:incoming>
      <bpmn2:outgoing>Flow_0zfatp6</bpmn2:outgoing>
    </bpmn2:userTask>
    <bpmn2:sequenceFlow id="Flow_0t8ixiw" sourceRef="Gateway_0548ym7" targetRef="Activity_0q2qjgv"/>
    <bpmn2:parallelGateway id="Gateway_0548ym7">
      <bpmn2:incoming>Flow_0zfatp6</bpmn2:incoming>
      <bpmn2:outgoing>Flow_0t8ixiw</bpmn2:outgoing>
      <bpmn2:outgoing>Flow_1cm46z9</bpmn2:outgoing>
      <bpmn2:outgoing>Flow_1ud7vsg</bpmn2:outgoing>
      <bpmn2:outgoing>Flow_1gnx9vh</bpmn2:outgoing>
    </bpmn2:parallelGateway>
    <bpmn2:sequenceFlow id="Flow_0zfatp6" sourceRef="Activity_1n4nynd" targetRef="Gateway_0548ym7"/>
    <bpmn2:serviceTask id="Activity_0q2qjgv" name="Site Scoping" implementation="##WebService" camunda:class="com.inn.workflow.camunda.connector.api.ProjectConnector">
      <bpmn2:extensionElements>
        <camunda:field name="technology">
          <camunda:string>5G</camunda:string>
        </camunda:field>
        <camunda:field name="category">
          <camunda:string>Outdoor</camunda:string>
        </camunda:field>
        <camunda:field name="siteType">
          <camunda:string>Macro</camunda:string>
        </camunda:field>
        <camunda:field name="projectTemplate">
          <camunda:string>NSB Site Scope</camunda:string>
        </camunda:field>
      </bpmn2:extensionElements>
      <bpmn2:incoming>Flow_0t8ixiw</bpmn2:incoming>
      <bpmn2:outgoing>Flow_0hp4le2</bpmn2:outgoing>
    </bpmn2:serviceTask>
    <bpmn2:serviceTask id="Activity_121am4k" name="Real Estate" implementation="##WebService" camunda:class="com.inn.workflow.camunda.connector.api.ProjectConnector">
      <bpmn2:extensionElements>
        <camunda:field name="technology">
          <camunda:string>5G</camunda:string>
        </camunda:field>
        <camunda:field name="category">
          <camunda:string>Outdoor</camunda:string>
        </camunda:field>
        <camunda:field name="siteType">
          <camunda:string>Macro</camunda:string>
        </camunda:field>
        <camunda:field name="projectTemplate">
          <camunda:string>NSB Real Estate</camunda:string>
        </camunda:field>
      </bpmn2:extensionElements>
      <bpmn2:incoming>Flow_1ud7vsg</bpmn2:incoming>
      <bpmn2:outgoing>Flow_12aixet</bpmn2:outgoing>
    </bpmn2:serviceTask>
    <bpmn2:serviceTask id="Activity_04lcafj" name="Construction &amp; Implementation" implementation="##WebService" camunda:class="com.inn.workflow.camunda.connector.api.ProjectConnector">
      <bpmn2:extensionElements>
        <camunda:field name="technology">
          <camunda:string>5G</camunda:string>
        </camunda:field>
        <camunda:field name="category">
          <camunda:string>Outdoor</camunda:string>
        </camunda:field>
        <camunda:field name="siteType">
          <camunda:string>Macro</camunda:string>
        </camunda:field>
        <camunda:field name="projectTemplate">
          <camunda:string>NSB Construct Implement</camunda:string>
        </camunda:field>
      </bpmn2:extensionElements>
      <bpmn2:incoming>Flow_1gnx9vh</bpmn2:incoming>
      <bpmn2:outgoing>Flow_07xqwe0</bpmn2:outgoing>
    </bpmn2:serviceTask>
    <bpmn2:serviceTask id="Activity_1uh7dd5" name="Closing" implementation="##WebService" camunda:class="com.inn.workflow.camunda.connector.api.ProjectConnector">
      <bpmn2:extensionElements>
        <camunda:field name="technology">
          <camunda:string>5G</camunda:string>
        </camunda:field>
        <camunda:field name="category">
          <camunda:string>Outdoor</camunda:string>
        </camunda:field>
        <camunda:field name="siteType">
          <camunda:string>Macro</camunda:string>
        </camunda:field>
        <camunda:field name="projectTemplate">
          <camunda:string>NSB Closing</camunda:string>
        </camunda:field>
      </bpmn2:extensionElements>
      <bpmn2:incoming>Flow_1cm46z9</bpmn2:incoming>
      <bpmn2:outgoing>Flow_05xztov</bpmn2:outgoing>
    </bpmn2:serviceTask>
    <bpmn2:sequenceFlow id="Flow_1cm46z9" sourceRef="Gateway_0548ym7" targetRef="Activity_1uh7dd5"/>
    <bpmn2:sequenceFlow id="Flow_1ud7vsg" sourceRef="Gateway_0548ym7" targetRef="Activity_121am4k"/>
    <bpmn2:sequenceFlow id="Flow_1gnx9vh" sourceRef="Gateway_0548ym7" targetRef="Activity_04lcafj"/>
    <bpmn2:sequenceFlow id="Flow_0hp4le2" sourceRef="Activity_0q2qjgv" targetRef="Gateway_0iago18"/>
    <bpmn2:sequenceFlow id="Flow_12aixet" sourceRef="Activity_121am4k" targetRef="Gateway_0iago18"/>
    <bpmn2:sequenceFlow id="Flow_07xqwe0" sourceRef="Activity_04lcafj" targetRef="Gateway_0iago18"/>
    <bpmn2:sequenceFlow id="Flow_05xztov" sourceRef="Activity_1uh7dd5" targetRef="Gateway_0iago18"/>
    <bpmn2:endEvent id="Event_1y9fbfl">
      <bpmn2:incoming>Flow_1br3wvt</bpmn2:incoming>
    </bpmn2:endEvent>
    <bpmn2:sequenceFlow id="Flow_1br3wvt" sourceRef="Gateway_0iago18" targetRef="Event_1y9fbfl"/>
    <bpmn2:parallelGateway id="Gateway_0iago18">
      <bpmn2:incoming>Flow_0hp4le2</bpmn2:incoming>
      <bpmn2:incoming>Flow_12aixet</bpmn2:incoming>
      <bpmn2:incoming>Flow_07xqwe0</bpmn2:incoming>
      <bpmn2:incoming>Flow_05xztov</bpmn2:incoming>
      <bpmn2:outgoing>Flow_1br3wvt</bpmn2:outgoing>
    </bpmn2:parallelGateway>
  </bpmn2:process>
  <bpmndi:BPMNDiagram id="BPMNDiagram_1">
    <bpmndi:BPMNPlane id="BPMNPlane_1" bpmnElement="Collaboration_09osf50">
      <bpmndi:BPMNShape id="Participant_1808222_di" bpmnElement="Participant_1808222" isHorizontal="true">
        <dc:Bounds x="-110" y="80" width="2380" height="610"/>
      </bpmndi:BPMNShape>
      <bpmndi:BPMNShape id="Lane_0xmylpi_di" bpmnElement="Lane_0xmylpi" isHorizontal="true">
        <dc:Bounds x="-80" y="540" width="2350" height="150"/>
      </bpmndi:BPMNShape>
      <bpmndi:BPMNShape id="Lane_0s8mz3y_di" bpmnElement="Lane_0s8mz3y" isHorizontal="true">
        <dc:Bounds x="-80" y="80" width="2350" height="460"/>
      </bpmndi:BPMNShape>
      <bpmndi:BPMNShape id="Lane_1w5jm5w_di" bpmnElement="Lane_1w5jm5w" isHorizontal="true">
        <dc:Bounds x="-50" y="80" width="2320" height="610"/>
      </bpmndi:BPMNShape>
      <bpmndi:BPMNEdge id="Flow_1br3wvt_di" bpmnElement="Flow_1br3wvt">
        <di:waypoint x="2105" y="250"/>
        <di:waypoint x="2212" y="250"/>
      </bpmndi:BPMNEdge>
      <bpmndi:BPMNEdge id="Flow_05xztov_di" bpmnElement="Flow_05xztov">
        <di:waypoint x="1990" y="450"/>
        <di:waypoint x="2080" y="450"/>
        <di:waypoint x="2080" y="275"/>
      </bpmndi:BPMNEdge>
      <bpmndi:BPMNEdge id="Flow_07xqwe0_di" bpmnElement="Flow_07xqwe0">
        <di:waypoint x="1990" y="350"/>
        <di:waypoint x="2080" y="350"/>
        <di:waypoint x="2080" y="275"/>
      </bpmndi:BPMNEdge>
      <bpmndi:BPMNEdge id="Flow_12aixet_di" bpmnElement="Flow_12aixet">
        <di:waypoint x="1990" y="250"/>
        <di:waypoint x="2055" y="250"/>
      </bpmndi:BPMNEdge>
      <bpmndi:BPMNEdge id="Flow_0hp4le2_di" bpmnElement="Flow_0hp4le2">
        <di:waypoint x="1990" y="150"/>
        <di:waypoint x="2080" y="150"/>
        <di:waypoint x="2080" y="225"/>
      </bpmndi:BPMNEdge>
      <bpmndi:BPMNEdge id="Flow_1gnx9vh_di" bpmnElement="Flow_1gnx9vh">
        <di:waypoint x="1750" y="275"/>
        <di:waypoint x="1750" y="350"/>
        <di:waypoint x="1890" y="350"/>
      </bpmndi:BPMNEdge>
      <bpmndi:BPMNEdge id="Flow_1ud7vsg_di" bpmnElement="Flow_1ud7vsg">
        <di:waypoint x="1775" y="250"/>
        <di:waypoint x="1890" y="250"/>
      </bpmndi:BPMNEdge>
      <bpmndi:BPMNEdge id="Flow_1cm46z9_di" bpmnElement="Flow_1cm46z9">
        <di:waypoint x="1750" y="275"/>
        <di:waypoint x="1750" y="450"/>
        <di:waypoint x="1890" y="450"/>
      </bpmndi:BPMNEdge>
      <bpmndi:BPMNEdge id="Flow_0zfatp6_di" bpmnElement="Flow_0zfatp6">
        <di:waypoint x="1620" y="250"/>
        <di:waypoint x="1725" y="250"/>
      </bpmndi:BPMNEdge>
      <bpmndi:BPMNEdge id="Flow_0t8ixiw_di" bpmnElement="Flow_0t8ixiw">
        <di:waypoint x="1750" y="225"/>
        <di:waypoint x="1750" y="150"/>
        <di:waypoint x="1890" y="150"/>
      </bpmndi:BPMNEdge>
      <bpmndi:BPMNEdge id="Flow_0m4tbo9_di" bpmnElement="Flow_0m4tbo9">
        <di:waypoint x="240" y="275"/>
        <di:waypoint x="240" y="385"/>
        <di:waypoint x="1000" y="385"/>
        <di:waypoint x="1000" y="275"/>
      </bpmndi:BPMNEdge>
      <bpmndi:BPMNEdge id="Flow_10v6rpa_di" bpmnElement="Flow_10v6rpa">
        <di:waypoint x="240" y="225"/>
        <di:waypoint x="240" y="150"/>
        <di:waypoint x="510" y="150"/>
        <di:waypoint x="510" y="225"/>
      </bpmndi:BPMNEdge>
      <bpmndi:BPMNEdge id="Flow_1nrcrtw_di" bpmnElement="Flow_1nrcrtw">
        <di:waypoint x="535" y="250"/>
        <di:waypoint x="590" y="250"/>
      </bpmndi:BPMNEdge>
      <bpmndi:BPMNEdge id="Flow_1bo2swn_di" bpmnElement="Flow_1bo2swn">
        <di:waypoint x="265" y="250"/>
        <di:waypoint x="330" y="250"/>
      </bpmndi:BPMNEdge>
      <bpmndi:BPMNEdge id="Flow_0j56yrq_di" bpmnElement="Flow_0j56yrq">
        <di:waypoint x="690" y="250"/>
        <di:waypoint x="735" y="250"/>
      </bpmndi:BPMNEdge>
      <bpmndi:BPMNEdge id="Flow_0cv328a_di" bpmnElement="Flow_0cv328a">
        <di:waypoint x="785" y="250"/>
        <di:waypoint x="830" y="250"/>
      </bpmndi:BPMNEdge>
      <bpmndi:BPMNEdge id="Flow_0b35o1m_di" bpmnElement="Flow_0b35o1m">
        <di:waypoint x="760" y="225"/>
        <di:waypoint x="760" y="160"/>
        <di:waypoint x="1250" y="160"/>
        <di:waypoint x="1250" y="225"/>
      </bpmndi:BPMNEdge>
      <bpmndi:BPMNEdge id="Flow_0vk9zu6_di" bpmnElement="Flow_0vk9zu6">
        <di:waypoint x="1430" y="250"/>
        <di:waypoint x="1520" y="250"/>
      </bpmndi:BPMNEdge>
      <bpmndi:BPMNEdge id="Flow_1pe3fc8_di" bpmnElement="Flow_1pe3fc8">
        <di:waypoint x="1275" y="250"/>
        <di:waypoint x="1330" y="250"/>
      </bpmndi:BPMNEdge>
      <bpmndi:BPMNEdge id="Flow_0limue6_di" bpmnElement="Flow_0limue6">
        <di:waypoint x="1170" y="250"/>
        <di:waypoint x="1225" y="250"/>
      </bpmndi:BPMNEdge>
      <bpmndi:BPMNEdge id="Flow_02ljs27_di" bpmnElement="Flow_02ljs27">
        <di:waypoint x="1025" y="250"/>
        <di:waypoint x="1070" y="250"/>
      </bpmndi:BPMNEdge>
      <bpmndi:BPMNEdge id="Flow_15pt40h_di" bpmnElement="Flow_15pt40h">
        <di:waypoint x="930" y="250"/>
        <di:waypoint x="975" y="250"/>
      </bpmndi:BPMNEdge>
      <bpmndi:BPMNEdge id="Flow_1m3tdun_di" bpmnElement="Flow_1m3tdun">
        <di:waypoint x="430" y="250"/>
        <di:waypoint x="485" y="250"/>
      </bpmndi:BPMNEdge>
      <bpmndi:BPMNEdge id="Flow_11ti96j_di" bpmnElement="Flow_11ti96j">
        <di:waypoint x="170" y="250"/>
        <di:waypoint x="215" y="250"/>
      </bpmndi:BPMNEdge>
      <bpmndi:BPMNEdge id="Flow_1qle6o2_di" bpmnElement="Flow_1qle6o2">
        <di:waypoint x="38" y="250"/>
        <di:waypoint x="70" y="250"/>
      </bpmndi:BPMNEdge>
      <bpmndi:BPMNShape id="Activity_1xwj9vn_di" bpmnElement="Activity_1euv9sw">
        <dc:Bounds x="70" y="210" width="100" height="80"/>
      </bpmndi:BPMNShape>
      <bpmndi:BPMNShape id="Activity_1xhd9ec_di" bpmnElement="Activity_1xhd9ec">
        <dc:Bounds x="330" y="210" width="100" height="80"/>
      </bpmndi:BPMNShape>
      <bpmndi:BPMNShape id="Activity_0ebyvyw_di" bpmnElement="Activity_0ebyvyw">
        <dc:Bounds x="590" y="210" width="100" height="80"/>
      </bpmndi:BPMNShape>
      <bpmndi:BPMNShape id="Activity_0ubfn65_di" bpmnElement="Activity_0ubfn65">
        <dc:Bounds x="830" y="210" width="100" height="80"/>
      </bpmndi:BPMNShape>
      <bpmndi:BPMNShape id="Gateway_01przn4_di" bpmnElement="Gateway_1povinj">
        <dc:Bounds x="735" y="225" width="50" height="50"/>
      </bpmndi:BPMNShape>
      <bpmndi:BPMNShape id="_BPMNShape_StartEvent_2" bpmnElement="StartEvent_1">
        <dc:Bounds x="2" y="232" width="36" height="36"/>
      </bpmndi:BPMNShape>
      <bpmndi:BPMNShape id="Activity_1lo6rk8_di" bpmnElement="Activity_1lo6rk8">
        <dc:Bounds x="1330" y="210" width="100" height="80"/>
      </bpmndi:BPMNShape>
      <bpmndi:BPMNShape id="Gateway_1e20nxu_di" bpmnElement="Gateway_1yxa2lz">
        <dc:Bounds x="1225" y="225" width="50" height="50"/>
      </bpmndi:BPMNShape>
      <bpmndi:BPMNShape id="Activity_0nxztlg_di" bpmnElement="Activity_0nxztlg">
        <dc:Bounds x="1070" y="210" width="100" height="80"/>
      </bpmndi:BPMNShape>
      <bpmndi:BPMNShape id="Gateway_0g04uex_di" bpmnElement="Gateway_15818du">
        <dc:Bounds x="975" y="225" width="50" height="50"/>
      </bpmndi:BPMNShape>
      <bpmndi:BPMNShape id="Gateway_15q9i0b_di" bpmnElement="Gateway_1c6n07u">
        <dc:Bounds x="485" y="225" width="50" height="50"/>
      </bpmndi:BPMNShape>
      <bpmndi:BPMNShape id="Gateway_0ff8114_di" bpmnElement="Gateway_0mi1hph">
        <dc:Bounds x="215" y="225" width="50" height="50"/>
      </bpmndi:BPMNShape>
      <bpmndi:BPMNShape id="Activity_1n4nynd_di" bpmnElement="Activity_1n4nynd">
        <dc:Bounds x="1520" y="210" width="100" height="80"/>
      </bpmndi:BPMNShape>
      <bpmndi:BPMNShape id="Gateway_02asl2a_di" bpmnElement="Gateway_0548ym7">
        <dc:Bounds x="1725" y="225" width="50" height="50"/>
      </bpmndi:BPMNShape>
      <bpmndi:BPMNShape id="Activity_0qij6v3_di" bpmnElement="Activity_0q2qjgv">
        <dc:Bounds x="1890" y="110" width="100" height="80"/>
      </bpmndi:BPMNShape>
      <bpmndi:BPMNShape id="Activity_0dsqy09_di" bpmnElement="Activity_121am4k">
        <dc:Bounds x="1890" y="210" width="100" height="80"/>
      </bpmndi:BPMNShape>
      <bpmndi:BPMNShape id="Activity_1ihct9e_di" bpmnElement="Activity_04lcafj">
        <dc:Bounds x="1890" y="310" width="100" height="80"/>
      </bpmndi:BPMNShape>
      <bpmndi:BPMNShape id="Activity_0ubb94n_di" bpmnElement="Activity_1uh7dd5">
        <dc:Bounds x="1890" y="410" width="100" height="80"/>
      </bpmndi:BPMNShape>
      <bpmndi:BPMNShape id="Event_1y9fbfl_di" bpmnElement="Event_1y9fbfl">
        <dc:Bounds x="2212" y="232" width="36" height="36"/>
      </bpmndi:BPMNShape>
      <bpmndi:BPMNShape id="Gateway_0pey1oe_di" bpmnElement="Gateway_0iago18">
        <dc:Bounds x="2055" y="225" width="50" height="50"/>
      </bpmndi:BPMNShape>
    </bpmndi:BPMNPlane>
  </bpmndi:BPMNDiagram>
</bpmn2:definitions>