<?xml version="1.0" encoding="UTF-8"?><bpmn2:definitions xmlns:bpmn2="http://www.omg.org/spec/BPMN/20100524/MODEL" xmlns:bpmndi="http://www.omg.org/spec/BPMN/20100524/DI" xmlns:camunda="http://camunda.org/schema/1.0/bpmn" xmlns:dc="http://www.omg.org/spec/DD/20100524/DC" xmlns:di="http://www.omg.org/spec/DD/20100524/DI" xmlns:xsi="http://www.w3.org/2001/XMLSchema-instance" id="sample-diagram" targetNamespace="http://bpmn.io/schema/bpmn" xsi:schemaLocation="http://www.omg.org/spec/BPMN/20100524/MODEL BPMN20.xsd">
  <bpmn2:collaboration id="Collaboration_1r2nh25" isClosed="false">
    <bpmn2:participant id="Participant_1f4hwdb" name="Organization" processRef="NSBSiteScope197_Copy"/>
  </bpmn2:collaboration>
  <bpmn2:process id="NSBSiteScope197_Copy" name="NSB Site Scope" processType="None" isClosed="false" isExecutable="true">
    <bpmn2:extensionElements>
      <camunda:properties>
        <camunda:property name="workOrderIDPrefix" value="MT"/>
      </camunda:properties>
    </bpmn2:extensionElements>
    <bpmn2:laneSet id="LaneSet_0dgck4l">
      <bpmn2:lane id="Lane_0wiks1v" name="ATT">
        <bpmn2:flowNodeRef>Activity_0q0oc9n</bpmn2:flowNodeRef>
        <bpmn2:flowNodeRef>StartEvent_1</bpmn2:flowNodeRef>
        <bpmn2:flowNodeRef>Activity_1hsmxnt</bpmn2:flowNodeRef>
        <bpmn2:flowNodeRef>Activity_1kisc3l</bpmn2:flowNodeRef>
        <bpmn2:flowNodeRef>Activity_0cbrge9</bpmn2:flowNodeRef>
        <bpmn2:flowNodeRef>Activity_06wsjbe</bpmn2:flowNodeRef>
        <bpmn2:flowNodeRef>Gateway_0vq4mct</bpmn2:flowNodeRef>
        <bpmn2:flowNodeRef>Activity_1ijtx0w</bpmn2:flowNodeRef>
        <bpmn2:flowNodeRef>Event_0z5q8xn</bpmn2:flowNodeRef>
        <bpmn2:childLaneSet id="LaneSet_01r6515">
          <bpmn2:lane id="Lane_18zqkfq">
            <bpmn2:flowNodeRef>Activity_0q0oc9n</bpmn2:flowNodeRef>
            <bpmn2:flowNodeRef>StartEvent_1</bpmn2:flowNodeRef>
            <bpmn2:flowNodeRef>Activity_1hsmxnt</bpmn2:flowNodeRef>
            <bpmn2:flowNodeRef>Activity_1kisc3l</bpmn2:flowNodeRef>
            <bpmn2:flowNodeRef>Activity_0cbrge9</bpmn2:flowNodeRef>
            <bpmn2:flowNodeRef>Activity_06wsjbe</bpmn2:flowNodeRef>
            <bpmn2:flowNodeRef>Gateway_0vq4mct</bpmn2:flowNodeRef>
            <bpmn2:flowNodeRef>Activity_1ijtx0w</bpmn2:flowNodeRef>
            <bpmn2:flowNodeRef>Event_0z5q8xn</bpmn2:flowNodeRef>
          </bpmn2:lane>
        </bpmn2:childLaneSet>
      </bpmn2:lane>
      <bpmn2:lane id="Lane_1a9onoz" name="Site Acquisition Vendor">
        <bpmn2:flowNodeRef>Activity_04fm18r</bpmn2:flowNodeRef>
        <bpmn2:flowNodeRef>Activity_1uwsm56</bpmn2:flowNodeRef>
        <bpmn2:flowNodeRef>Activity_18nstaq</bpmn2:flowNodeRef>
        <bpmn2:flowNodeRef>Activity_0uqkaro</bpmn2:flowNodeRef>
        <bpmn2:flowNodeRef>Gateway_0fefk4d</bpmn2:flowNodeRef>
        <bpmn2:flowNodeRef>Activity_1b54xho</bpmn2:flowNodeRef>
        <bpmn2:flowNodeRef>Activity_12d0zp5</bpmn2:flowNodeRef>
        <bpmn2:flowNodeRef>Gateway_1btqe8k</bpmn2:flowNodeRef>
        <bpmn2:flowNodeRef>Activity_1p1rzbl</bpmn2:flowNodeRef>
        <bpmn2:flowNodeRef>Activity_0285cpx</bpmn2:flowNodeRef>
        <bpmn2:flowNodeRef>Activity_1ftlb38</bpmn2:flowNodeRef>
        <bpmn2:flowNodeRef>Activity_1pureyn</bpmn2:flowNodeRef>
        <bpmn2:flowNodeRef>Gateway_0dh93mn</bpmn2:flowNodeRef>
        <bpmn2:flowNodeRef>Gateway_1aap0o0</bpmn2:flowNodeRef>
        <bpmn2:flowNodeRef>Gateway_13mhaka</bpmn2:flowNodeRef>
        <bpmn2:flowNodeRef>Gateway_1wbjm7y</bpmn2:flowNodeRef>
        <bpmn2:flowNodeRef>Gateway_0hlhlza</bpmn2:flowNodeRef>
        <bpmn2:childLaneSet id="LaneSet_1qrdktw">
          <bpmn2:lane id="Lane_1s2gwcr">
            <bpmn2:flowNodeRef>Activity_04fm18r</bpmn2:flowNodeRef>
            <bpmn2:flowNodeRef>Activity_1uwsm56</bpmn2:flowNodeRef>
            <bpmn2:flowNodeRef>Activity_18nstaq</bpmn2:flowNodeRef>
            <bpmn2:flowNodeRef>Activity_0uqkaro</bpmn2:flowNodeRef>
            <bpmn2:flowNodeRef>Gateway_0fefk4d</bpmn2:flowNodeRef>
            <bpmn2:flowNodeRef>Activity_1b54xho</bpmn2:flowNodeRef>
            <bpmn2:flowNodeRef>Activity_12d0zp5</bpmn2:flowNodeRef>
            <bpmn2:flowNodeRef>Gateway_1btqe8k</bpmn2:flowNodeRef>
            <bpmn2:flowNodeRef>Activity_1p1rzbl</bpmn2:flowNodeRef>
            <bpmn2:flowNodeRef>Activity_0285cpx</bpmn2:flowNodeRef>
            <bpmn2:flowNodeRef>Activity_1ftlb38</bpmn2:flowNodeRef>
            <bpmn2:flowNodeRef>Activity_1pureyn</bpmn2:flowNodeRef>
            <bpmn2:flowNodeRef>Gateway_0dh93mn</bpmn2:flowNodeRef>
            <bpmn2:flowNodeRef>Gateway_1aap0o0</bpmn2:flowNodeRef>
            <bpmn2:flowNodeRef>Gateway_13mhaka</bpmn2:flowNodeRef>
            <bpmn2:flowNodeRef>Gateway_1wbjm7y</bpmn2:flowNodeRef>
            <bpmn2:flowNodeRef>Gateway_0hlhlza</bpmn2:flowNodeRef>
          </bpmn2:lane>
        </bpmn2:childLaneSet>
      </bpmn2:lane>
    </bpmn2:laneSet>
    <bpmn2:sequenceFlow id="Flow_1ovi8pp" sourceRef="StartEvent_1" targetRef="Activity_0q0oc9n"/>
    <bpmn2:sequenceFlow id="Flow_0drpnue" sourceRef="Activity_0q0oc9n" targetRef="Activity_1hsmxnt"/>
    <bpmn2:sequenceFlow id="Flow_0hl09uy" sourceRef="Activity_1hsmxnt" targetRef="Activity_1kisc3l"/>
    <bpmn2:sequenceFlow id="Flow_1c4mavm" sourceRef="Activity_1kisc3l" targetRef="Activity_04fm18r"/>
    <bpmn2:sequenceFlow id="Flow_01quvov" sourceRef="Activity_1ftlb38" targetRef="Activity_0285cpx"/>
    <bpmn2:sequenceFlow id="Flow_1gcb7qe" sourceRef="Activity_1pureyn" targetRef="Activity_1b54xho"/>
    <bpmn2:sequenceFlow id="Flow_1tykasi" sourceRef="Gateway_1aap0o0" targetRef="Gateway_1wbjm7y"/>
    <bpmn2:sequenceFlow id="Flow_0aas9ll" sourceRef="Activity_1uwsm56" targetRef="Gateway_0fefk4d"/>
    <bpmn2:sequenceFlow id="Flow_1josu8b" sourceRef="Activity_18nstaq" targetRef="Gateway_1btqe8k"/>
    <bpmn2:sequenceFlow id="Flow_19f7uzl" sourceRef="Activity_0cbrge9" targetRef="Gateway_0vq4mct"/>
    <bpmn2:sequenceFlow id="Flow_07yee42" sourceRef="Activity_04fm18r" targetRef="Gateway_0dh93mn"/>
    <bpmn2:sequenceFlow id="Flow_0fpj1or" sourceRef="Gateway_0dh93mn" targetRef="Gateway_1wbjm7y"/>
    <bpmn2:sequenceFlow id="Flow_12njovj" sourceRef="Activity_1b54xho" targetRef="Gateway_1aap0o0"/>
    <bpmn2:sequenceFlow id="Flow_1sh5fl0" sourceRef="Gateway_1aap0o0" targetRef="Activity_0cbrge9"/>
    <bpmn2:sequenceFlow id="Flow_1dwldkh" sourceRef="Gateway_0fefk4d" targetRef="Gateway_0hlhlza"/>
    <bpmn2:sequenceFlow id="Flow_173ju5w" sourceRef="Gateway_0fefk4d" targetRef="Gateway_1btqe8k"/>
    <bpmn2:sequenceFlow id="Flow_0weas1e" sourceRef="Gateway_1aap0o0" targetRef="Gateway_13mhaka"/>
    <bpmn2:sequenceFlow id="Flow_1na3ey1" sourceRef="Gateway_13mhaka" targetRef="Activity_0cbrge9"/>
    <bpmn2:sequenceFlow id="Flow_09e8ln9" sourceRef="Gateway_0dh93mn" targetRef="Activity_1pureyn"/>
    <bpmn2:sequenceFlow id="Flow_0xb1s4h" sourceRef="Gateway_13mhaka" targetRef="Activity_0uqkaro"/>
    <bpmn2:sequenceFlow id="Flow_1mp7utv" sourceRef="Gateway_0fefk4d" targetRef="Activity_0uqkaro"/>
    <bpmn2:sequenceFlow id="Flow_05hzsgz" sourceRef="Gateway_1btqe8k" targetRef="Activity_12d0zp5"/>
    <bpmn2:sequenceFlow id="Flow_0re1tkz" sourceRef="Activity_1p1rzbl" targetRef="Gateway_1btqe8k"/>
    <bpmn2:sequenceFlow id="Flow_0pyhc87" sourceRef="Gateway_0vq4mct" targetRef="Activity_06wsjbe"/>
    <bpmn2:sequenceFlow id="Flow_1ux55ut" sourceRef="Activity_1ijtx0w" targetRef="Gateway_0vq4mct"/>
    <bpmn2:sequenceFlow id="Flow_0ffyrom" sourceRef="Gateway_0dh93mn" targetRef="Activity_1ftlb38"/>
    <bpmn2:sequenceFlow id="Flow_047fe3b" sourceRef="Gateway_1wbjm7y" targetRef="Activity_1uwsm56"/>
    <bpmn2:userTask id="Activity_0q0oc9n" name="(SS022)   Handoff to Civil Vendor" implementation="##unspecified">
      <bpmn2:incoming>Flow_1ovi8pp</bpmn2:incoming>
      <bpmn2:outgoing>Flow_0drpnue</bpmn2:outgoing>
    </bpmn2:userTask>
    <bpmn2:startEvent id="StartEvent_1">
      <bpmn2:outgoing>Flow_1ovi8pp</bpmn2:outgoing>
    </bpmn2:startEvent>
    <bpmn2:userTask id="Activity_1hsmxnt" name="SS055   All Site Candidates Submitted To RF" implementation="##unspecified">
      <bpmn2:incoming>Flow_0drpnue</bpmn2:incoming>
      <bpmn2:outgoing>Flow_0hl09uy</bpmn2:outgoing>
    </bpmn2:userTask>
    <bpmn2:userTask id="Activity_1kisc3l" name="SS074   C&amp;E Select Primary Candidate" implementation="##unspecified">
      <bpmn2:incoming>Flow_0hl09uy</bpmn2:incoming>
      <bpmn2:outgoing>Flow_1c4mavm</bpmn2:outgoing>
    </bpmn2:userTask>
    <bpmn2:userTask id="Activity_0cbrge9" name="SS102  TARP Mount Review" implementation="##unspecified">
      <bpmn2:incoming>Flow_1sh5fl0</bpmn2:incoming>
      <bpmn2:incoming>Flow_1na3ey1</bpmn2:incoming>
      <bpmn2:outgoing>Flow_19f7uzl</bpmn2:outgoing>
    </bpmn2:userTask>
    <bpmn2:userTask id="Activity_06wsjbe" name="SS020  Construction Ready RFDS Complete" implementation="##unspecified">
      <bpmn2:incoming>Flow_0pyhc87</bpmn2:incoming>
      <bpmn2:outgoing>Flow_0whbm5v</bpmn2:outgoing>
    </bpmn2:userTask>
    <bpmn2:inclusiveGateway id="Gateway_0vq4mct">
      <bpmn2:incoming>Flow_19f7uzl</bpmn2:incoming>
      <bpmn2:incoming>Flow_1ux55ut</bpmn2:incoming>
      <bpmn2:outgoing>Flow_0pyhc87</bpmn2:outgoing>
    </bpmn2:inclusiveGateway>
    <bpmn2:userTask id="Activity_04fm18r" name="SS010  Primary Site Candidate Approved" implementation="##unspecified">
      <bpmn2:incoming>Flow_1c4mavm</bpmn2:incoming>
      <bpmn2:outgoing>Flow_07yee42</bpmn2:outgoing>
    </bpmn2:userTask>
    <bpmn2:userTask id="Activity_1uwsm56" name="SS007  Structural Analysis Ordered" implementation="##unspecified">
      <bpmn2:incoming>Flow_047fe3b</bpmn2:incoming>
      <bpmn2:outgoing>Flow_0aas9ll</bpmn2:outgoing>
    </bpmn2:userTask>
    <bpmn2:userTask id="Activity_18nstaq" name="SS103  Structural Analysis Fails" implementation="##unspecified">
      <bpmn2:incoming>Flow_16s4mky</bpmn2:incoming>
      <bpmn2:outgoing>Flow_1josu8b</bpmn2:outgoing>
    </bpmn2:userTask>
    <bpmn2:userTask id="Activity_0uqkaro" name="SS101  Mount Mod Structural Design Received" implementation="##unspecified">
      <bpmn2:incoming>Flow_0xb1s4h</bpmn2:incoming>
      <bpmn2:incoming>Flow_1mp7utv</bpmn2:incoming>
      <bpmn2:outgoing>Flow_0i2832r</bpmn2:outgoing>
    </bpmn2:userTask>
    <bpmn2:inclusiveGateway id="Gateway_0fefk4d">
      <bpmn2:incoming>Flow_0aas9ll</bpmn2:incoming>
      <bpmn2:outgoing>Flow_1dwldkh</bpmn2:outgoing>
      <bpmn2:outgoing>Flow_173ju5w</bpmn2:outgoing>
      <bpmn2:outgoing>Flow_1mp7utv</bpmn2:outgoing>
    </bpmn2:inclusiveGateway>
    <bpmn2:userTask id="Activity_1b54xho" name="SS100  Mount Structural Assessment Received" implementation="##unspecified">
      <bpmn2:incoming>Flow_1gcb7qe</bpmn2:incoming>
      <bpmn2:outgoing>Flow_12njovj</bpmn2:outgoing>
    </bpmn2:userTask>
    <bpmn2:userTask id="Activity_12d0zp5" name="SS071  Structural Analysis Passes" implementation="##unspecified">
      <bpmn2:incoming>Flow_05hzsgz</bpmn2:incoming>
    </bpmn2:userTask>
    <bpmn2:inclusiveGateway id="Gateway_1btqe8k">
      <bpmn2:incoming>Flow_1josu8b</bpmn2:incoming>
      <bpmn2:incoming>Flow_173ju5w</bpmn2:incoming>
      <bpmn2:incoming>Flow_0re1tkz</bpmn2:incoming>
      <bpmn2:outgoing>Flow_05hzsgz</bpmn2:outgoing>
    </bpmn2:inclusiveGateway>
    <bpmn2:userTask id="Activity_1p1rzbl" name="RE057 TARP Review" implementation="##unspecified">
      <bpmn2:extensionElements>
        <camunda:formData>
          <camunda:formField id="TARP_REVIEW_DONE" type="string" defaultValue="YES"/>
        </camunda:formData>
      </bpmn2:extensionElements>
      <bpmn2:outgoing>Flow_0re1tkz</bpmn2:outgoing>
    </bpmn2:userTask>
    <bpmn2:userTask id="Activity_1ijtx0w" name="RE030 Zoning Approved" implementation="##unspecified">
      <bpmn2:outgoing>Flow_1ux55ut</bpmn2:outgoing>
    </bpmn2:userTask>
    <bpmn2:userTask id="Activity_0285cpx" name="SS005  Site Audit Uploaded to File Net or DOBR" implementation="##unspecified">
      <bpmn2:incoming>Flow_01quvov</bpmn2:incoming>
    </bpmn2:userTask>
    <bpmn2:userTask id="Activity_1ftlb38" name="SS004  Site Audit Completed" implementation="##unspecified">
      <bpmn2:incoming>Flow_0ffyrom</bpmn2:incoming>
      <bpmn2:outgoing>Flow_01quvov</bpmn2:outgoing>
    </bpmn2:userTask>
    <bpmn2:userTask id="Activity_1pureyn" name="SS099  Mount Structural Assessment Ordered" implementation="##unspecified">
      <bpmn2:incoming>Flow_09e8ln9</bpmn2:incoming>
      <bpmn2:outgoing>Flow_1gcb7qe</bpmn2:outgoing>
    </bpmn2:userTask>
    <bpmn2:inclusiveGateway id="Gateway_0dh93mn">
      <bpmn2:incoming>Flow_07yee42</bpmn2:incoming>
      <bpmn2:outgoing>Flow_0fpj1or</bpmn2:outgoing>
      <bpmn2:outgoing>Flow_09e8ln9</bpmn2:outgoing>
      <bpmn2:outgoing>Flow_0ffyrom</bpmn2:outgoing>
    </bpmn2:inclusiveGateway>
    <bpmn2:inclusiveGateway id="Gateway_1aap0o0">
      <bpmn2:incoming>Flow_12njovj</bpmn2:incoming>
      <bpmn2:outgoing>Flow_1sh5fl0</bpmn2:outgoing>
      <bpmn2:outgoing>Flow_0weas1e</bpmn2:outgoing>
      <bpmn2:outgoing>Flow_1tykasi</bpmn2:outgoing>
    </bpmn2:inclusiveGateway>
    <bpmn2:inclusiveGateway id="Gateway_13mhaka">
      <bpmn2:incoming>Flow_0weas1e</bpmn2:incoming>
      <bpmn2:outgoing>Flow_1na3ey1</bpmn2:outgoing>
      <bpmn2:outgoing>Flow_0xb1s4h</bpmn2:outgoing>
    </bpmn2:inclusiveGateway>
    <bpmn2:inclusiveGateway id="Gateway_1wbjm7y">
      <bpmn2:incoming>Flow_1tykasi</bpmn2:incoming>
      <bpmn2:incoming>Flow_0fpj1or</bpmn2:incoming>
      <bpmn2:outgoing>Flow_047fe3b</bpmn2:outgoing>
    </bpmn2:inclusiveGateway>
    <bpmn2:sequenceFlow id="Flow_0whbm5v" sourceRef="Activity_06wsjbe" targetRef="Event_0z5q8xn"/>
    <bpmn2:endEvent id="Event_0z5q8xn">
      <bpmn2:incoming>Flow_0whbm5v</bpmn2:incoming>
    </bpmn2:endEvent>
    <bpmn2:sequenceFlow id="Flow_16s4mky" sourceRef="Gateway_0hlhlza" targetRef="Activity_18nstaq"/>
    <bpmn2:inclusiveGateway id="Gateway_0hlhlza">
      <bpmn2:incoming>Flow_1dwldkh</bpmn2:incoming>
      <bpmn2:incoming>Flow_0i2832r</bpmn2:incoming>
      <bpmn2:outgoing>Flow_16s4mky</bpmn2:outgoing>
    </bpmn2:inclusiveGateway>
    <bpmn2:sequenceFlow id="Flow_0i2832r" sourceRef="Activity_0uqkaro" targetRef="Gateway_0hlhlza"/>
  </bpmn2:process>
  <bpmndi:BPMNDiagram id="BPMNDiagram_1">
    <bpmndi:BPMNPlane id="BPMNPlane_1" bpmnElement="Collaboration_1r2nh25">
      <bpmndi:BPMNShape id="Participant_1f4hwdb_di" bpmnElement="Participant_1f4hwdb" isHorizontal="true">
        <dc:Bounds x="-100" y="-340" width="2390" height="860"/>
      </bpmndi:BPMNShape>
      <bpmndi:BPMNShape id="Lane_1a9onoz_di" bpmnElement="Lane_1a9onoz" isHorizontal="true">
        <dc:Bounds x="-70" y="110" width="2360" height="410"/>
      </bpmndi:BPMNShape>
      <bpmndi:BPMNShape id="Lane_1s2gwcr_di" bpmnElement="Lane_1s2gwcr" isHorizontal="true">
        <dc:Bounds x="-40" y="110" width="2330" height="410"/>
      </bpmndi:BPMNShape>
      <bpmndi:BPMNShape id="Lane_0wiks1v_di" bpmnElement="Lane_0wiks1v" isHorizontal="true">
        <dc:Bounds x="-70" y="-340" width="2360" height="450"/>
      </bpmndi:BPMNShape>
      <bpmndi:BPMNShape id="Lane_18zqkfq_di" bpmnElement="Lane_18zqkfq" isHorizontal="true">
        <dc:Bounds x="-40" y="-340" width="2330" height="450"/>
      </bpmndi:BPMNShape>
      <bpmndi:BPMNEdge id="Flow_0i2832r_di" bpmnElement="Flow_0i2832r">
        <di:waypoint x="1430" y="260"/>
        <di:waypoint x="1450" y="260"/>
        <di:waypoint x="1450" y="325"/>
      </bpmndi:BPMNEdge>
      <bpmndi:BPMNEdge id="Flow_16s4mky_di" bpmnElement="Flow_16s4mky">
        <di:waypoint x="1475" y="350"/>
        <di:waypoint x="1520" y="350"/>
        <di:waypoint x="1520" y="300"/>
      </bpmndi:BPMNEdge>
      <bpmndi:BPMNEdge id="Flow_0whbm5v_di" bpmnElement="Flow_0whbm5v">
        <di:waypoint x="1870" y="-110"/>
        <di:waypoint x="2032" y="-110"/>
      </bpmndi:BPMNEdge>
      <bpmndi:BPMNEdge id="Flow_047fe3b_di" bpmnElement="Flow_047fe3b">
        <di:waypoint x="1095" y="150"/>
        <di:waypoint x="1150" y="150"/>
        <di:waypoint x="1150" y="220"/>
      </bpmndi:BPMNEdge>
      <bpmndi:BPMNEdge id="Flow_0ffyrom_di" bpmnElement="Flow_0ffyrom">
        <di:waypoint x="385" y="360"/>
        <di:waypoint x="470" y="360"/>
        <di:waypoint x="470" y="260"/>
        <di:waypoint x="590" y="260"/>
      </bpmndi:BPMNEdge>
      <bpmndi:BPMNEdge id="Flow_1ux55ut_di" bpmnElement="Flow_1ux55ut">
        <di:waypoint x="1710" y="10"/>
        <di:waypoint x="1710" y="-85"/>
      </bpmndi:BPMNEdge>
      <bpmndi:BPMNEdge id="Flow_0pyhc87_di" bpmnElement="Flow_0pyhc87">
        <di:waypoint x="1735" y="-110"/>
        <di:waypoint x="1770" y="-110"/>
      </bpmndi:BPMNEdge>
      <bpmndi:BPMNEdge id="Flow_0re1tkz_di" bpmnElement="Flow_0re1tkz">
        <di:waypoint x="1700" y="370"/>
        <di:waypoint x="1650" y="370"/>
        <di:waypoint x="1650" y="285"/>
      </bpmndi:BPMNEdge>
      <bpmndi:BPMNEdge id="Flow_05hzsgz_di" bpmnElement="Flow_05hzsgz">
        <di:waypoint x="1675" y="260"/>
        <di:waypoint x="1700" y="260"/>
      </bpmndi:BPMNEdge>
      <bpmndi:BPMNEdge id="Flow_1mp7utv_di" bpmnElement="Flow_1mp7utv">
        <di:waypoint x="1285" y="260"/>
        <di:waypoint x="1330" y="260"/>
      </bpmndi:BPMNEdge>
      <bpmndi:BPMNEdge id="Flow_0xb1s4h_di" bpmnElement="Flow_0xb1s4h">
        <di:waypoint x="1380" y="175"/>
        <di:waypoint x="1380" y="220"/>
      </bpmndi:BPMNEdge>
      <bpmndi:BPMNEdge id="Flow_09e8ln9_di" bpmnElement="Flow_09e8ln9">
        <di:waypoint x="360" y="385"/>
        <di:waypoint x="360" y="420"/>
        <di:waypoint x="540" y="420"/>
        <di:waypoint x="540" y="400"/>
      </bpmndi:BPMNEdge>
      <bpmndi:BPMNEdge id="Flow_1na3ey1_di" bpmnElement="Flow_1na3ey1">
        <di:waypoint x="1405" y="150"/>
        <di:waypoint x="1590" y="150"/>
        <di:waypoint x="1590" y="-70"/>
      </bpmndi:BPMNEdge>
      <bpmndi:BPMNEdge id="Flow_0weas1e_di" bpmnElement="Flow_0weas1e">
        <di:waypoint x="990" y="125"/>
        <di:waypoint x="990" y="80"/>
        <di:waypoint x="1380" y="80"/>
        <di:waypoint x="1380" y="125"/>
      </bpmndi:BPMNEdge>
      <bpmndi:BPMNEdge id="Flow_173ju5w_di" bpmnElement="Flow_173ju5w">
        <di:waypoint x="1260" y="235"/>
        <di:waypoint x="1260" y="200"/>
        <di:waypoint x="1650" y="200"/>
        <di:waypoint x="1650" y="235"/>
      </bpmndi:BPMNEdge>
      <bpmndi:BPMNEdge id="Flow_1dwldkh_di" bpmnElement="Flow_1dwldkh">
        <di:waypoint x="1260" y="285"/>
        <di:waypoint x="1260" y="350"/>
        <di:waypoint x="1425" y="350"/>
      </bpmndi:BPMNEdge>
      <bpmndi:BPMNEdge id="Flow_1sh5fl0_di" bpmnElement="Flow_1sh5fl0">
        <di:waypoint x="965" y="150"/>
        <di:waypoint x="930" y="150"/>
        <di:waypoint x="930" y="-110"/>
        <di:waypoint x="1540" y="-110"/>
      </bpmndi:BPMNEdge>
      <bpmndi:BPMNEdge id="Flow_12njovj_di" bpmnElement="Flow_12njovj">
        <di:waypoint x="990" y="220"/>
        <di:waypoint x="990" y="175"/>
      </bpmndi:BPMNEdge>
      <bpmndi:BPMNEdge id="Flow_0fpj1or_di" bpmnElement="Flow_0fpj1or">
        <di:waypoint x="335" y="360"/>
        <di:waypoint x="290" y="360"/>
        <di:waypoint x="290" y="450"/>
        <di:waypoint x="1070" y="450"/>
        <di:waypoint x="1070" y="175"/>
      </bpmndi:BPMNEdge>
      <bpmndi:BPMNEdge id="Flow_07yee42_di" bpmnElement="Flow_07yee42">
        <di:waypoint x="360" y="300"/>
        <di:waypoint x="360" y="335"/>
      </bpmndi:BPMNEdge>
      <bpmndi:BPMNEdge id="Flow_19f7uzl_di" bpmnElement="Flow_19f7uzl">
        <di:waypoint x="1640" y="-110"/>
        <di:waypoint x="1685" y="-110"/>
      </bpmndi:BPMNEdge>
      <bpmndi:BPMNEdge id="Flow_1josu8b_di" bpmnElement="Flow_1josu8b">
        <di:waypoint x="1570" y="260"/>
        <di:waypoint x="1625" y="260"/>
      </bpmndi:BPMNEdge>
      <bpmndi:BPMNEdge id="Flow_0aas9ll_di" bpmnElement="Flow_0aas9ll">
        <di:waypoint x="1200" y="260"/>
        <di:waypoint x="1235" y="260"/>
      </bpmndi:BPMNEdge>
      <bpmndi:BPMNEdge id="Flow_1tykasi_di" bpmnElement="Flow_1tykasi">
        <di:waypoint x="1015" y="150"/>
        <di:waypoint x="1045" y="150"/>
      </bpmndi:BPMNEdge>
      <bpmndi:BPMNEdge id="Flow_1gcb7qe_di" bpmnElement="Flow_1gcb7qe">
        <di:waypoint x="600" y="360"/>
        <di:waypoint x="900" y="360"/>
        <di:waypoint x="900" y="260"/>
        <di:waypoint x="940" y="260"/>
      </bpmndi:BPMNEdge>
      <bpmndi:BPMNEdge id="Flow_01quvov_di" bpmnElement="Flow_01quvov">
        <di:waypoint x="690" y="260"/>
        <di:waypoint x="750" y="260"/>
      </bpmndi:BPMNEdge>
      <bpmndi:BPMNEdge id="Flow_1c4mavm_di" bpmnElement="Flow_1c4mavm">
        <di:waypoint x="360" y="40"/>
        <di:waypoint x="360" y="220"/>
      </bpmndi:BPMNEdge>
      <bpmndi:BPMNEdge id="Flow_0hl09uy_di" bpmnElement="Flow_0hl09uy">
        <di:waypoint x="270" y="0"/>
        <di:waypoint x="310" y="0"/>
      </bpmndi:BPMNEdge>
      <bpmndi:BPMNEdge id="Flow_0drpnue_di" bpmnElement="Flow_0drpnue">
        <di:waypoint x="110" y="0"/>
        <di:waypoint x="170" y="0"/>
      </bpmndi:BPMNEdge>
      <bpmndi:BPMNEdge id="Flow_1ovi8pp_di" bpmnElement="Flow_1ovi8pp">
        <di:waypoint x="-10" y="-52"/>
        <di:waypoint x="-10" y="0"/>
        <di:waypoint x="10" y="0"/>
      </bpmndi:BPMNEdge>
      <bpmndi:BPMNShape id="Activity_0q0oc9n_di" bpmnElement="Activity_0q0oc9n">
        <dc:Bounds x="10" y="-40" width="100" height="80"/>
      </bpmndi:BPMNShape>
      <bpmndi:BPMNShape id="_BPMNShape_StartEvent_2" bpmnElement="StartEvent_1">
        <dc:Bounds x="-28" y="-88" width="36" height="36"/>
      </bpmndi:BPMNShape>
      <bpmndi:BPMNShape id="Activity_1hsmxnt_di" bpmnElement="Activity_1hsmxnt">
        <dc:Bounds x="170" y="-40" width="100" height="80"/>
      </bpmndi:BPMNShape>
      <bpmndi:BPMNShape id="Activity_1kisc3l_di" bpmnElement="Activity_1kisc3l">
        <dc:Bounds x="310" y="-40" width="100" height="80"/>
      </bpmndi:BPMNShape>
      <bpmndi:BPMNShape id="Activity_0cbrge9_di" bpmnElement="Activity_0cbrge9">
        <dc:Bounds x="1540" y="-150" width="100" height="80"/>
      </bpmndi:BPMNShape>
      <bpmndi:BPMNShape id="Activity_06wsjbe_di" bpmnElement="Activity_06wsjbe">
        <dc:Bounds x="1770" y="-150" width="100" height="80"/>
      </bpmndi:BPMNShape>
      <bpmndi:BPMNShape id="Gateway_0yzzyai_di" bpmnElement="Gateway_0vq4mct">
        <dc:Bounds x="1685" y="-135" width="50" height="50"/>
      </bpmndi:BPMNShape>
      <bpmndi:BPMNShape id="Activity_04fm18r_di" bpmnElement="Activity_04fm18r">
        <dc:Bounds x="310" y="220" width="100" height="80"/>
      </bpmndi:BPMNShape>
      <bpmndi:BPMNShape id="Activity_1uwsm56_di" bpmnElement="Activity_1uwsm56">
        <dc:Bounds x="1100" y="220" width="100" height="80"/>
      </bpmndi:BPMNShape>
      <bpmndi:BPMNShape id="Activity_18nstaq_di" bpmnElement="Activity_18nstaq">
        <dc:Bounds x="1470" y="220" width="100" height="80"/>
      </bpmndi:BPMNShape>
      <bpmndi:BPMNShape id="Activity_0uqkaro_di" bpmnElement="Activity_0uqkaro">
        <dc:Bounds x="1330" y="220" width="100" height="80"/>
      </bpmndi:BPMNShape>
      <bpmndi:BPMNShape id="Gateway_0sxpwho_di" bpmnElement="Gateway_0fefk4d">
        <dc:Bounds x="1235" y="235" width="50" height="50"/>
      </bpmndi:BPMNShape>
      <bpmndi:BPMNShape id="Activity_1b54xho_di" bpmnElement="Activity_1b54xho">
        <dc:Bounds x="940" y="220" width="100" height="80"/>
      </bpmndi:BPMNShape>
      <bpmndi:BPMNShape id="Activity_12d0zp5_di" bpmnElement="Activity_12d0zp5">
        <dc:Bounds x="1700" y="220" width="100" height="80"/>
      </bpmndi:BPMNShape>
      <bpmndi:BPMNShape id="Gateway_0ld0pkf_di" bpmnElement="Gateway_1btqe8k">
        <dc:Bounds x="1625" y="235" width="50" height="50"/>
      </bpmndi:BPMNShape>
      <bpmndi:BPMNShape id="Activity_1p1rzbl_di" bpmnElement="Activity_1p1rzbl">
        <dc:Bounds x="1700" y="330" width="100" height="80"/>
      </bpmndi:BPMNShape>
      <bpmndi:BPMNShape id="Activity_16s7ovo_di" bpmnElement="Activity_1ijtx0w">
        <dc:Bounds x="1660" y="10" width="100" height="80"/>
      </bpmndi:BPMNShape>
      <bpmndi:BPMNShape id="Activity_0285cpx_di" bpmnElement="Activity_0285cpx">
        <dc:Bounds x="750" y="220" width="100" height="80"/>
      </bpmndi:BPMNShape>
      <bpmndi:BPMNShape id="Activity_1ftlb38_di" bpmnElement="Activity_1ftlb38">
        <dc:Bounds x="590" y="220" width="100" height="80"/>
      </bpmndi:BPMNShape>
      <bpmndi:BPMNShape id="Activity_1pureyn_di" bpmnElement="Activity_1pureyn">
        <dc:Bounds x="500" y="320" width="100" height="80"/>
      </bpmndi:BPMNShape>
      <bpmndi:BPMNShape id="Gateway_13d471c_di" bpmnElement="Gateway_0dh93mn">
        <dc:Bounds x="335" y="335" width="50" height="50"/>
      </bpmndi:BPMNShape>
      <bpmndi:BPMNShape id="Gateway_0b1csk6_di" bpmnElement="Gateway_1aap0o0">
        <dc:Bounds x="965" y="125" width="50" height="50"/>
      </bpmndi:BPMNShape>
      <bpmndi:BPMNShape id="Gateway_1ua5bpe_di" bpmnElement="Gateway_13mhaka">
        <dc:Bounds x="1355" y="125" width="50" height="50"/>
      </bpmndi:BPMNShape>
      <bpmndi:BPMNShape id="Gateway_1ktqpg1_di" bpmnElement="Gateway_1wbjm7y">
        <dc:Bounds x="1045" y="125" width="50" height="50"/>
      </bpmndi:BPMNShape>
      <bpmndi:BPMNShape id="Event_0z5q8xn_di" bpmnElement="Event_0z5q8xn">
        <dc:Bounds x="2032" y="-128" width="36" height="36"/>
      </bpmndi:BPMNShape>
      <bpmndi:BPMNShape id="Gateway_1a64m2m_di" bpmnElement="Gateway_0hlhlza">
        <dc:Bounds x="1425" y="325" width="50" height="50"/>
      </bpmndi:BPMNShape>
    </bpmndi:BPMNPlane>
  </bpmndi:BPMNDiagram>
</bpmn2:definitions>