<?xml version="1.0" encoding="UTF-8"?><bpmn2:definitions xmlns:bpmn2="http://www.omg.org/spec/BPMN/20100524/MODEL" xmlns:bpmndi="http://www.omg.org/spec/BPMN/20100524/DI" xmlns:camunda="http://camunda.org/schema/1.0/bpmn" xmlns:dc="http://www.omg.org/spec/DD/20100524/DC" xmlns:di="http://www.omg.org/spec/DD/20100524/DI" xmlns:xsi="http://www.w3.org/2001/XMLSchema-instance" expressionLanguage="http://www.w3.org/1999/XPath" id="sample-diagram" targetNamespace="http://bpmn.io/schema/bpmn" typeLanguage="http://www.w3.org/2001/XMLSchema" xsi:schemaLocation="http://www.omg.org/spec/BPMN/20100524/MODEL BPMN20.xsd">
  <bpmn2:collaboration id="Collaboration_1t12m74" isClosed="false">
    <bpmn2:participant id="Participant_147nz75" processRef="NSBClosing358_Copy"/>
  </bpmn2:collaboration>
  <bpmn2:process id="NSBClosing358_Copy" isClosed="false" isExecutable="true" name="NSB Closing" processType="None">
    <bpmn2:extensionElements>
      <camunda:properties>
        <camunda:property name="workOrderIDPrefix" value="MT"/>
      </camunda:properties>
    </bpmn2:extensionElements>
    <bpmn2:laneSet id="LaneSet_0dqbdeu">
      <bpmn2:lane id="Lane_1wfyvbd">
        <bpmn2:flowNodeRef>Activity_0ve1w39</bpmn2:flowNodeRef>
        <bpmn2:flowNodeRef>Activity_0tgylze</bpmn2:flowNodeRef>
        <bpmn2:flowNodeRef>Gateway_19kp1sg</bpmn2:flowNodeRef>
        <bpmn2:flowNodeRef>Gateway_0z2q1jw</bpmn2:flowNodeRef>
        <bpmn2:flowNodeRef>StartEvent_1</bpmn2:flowNodeRef>
        <bpmn2:flowNodeRef>Activity_0qn4hlk</bpmn2:flowNodeRef>
        <bpmn2:flowNodeRef>Event_1t52pxz</bpmn2:flowNodeRef>
        <bpmn2:flowNodeRef>Activity_1wy4uz1</bpmn2:flowNodeRef>
        <bpmn2:flowNodeRef>Activity_00v8m98</bpmn2:flowNodeRef>
        <bpmn2:flowNodeRef>Activity_09xuknz</bpmn2:flowNodeRef>
        <bpmn2:childLaneSet id="LaneSet_1q22cy4"/>
      </bpmn2:lane>
    </bpmn2:laneSet>
    <bpmn2:sequenceFlow id="Flow_0azlkvd" sourceRef="Activity_0tgylze" targetRef="Activity_0ve1w39"/>
    <bpmn2:sequenceFlow id="Flow_10y9qbr" sourceRef="Activity_0ve1w39" targetRef="Gateway_0z2q1jw"/>
    <bpmn2:sequenceFlow id="Flow_1oblsi5" sourceRef="StartEvent_1" targetRef="Gateway_19kp1sg"/>
    <bpmn2:sequenceFlow id="Flow_0eb6g90" sourceRef="Activity_0qn4hlk" targetRef="Event_1t52pxz"/>
    <bpmn2:sequenceFlow id="Flow_0d4fdgu" sourceRef="Gateway_19kp1sg" targetRef="Activity_0tgylze"/>
    <bpmn2:sequenceFlow id="Flow_10uz2lc" sourceRef="Activity_09xuknz" targetRef="Gateway_19kp1sg"/>
    <bpmn2:sequenceFlow id="Flow_1koq804" sourceRef="Gateway_0z2q1jw" targetRef="Activity_0qn4hlk"/>
    <bpmn2:sequenceFlow id="Flow_1vwuflh" sourceRef="Activity_00v8m98" targetRef="Gateway_0z2q1jw"/>
    <bpmn2:sequenceFlow id="Flow_05nzdip" sourceRef="Activity_1wy4uz1" targetRef="Gateway_0z2q1jw"/>
    <bpmn2:userTask completionQuantity="1" id="Activity_0ve1w39" implementation="##unspecified" isForCompensation="false" name="(CL100)        Final Civil Acceptance" startQuantity="1">
      <bpmn2:incoming>Flow_0azlkvd</bpmn2:incoming>
      <bpmn2:outgoing>Flow_10y9qbr</bpmn2:outgoing>
    </bpmn2:userTask>
    <bpmn2:userTask completionQuantity="1" id="Activity_0tgylze" implementation="##unspecified" isForCompensation="false" name="(CL001) Turnover Package Completed and Submitted t" startQuantity="1">
      <bpmn2:incoming>Flow_0d4fdgu</bpmn2:incoming>
      <bpmn2:outgoing>Flow_0azlkvd</bpmn2:outgoing>
    </bpmn2:userTask>
    <bpmn2:inclusiveGateway gatewayDirection="Unspecified" id="Gateway_19kp1sg">
      <bpmn2:incoming>Flow_1oblsi5</bpmn2:incoming>
      <bpmn2:incoming>Flow_10uz2lc</bpmn2:incoming>
      <bpmn2:outgoing>Flow_0d4fdgu</bpmn2:outgoing>
    </bpmn2:inclusiveGateway>
    <bpmn2:inclusiveGateway gatewayDirection="Unspecified" id="Gateway_0z2q1jw">
      <bpmn2:incoming>Flow_10y9qbr</bpmn2:incoming>
      <bpmn2:incoming>Flow_1vwuflh</bpmn2:incoming>
      <bpmn2:incoming>Flow_05nzdip</bpmn2:incoming>
      <bpmn2:outgoing>Flow_1koq804</bpmn2:outgoing>
    </bpmn2:inclusiveGateway>
    <bpmn2:startEvent id="StartEvent_1" isInterrupting="true" parallelMultiple="false">
      <bpmn2:outgoing>Flow_1oblsi5</bpmn2:outgoing>
    </bpmn2:startEvent>
    <bpmn2:userTask completionQuantity="1" id="Activity_0qn4hlk" implementation="##unspecified" isForCompensation="false" name="(CL101)        Ready for PTN Closure" startQuantity="1">
      <bpmn2:incoming>Flow_1koq804</bpmn2:incoming>
      <bpmn2:outgoing>Flow_0eb6g90</bpmn2:outgoing>
    </bpmn2:userTask>
    <bpmn2:endEvent id="Event_1t52pxz">
      <bpmn2:incoming>Flow_0eb6g90</bpmn2:incoming>
    </bpmn2:endEvent>
    <bpmn2:userTask completionQuantity="1" id="Activity_1wy4uz1" implementation="##unspecified" isForCompensation="false" name="(RE060)" startQuantity="1">
      <bpmn2:outgoing>Flow_05nzdip</bpmn2:outgoing>
    </bpmn2:userTask>
    <bpmn2:userTask completionQuantity="1" id="Activity_00v8m98" implementation="##unspecified" isForCompensation="false" name="C1140" startQuantity="1">
      <bpmn2:outgoing>Flow_1vwuflh</bpmn2:outgoing>
    </bpmn2:userTask>
    <bpmn2:userTask completionQuantity="1" id="Activity_09xuknz" implementation="##unspecified" isForCompensation="false" name="(CI050)" startQuantity="1">
      <bpmn2:outgoing>Flow_10uz2lc</bpmn2:outgoing>
    </bpmn2:userTask>
  </bpmn2:process>
  <bpmndi:BPMNDiagram id="BPMNDiagram_1">
    <bpmndi:BPMNPlane bpmnElement="Collaboration_1t12m74" id="BPMNPlane_1">
      <bpmndi:BPMNShape bpmnElement="Participant_147nz75" id="Participant_147nz75_di" isHorizontal="true">
        <dc:Bounds height="550" width="1309" x="-241" y="-270"/>
      </bpmndi:BPMNShape>
      <bpmndi:BPMNShape bpmnElement="Lane_1wfyvbd" id="Lane_1wfyvbd_di" isHorizontal="true">
        <dc:Bounds height="550" width="1279" x="-211" y="-270"/>
      </bpmndi:BPMNShape>
      <bpmndi:BPMNEdge bpmnElement="Flow_05nzdip" id="Flow_05nzdip_di">
        <di:waypoint x="460" y="-130"/>
        <di:waypoint x="460" y="-15"/>
      </bpmndi:BPMNEdge>
      <bpmndi:BPMNEdge bpmnElement="Flow_1vwuflh" id="Flow_1vwuflh_di">
        <di:waypoint x="460" y="130"/>
        <di:waypoint x="460" y="35"/>
      </bpmndi:BPMNEdge>
      <bpmndi:BPMNEdge bpmnElement="Flow_1koq804" id="Flow_1koq804_di">
        <di:waypoint x="485" y="10"/>
        <di:waypoint x="560" y="10"/>
      </bpmndi:BPMNEdge>
      <bpmndi:BPMNEdge bpmnElement="Flow_10uz2lc" id="Flow_10uz2lc_di">
        <di:waypoint x="-10" y="110"/>
        <di:waypoint x="-10" y="35"/>
      </bpmndi:BPMNEdge>
      <bpmndi:BPMNEdge bpmnElement="Flow_0d4fdgu" id="Flow_0d4fdgu_di">
        <di:waypoint x="15" y="10"/>
        <di:waypoint x="60" y="10"/>
      </bpmndi:BPMNEdge>
      <bpmndi:BPMNEdge bpmnElement="Flow_0eb6g90" id="Flow_0eb6g90_di">
        <di:waypoint x="660" y="10"/>
        <di:waypoint x="932" y="10"/>
      </bpmndi:BPMNEdge>
      <bpmndi:BPMNEdge bpmnElement="Flow_1oblsi5" id="Flow_1oblsi5_di">
        <di:waypoint x="-132" y="10"/>
        <di:waypoint x="-35" y="10"/>
      </bpmndi:BPMNEdge>
      <bpmndi:BPMNEdge bpmnElement="Flow_10y9qbr" id="Flow_10y9qbr_di">
        <di:waypoint x="370" y="10"/>
        <di:waypoint x="435" y="10"/>
      </bpmndi:BPMNEdge>
      <bpmndi:BPMNEdge bpmnElement="Flow_0azlkvd" id="Flow_0azlkvd_di">
        <di:waypoint x="160" y="10"/>
        <di:waypoint x="270" y="10"/>
      </bpmndi:BPMNEdge>
      <bpmndi:BPMNShape bpmnElement="Activity_0ve1w39" id="Activity_0ve1w39_di">
        <dc:Bounds height="80" width="100" x="270" y="-30"/>
      </bpmndi:BPMNShape>
      <bpmndi:BPMNShape bpmnElement="Activity_0tgylze" id="Activity_02d3hed_di">
        <dc:Bounds height="80" width="100" x="60" y="-30"/>
      </bpmndi:BPMNShape>
      <bpmndi:BPMNShape bpmnElement="Gateway_19kp1sg" id="Gateway_0k79r1h_di">
        <dc:Bounds height="50" width="50" x="-35" y="-15"/>
      </bpmndi:BPMNShape>
      <bpmndi:BPMNShape bpmnElement="Gateway_0z2q1jw" id="Gateway_01g1jbp_di">
        <dc:Bounds height="50" width="50" x="435" y="-15"/>
      </bpmndi:BPMNShape>
      <bpmndi:BPMNShape bpmnElement="StartEvent_1" id="_BPMNShape_StartEvent_2">
        <dc:Bounds height="36" width="36" x="-168" y="-8"/>
      </bpmndi:BPMNShape>
      <bpmndi:BPMNShape bpmnElement="Activity_0qn4hlk" id="Activity_0qn4hlk_di">
        <dc:Bounds height="80" width="100" x="560" y="-30"/>
      </bpmndi:BPMNShape>
      <bpmndi:BPMNShape bpmnElement="Event_1t52pxz" id="Event_1t52pxz_di">
        <dc:Bounds height="36" width="36" x="932" y="-8"/>
      </bpmndi:BPMNShape>
      <bpmndi:BPMNShape bpmnElement="Activity_1wy4uz1" id="Activity_0h1e54r_di">
        <dc:Bounds height="80" width="100" x="410" y="-210"/>
      </bpmndi:BPMNShape>
      <bpmndi:BPMNShape bpmnElement="Activity_00v8m98" id="Activity_1tm2yq4_di">
        <dc:Bounds height="80" width="100" x="410" y="130"/>
      </bpmndi:BPMNShape>
      <bpmndi:BPMNShape bpmnElement="Activity_09xuknz" id="Activity_1b0kkem_di">
        <dc:Bounds height="80" width="100" x="-60" y="110"/>
      </bpmndi:BPMNShape>
    </bpmndi:BPMNPlane>
  </bpmndi:BPMNDiagram>
</bpmn2:definitions>
